date,equity,pnl
2026-07-08,0.0,0.0
2026-07-09,0.0,0.0
2026-07-10,0.0,0.0
2026-07-11,0.0,0.0
2026-07-14,0.0,0.0
2026-07-15,0.0,0.0
2026-07-16,0.0,0.0
2026-07-17,0.0,0.0
2026-07-18,0.0,0.0
2026-07-21,0.0,0.0
2026-07-22,0.0,0.0
2026-07-23,0.0,0.0
2026-07-24,0.0,0.0
2026-07-25,0.0,0.0
2026-07-28,0.0,0.0
2026-07-29,0.0,0.0
2026-07-30,0.0,0.0
2026-07-31,0.0,0.0
2026-08-01,0.0,0.0
2026-08-04,0.0,0.0
2026-08-05,0.0,0.0
2026-08-06,0.0,0.0
2026-08-07,0.0,0.0
2026-08-08,0.0,0.0
2026-08-11,0.0,0.0
2026-08-12,0.0,0.0
2026-08-13,0.0,0.0
2026-08-14,0.0,0.0
2026-08-15,0.0,0.0
2026-08-18,0.0,0.0
2026-08-19,0.0,0.0
2026-08-20,0.0,0.0
2026-08-21,0.0,0.0
2026-08-22,0.0,0.0
2026-08-25,0.0,0.0
2026-08-26,0.0,0.0
2026-08-27,0.0,0.0
2026-08-28,0.0,0.0
2026-08-29,0.0,0.0
2026-09-01,0.0,0.0
2026-09-02,0.0,0.0
2026-09-03,0.0,0.0
2026-09-04,0.0,0.0
2026-09-05,0.0,0.0
2026-09-09,0.0,0.0
2026-09-10,0.0,0.0
2026-09-11,10000.0,0.0
2026-09-12,10000.0,0.0
2026-09-15,10000.0,0.0
2026-09-16,10000.0,0.0
2026-09-17,10000.0,0.0
2026-09-18,10000.0,0.0
2026-09-19,10000.0,0.0
2026-09-22,10000.0,0.0
2026-09-23,10000.0,0.0
2026-09-24,10000.0,0.0
2026-09-25,10000.0,0.0
2026-09-26,10000.0,0.0
2026-09-29,10000.0,0.0
2026-09-30,9998.79,-1.21
2026-10-01,9999.48,0.69
2026-10-02,10005.58,6.1
2026-10-03,10055.05,49.47
2026-10-06,9904.79,-150.26
2026-10-07,10029.55,124.76
