study,table,n,ratio_med,ratio_p10,ratio_p90,logcorr,close_vs_cross_bp_med,event,period,n_event,n_other,event_net_bp,other_net_bp,diff_bp,welch_t,event_hit,diff_vs_same_weekday_bp,welch_t_same_weekday,spy_event_bp,spy_other_bp,excess_vs_spy_diff_bp,welch_t_excess,sharpe_base,sharpe_skip,n_days,median_ratio,top_decile_ratio,all_gross,all_gross_t,top_gross,top_gross_t,bot_gross,bot_gross_t,top_net,top_net_t,bot_net,bot_net_t,top_minus_all,top_minus_all_t,bot_minus_all,bot_minus_all_t,top_rev_ls_gross,top_rev_ls_gross_t,top_rev_long_net,top_rev_long_net_t,top_rev_short_net,top_rev_short_net_t,top_rev_ls_post_gross,top_rev_ls_post_gross_t,top_move_ic,top_move_ic_t,all_move_ic,all_move_ic_t,top_minus_all_vs_other_t,top_rev_ls_vs_other_t
96/98,validation_16:00_bar_vs_official_cross,246.0,0.9021181218388792,0.7842189289724,0.978258719231351,0.9959103497618851,0.0002012149563634935,,,,,,,,,,,,,,,,,,,,,,,,,,,,,,,,,,,,,,,,,,,,,,,,
96,blend_event_nights,,,,,,,quarterly opex / S&P rebalance,P1 2024-01..2025-06,6.0,367.0,107.47163391113281,40.75740051269531,66.7142333984375,0.8011703491210938,0.6666666666666666,87.99609375,0.9711652994155884,37.83106994628906,4.563453674316406,33.446632385253906,0.5124437808990479,2.7955907354718814,2.6942026935785806,,,,,,,,,,,,,,,,,,,,,,,,,,,,,,,
96,blend_event_nights,,,,,,,quarterly opex / S&P rebalance,P2 2025-07..2026-09,5.0,307.0,330.18792724609375,44.411434173583984,285.7764892578125,3.607487916946411,1.0,267.2010803222656,3.2606959342956543,49.164058685302734,6.008719444274902,242.6211700439453,3.0167534351348877,2.9131766793391862,2.629131485236668,,,,,,,,,,,,,,,,,,,,,,,,,,,,,,,
96,blend_event_nights,,,,,,,quarterly opex / S&P rebalance,all 2024-01..2026-09,11.0,674.0,208.70632934570312,42.421775817871094,166.28456115722656,2.544304847717285,0.8181818181818182,165.61135864257812,2.479435920715332,42.982425689697266,5.221756935119629,128.5238800048828,2.187103033065796,2.849554567724488,2.66064709184188,,,,,,,,,,,,,,,,,,,,,,,,,,,,,,,
96,blend_event_nights,,,,,,,monthly opex (other months),P1 2024-01..2025-06,12.0,361.0,-19.545015335083008,43.87073516845703,-63.41575241088867,-2.299401044845581,0.4166666666666667,-53.81298828125,-1.5947076082229614,1.0900696516036987,5.231836795806885,-59.27398681640625,-2.3807222843170166,2.7955907354718814,2.844640743644431,,,,,,,,,,,,,,,,,,,,,,,,,,,,,,,
96,blend_event_nights,,,,,,,monthly opex (other months),P2 2025-07..2026-09,10.0,302.0,54.43834686279297,48.81080627441406,5.627540111541748,0.0818425863981247,0.6,-65.8238754272461,-0.8344155550003052,-3.2442808151245117,7.02960205078125,15.901415824890137,0.27004921436309814,2.9131766793391862,2.8339004909832406,,,,,,,,,,,,,,,,,,,,,,,,,,,,,,,
96,blend_event_nights,,,,,,,monthly opex (other months),all 2024-01..2026-09,22.0,663.0,14.083785057067871,46.1209716796875,-32.03718566894531,-0.9219174385070801,0.5,-38.85108184814453,-1.029949426651001,-0.8800896406173706,6.0507283210754395,-25.106365203857422,-0.823858380317688,2.849554567724488,2.8371076169100404,,,,,,,,,,,,,,,,,,,,,,,,,,,,,,,
96,blend_event_nights,,,,,,,Russell reconstitution,P1 2024-01..2025-06,2.0,371.0,-341.8599853515625,43.898963928222656,-385.7589416503906,-2.142296075820923,0.0,-378.4676513671875,-2.0667827129364014,33.038856506347656,4.947968006134033,-413.8498229980469,-2.2121036052703857,2.7955907354718814,2.9432140937393108,,,,,,,,,,,,,,,,,,,,,,,,,,,,,,,
96,blend_event_nights,,,,,,,Russell reconstitution,P2 2025-07..2026-09,1.0,311.0,1.4115025997161865,49.144168853759766,-47.732666015625,,1.0,-109.86094665527344,,103.43074798583984,6.389280796051025,-144.7741241455078,,2.9131766793391862,2.912898734733493,,,,,,,,,,,,,,,,,,,,,,,,,,,,,,,
96,blend_event_nights,,,,,,,Russell reconstitution,all 2024-01..2026-09,3.0,682.0,-227.43614196777344,46.29084014892578,-273.72698974609375,-1.7690012454986572,0.3333333333333333,-297.7271728515625,-1.9015498161315918,56.5028190612793,5.605223655700684,-324.6246032714844,-2.2968485355377197,2.849554567724488,2.9247403576790303,,,,,,,,,,,,,,,,,,,,,,,,,,,,,,,
96,blend_event_nights,,,,,,,month end,P1 2024-01..2025-06,17.0,356.0,58.42715835571289,41.03801727294922,17.389142990112305,0.27404725551605225,0.7058823529411765,17.389142990112305,0.27404725551605225,5.080209255218506,5.0994672775268555,17.408397674560547,0.3165625035762787,2.7955907354718814,2.6843088118103013,,,,,,,,,,,,,,,,,,,,,,,,,,,,,,,
96,blend_event_nights,,,,,,,month end,P2 2025-07..2026-09,14.0,298.0,-96.09150695800781,55.80714797973633,-151.89865112304688,-2.449587106704712,0.2857142857142857,-151.89865112304688,-2.449587106704712,-23.86867904663086,8.136438369750977,-119.89353942871094,-2.2135636806488037,2.9131766793391862,3.2377097684672966,,,,,,,,,,,,,,,,,,,,,,,,,,,,,,,
96,blend_event_nights,,,,,,,month end,all 2024-01..2026-09,31.0,654.0,-11.355464935302734,47.76768493652344,-59.12314987182617,-1.2808787822723389,0.5161290322580645,-59.12314987182617,-1.2808787822723389,-7.993483066558838,6.483285903930664,-44.64638137817383,-1.1191319227218628,2.849554567724488,2.948628691206817,,,,,,,,,,,,,,,,,,,,,,,,,,,,,,,
96,blend_event_nights,,,,,,,quarter end,P1 2024-01..2025-06,6.0,367.0,13.361861228942871,42.295982360839844,-28.934120178222656,-0.38135114312171936,0.5,-24.7469539642334,-0.3246331810951233,5.307197570800781,5.095179080963135,-29.146141052246094,-0.4145822823047638,2.7955907354718814,2.7920507856640513,,,,,,,,,,,,,,,,,,,,,,,,,,,,,,,
96,blend_event_nights,,,,,,,quarter end,P2 2025-07..2026-09,4.0,308.0,74.69074249267578,48.65742111206055,26.033315658569336,0.20840372145175934,0.5,30.157062530517578,0.23890498280525208,10.358989715576172,6.652795791625977,22.32712745666504,0.20789021253585815,2.9131766793391862,2.867761003866102,,,,,,,,,,,,,,,,,,,,,,,,,,,,,,,
96,blend_event_nights,,,,,,,quarter end,all 2024-01..2026-09,10.0,675.0,37.893409729003906,45.19868469238281,-7.3052754402160645,-0.11393363773822784,0.5,-7.3052754402160645,-0.11393363773822784,7.327914237976074,5.805913925170898,-8.82727336883545,-0.15413908660411835,2.849554567724488,2.825811948134665,,,,,,,,,,,,,,,,,,,,,,,,,,,,,,,
96,blend_event_nights,,,,,,,month end (not quarter end),P1 2024-01..2025-06,11.0,362.0,83.00823211669922,40.57929992675781,42.428932189941406,0.4737527668476105,0.8181818181818182,36.87485122680664,0.41089263558387756,4.95639705657959,5.102910041809082,42.57544708251953,0.5586124658584595,2.7955907354718814,2.6880961914543486,,,,,,,,,,,,,,,,,,,,,,,,,,,,,,,
96,blend_event_nights,,,,,,,month end (not quarter end),P2 2025-07..2026-09,10.0,302.0,-164.4044189453125,56.05725860595703,-220.461669921875,-3.6429388523101807,0.2,-228.4700469970703,-3.684062957763672,-37.559749603271484,8.165876388549805,-174.7360382080078,-3.162322759628296,2.9131766793391862,3.2824084651319927,,,,,,,,,,,,,,,,,,,,,,,,,,,,,,,
96,blend_event_nights,,,,,,,month end (not quarter end),all 2024-01..2026-09,21.0,664.0,-34.80731201171875,47.61896896362305,-82.42628479003906,-1.3638527393341064,0.5238095238095238,-82.42628479003906,-1.3638527393341064,-15.289386749267578,6.496006011962891,-60.640892028808594,-1.1666274070739746,2.849554567724488,2.972126246446429,,,,,,,,,,,,,,,,,,,,,,,,,,,,,,,
96,blend_event_nights,,,,,,,S&P add/delete close (off-cycle),P1 2024-01..2025-06,9.0,364.0,-49.40875244140625,44.086463928222656,-93.49520874023438,-2.206267833709717,0.5555555555555556,-93.49520874023438,-2.206267833709717,-20.922157287597656,5.741959095001221,-66.83110046386719,-1.8176677227020264,2.7955907354718814,2.887512102369569,,,,,,,,,,,,,,,,,,,,,,,,,,,,,,,
96,blend_event_nights,,,,,,,S&P add/delete close (off-cycle),P2 2025-07..2026-09,19.0,293.0,55.60599899291992,48.56223678588867,7.043760299682617,0.15073207020759583,0.7368421052631579,7.043760299682617,0.15073207020759583,6.749692916870117,6.697108745574951,6.991173267364502,0.1600833684206009,2.9131766793391862,2.7505412372325106,,,,,,,,,,,,,,,,,,,,,,,,,,,,,,,
96,blend_event_nights,,,,,,,S&P add/delete close (off-cycle),all 2024-01..2026-09,28.0,657.0,21.851255416870117,46.08251190185547,-24.23125457763672,-0.6944640874862671,0.6785714285714286,-24.23125457763672,-0.6944640874862671,-2.1448304653167725,6.167923927307129,-15.918500900268555,-0.5001863241195679,2.849554567724488,2.819524722879582,,,,,,,,,,,,,,,,,,,,,,,,,,,,,,,
96,blend_event_nights,,,,,,,"any index event (opex, Russell, S&P change)",P1 2024-01..2025-06,17.0,356.0,-28.445222854614258,45.18641662597656,-73.63163757324219,-1.4110616445541382,0.5294117647058824,-73.63163757324219,-1.4110616445541382,6.1626296043396,5.047778129577637,-74.74649047851562,-1.5746722221374512,2.7955907354718814,2.935296338980361,,,,,,,,,,,,,,,,,,,,,,,,,,,,,,,
96,blend_event_nights,,,,,,,"any index event (opex, Russell, S&P change)",P2 2025-07..2026-09,24.0,288.0,112.8105697631836,43.67290115356445,69.1376724243164,1.4704406261444092,0.7916666666666666,69.1376724243164,1.4704406261444092,15.586018562316895,5.959835052490234,59.51149368286133,1.3738181591033936,2.9131766793391862,2.461527576323199,,,,,,,,,,,,,,,,,,,,,,,,,,,,,,,
96,blend_event_nights,,,,,,,"any index event (opex, Russell, S&P change)",all 2024-01..2026-09,41.0,644.0,54.24109649658203,44.50956344604492,9.731534004211426,0.2694600224494934,0.6829268292682927,9.731534004211426,0.2694600224494934,11.678759574890137,5.455655097961426,3.508424758911133,0.10582754015922546,2.849554567724488,2.704695279854953,,,,,,,,,,,,,,,,,,,,,,,,,,,,,,,
96,cross_ratio_deciles,,,,,,,quarterly opex / S&P rebalance,P1 2024-01..2025-06,,,,,,,,,,,,,,,,6.0,4.776974764561058,19.620338217195062,27.439510345458984,1.1955886974829268,27.487165451049805,1.1131996953650314,22.166833877563477,0.9946920252718873,18.108707427978516,0.7329968277940002,13.116662979125977,0.5887382008224431,0.047655776143074036,0.01305771159805737,-5.272677421569824,-1.176201667210744,3.3099637031555176,0.2909762569628409,12.385197639465332,0.5690142368209749,-28.02272605895996,-1.0066405253278419,-0.40325412154197693,-0.04619169893486542,-0.09130204774291029,-3.335726585599535,-0.08540786257045731,-6.948180356477793,-0.27389854192733765,-0.05525969713926315
96,cross_ratio_deciles,,,,,,,quarterly opex / S&P rebalance,P2 2025-07..2026-09,,,,,,,,,,,,,,,,5.0,4.727060752087537,18.00788130873505,54.03562927246094,1.6450890973337657,70.62522888183594,2.728902370217161,42.25148391723633,1.7373736613739859,61.196285247802734,2.362682147197141,33.266544342041016,1.3672359382119488,16.589599609375,1.3723316338853997,-11.784150123596191,-1.1671530137673813,37.14094924926758,2.039396222334805,73.6338119506836,2.580762674784546,-55.66716766357422,-1.624680724872764,24.860231399536133,1.5760129860622272,-0.08770005435143641,-2.03007021682349,-0.05297166326885735,-3.514642759678026,1.092600703239441,1.6282570362091064
96,cross_ratio_deciles,,,,,,,quarterly opex / S&P rebalance,all 2024-01..2026-09,,,,,,,,,,,,,,,,11.0,4.754286577073094,18.887403258804145,39.528656005859375,2.091037497973281,47.095375061035156,2.5761725843170646,31.29621696472168,1.9676682353722668,37.6939697265625,2.061095544314413,22.27570152282715,1.400247634398886,7.5667219161987305,1.2441799800169515,-8.232437133789062,-1.644311761269491,18.68768882751465,1.6784018641974876,40.2254753112793,2.090576098283327,-40.588382720947266,-1.9267857319956965,11.080148696899414,1.2247169786995904,-0.08966477801951306,-3.844469588543432,-0.0706641356151846,-6.781021622605695,0.8917466402053833,1.1761245727539062
96,cross_ratio_deciles,,,,,,,Russell reconstitution,P1 2024-01..2025-06,,,,,,,,,,,,,,,,2.0,2.9451960910922637,16.414425483400557,29.020830154418945,,42.03474044799805,,27.287031173706055,,32.592247009277344,,18.385324478149414,,13.013909339904785,,-1.7337989807128906,,19.987730026245117,,45.11372375488281,,-44.218929290771484,,20.041032791137695,,-0.13108085785668783,,-0.058390222112117515,,1.085390567779541,2.8696937561035156
96,cross_ratio_deciles,,,,,,,Russell reconstitution,P2 2025-07..2026-09,,,,,,,,,,,,,,,,1.0,4.111651088516194,19.014735233430613,10.594714164733887,,13.591425895690918,,50.22052764892578,,3.932457447052002,,41.07551193237305,,2.9967119693756104,,39.62580871582031,,52.775657653808594,,54.89216613769531,,-21.80486297607422,,38.63392639160156,,-0.10868839615377017,,-0.07156953927344341,,,
96,cross_ratio_deciles,,,,,,,Russell reconstitution,all 2024-01..2026-09,,,,,,,,,,,,,,,,3.0,3.334014423566907,17.28119540007724,22.878793716430664,3.330022559738029,32.55363464355469,2.4369004128848366,34.93153381347656,2.9891710772114046,23.038986206054688,1.7135179889700867,25.948720932006836,2.2309580214738065,9.674843788146973,1.351529192690449,12.052738189697266,0.6613834532807406,30.917041778564453,2.7339751510315664,48.373207092285156,3.0066340375858727,-36.74757385253906,-2.4750963026965143,26.238662719726562,3.0752207972849557,-0.12361670395571528,-12.829079436239347,-0.06278332783255948,-2.3792722627736222,1.0520930290222168,2.225795269012451
96,cross_ratio_deciles,,,,,,,S&P add/delete close (off-cycle),P1 2024-01..2025-06,,,,,,,,,,,,,,,,8.0,1.0240044734431692,2.5217377103750427,-50.539310455322266,-3.067251736070989,-43.48615264892578,-2.4804946064577233,-44.14104080200195,-2.8049788098708515,-52.76954650878906,-3.0154883254290614,-53.34695816040039,-3.389859561788412,7.053162574768066,1.4146942050335134,6.398268222808838,2.0360820513690285,6.403514385223389,0.41634658934365393,-53.389312744140625,-2.734978963640442,40.973758697509766,1.9082948297327262,4.209364891052246,0.26256671080768296,-0.07036650669755269,-2.079565345541049,-0.029651499497894668,-1.0168898006110525,1.1820818185806274,0.1573818475008011
96,cross_ratio_deciles,,,,,,,S&P add/delete close (off-cycle),P2 2025-07..2026-09,,,,,,,,,,,,,,,,19.0,1.176715627081931,3.1073542756525065,-3.2387399673461914,-0.2941327756063725,-1.4246147871017456,-0.13674547575154328,-1.0661863088607788,-0.07341891782282071,-10.7015380859375,-1.0268160102720314,-10.216384887695312,-0.7026310697921853,1.814124584197998,0.5856658211649347,2.1725540161132812,0.4300242213633216,13.598154067993164,1.2988952807542782,-3.209453821182251,-0.24940938089288178,-2.0039613246917725,-0.18360178577571473,12.15656566619873,1.0858645995518426,-0.04563867219861318,-2.9822098178995313,-0.03749676590055684,-5.204981759563746,-0.46416327357292175,0.5961600542068481
96,cross_ratio_deciles,,,,,,,S&P add/delete close (off-cycle),all 2024-01..2026-09,,,,,,,,,,,,,,,,27.0,1.1314678778556309,2.9338382563110352,-17.25372314453125,-1.736978576821349,-13.88729190826416,-1.4511574814932642,-13.829107284545898,-1.1798889563821757,-23.166133880615234,-2.4213235125219628,-22.995813369750977,-1.9598611299917772,3.3664329051971436,1.283687322941481,3.424617052078247,0.936726663983958,11.466408729553223,1.344989409422375,-18.077560424804688,-1.5778545357928184,10.73017692565918,1.0248197791973352,9.801839828491211,1.0819752488193053,-0.05296543797607673,-3.6520345423221294,-0.03517224252199028,-3.6354214301659074,0.46399354934692383,0.6938871741294861
96,cross_ratio_deciles,,,,,,,month end,P1 2024-01..2025-06,,,,,,,,,,,,,,,,16.0,1.5258388923268937,4.78897739697827,-0.46739763021469116,-0.025882022455334663,-3.6983773708343506,-0.2264845073223114,0.9612675309181213,0.04634673893451691,-12.936908721923828,-0.792172908782959,-8.330475807189941,-0.40131741762161255,-3.2309815883636475,-0.6882064938545227,1.428663730621338,0.36908191442489624,19.196212768554688,1.5597103834152222,-7.227756977081299,-0.34856468439102173,7.6676506996154785,0.41162770986557007,24.658662796020508,1.6164190769195557,-0.06122585822049709,-3.6124026599285406,-0.04421899197853161,-6.203927108052112,-0.9022578597068787,1.2149957418441772
96,cross_ratio_deciles,,,,,,,month end,P2 2025-07..2026-09,,,,,,,,,,,,,,,,13.0,1.2220638083337216,2.9549449394004834,-27.53511619567871,-1.5299010069830734,-12.811929702758789,-0.7490560446279398,-34.50039291381836,-1.7519229112660575,-21.972639083862305,-1.2862072827452187,-43.759307861328125,-2.220963267859007,14.723190307617188,3.0206421952714826,-6.965274333953857,-1.7685192583610312,23.242752075195312,2.0945576244846795,-15.39299488067627,-0.7054604255536885,20.064117431640625,1.0036788950160285,19.192657470703125,1.7126650947044282,-0.039187194106885474,-1.8071016591138063,-0.014188988706818504,-1.2841229273233827,2.284799337387085,1.406959891319275
96,cross_ratio_deciles,,,,,,,month end,all 2024-01..2026-09,,,,,,,,,,,,,,,,29.0,1.3896638546747824,3.9668249159951245,-12.601202964782715,-0.9807234802704056,-7.7837629318237305,-0.6680630298538904,-14.93533706665039,-1.0239299883148605,-16.987409591674805,-1.4587197145805864,-24.212366104125977,-1.6589111283696736,4.817439079284668,1.2909206435109584,-2.3341362476348877,-0.8236447678766318,21.010181427001953,2.5371957416472166,-10.888033866882324,-0.7355062390618945,13.224684715270996,0.9838244761210715,22.208385467529297,2.3007484190683356,-0.05134645706611946,-3.8320649403528035,-0.030757266373970558,-4.513505885307207,0.7139549255371094,1.838330864906311
96,cross_ratio_deciles,,,,,,,quarter end,P1 2024-01..2025-06,,,,,,,,,,,,,,,,6.0,1.3780535588046898,5.304400058277622,8.548164367675781,0.5227485382089986,8.37375259399414,0.4366093552784386,13.00402545928955,0.6776199023985803,-1.1045998334884644,-0.057679378879353656,3.897122621536255,0.2024937767781088,-0.17441226541996002,-0.047607985868074285,4.455860614776611,0.9886199910969318,10.083089828491211,1.320988708178495,-2.535719871520996,-0.1157654708246802,-6.627839088439941,-0.3378115235933022,8.45901870727539,1.173616793108205,-0.09045464190532664,-4.0748406338416086,-0.036433013878838655,-6.792550791180344,-0.3319530189037323,0.7651488184928894
96,cross_ratio_deciles,,,,,,,quarter end,P2 2025-07..2026-09,,,,,,,,,,,,,,,,4.0,0.8972160826503067,2.1625409915425045,20.36722183227539,0.8925219774246216,29.7816162109375,0.9388654232025146,18.669681549072266,0.67973792552948,20.47032356262207,0.6461275815963745,9.463342666625977,0.34362080693244934,9.414395332336426,0.8970116972923279,-1.697540044784546,-0.33139413595199585,11.756782531738281,0.7496277093887329,30.303890228271484,0.7471813559532166,-37.43696212768555,-0.9773150682449341,14.898834228515625,1.5403996706008911,-0.010401392462292162,-0.3226659638478169,0.021768887642894287,1.2164984059955222,0.5766671299934387,0.29004979133605957
96,cross_ratio_deciles,,,,,,,quarter end,all 2024-01..2026-09,,,,,,,,,,,,,,,,10.0,1.1857185683429363,4.047656431583575,13.275788307189941,1.0421090883799446,16.936899185180664,1.0326705358232058,15.27028751373291,1.019830085815212,7.525369167327881,0.45926393098489027,6.123610496520996,0.4078615592474343,3.6611111164093018,0.7875188563086915,1.9945003986358643,0.5938604932373002,10.75256633758545,1.4869465031143312,10.600125312805176,0.5247788948126669,-18.951486587524414,-1.0140549556405318,11.034945487976074,1.9852741067229542,-0.05843334212811283,-2.6847763857581732,-0.013152253270145482,-1.1013184420316566,0.3300882875919342,0.7153560519218445
96,cross_ratio_deciles,,,,,,,monthly opex (other months),P1 2024-01..2025-06,,,,,,,,,,,,,,,,11.0,0.8409131152639833,2.128066058720261,-5.538044452667236,-0.2820033292044155,2.0769872665405273,0.10324194284348594,-4.11436128616333,-0.22261937039391858,-7.199038028717041,-0.357730207367174,-13.45869255065918,-0.7288516808001049,7.615031719207764,1.8356703636593814,1.4236834049224854,0.6433101749137021,-6.63143253326416,-0.8840994314913437,-9.614916801452637,-0.4389474255423958,-15.876076698303223,-0.7433362012083501,-5.033625602722168,-0.6621501186163192,-0.017396009924191092,-0.7920616938091253,-0.01735306476801376,-2.21277319529769,1.544453740119934,-1.3421486616134644
96,cross_ratio_deciles,,,,,,,monthly opex (other months),P2 2025-07..2026-09,,,,,,,,,,,,,,,,10.0,0.8526859913198377,2.194245672946391,-2.9756577014923096,-0.14666068374959354,1.1680541038513184,0.06079615876549874,-1.5817148685455322,-0.07108861967231844,-8.047372817993164,-0.419243124236024,-10.828042030334473,-0.48676824878869573,4.143712520599365,1.1983721665213052,1.393944501876831,0.3915998919284329,10.171879768371582,1.1769538872693772,-5.446287155151367,-0.2671122813661941,-3.084864616394043,-0.16121170707188415,6.959622859954834,0.857464099585897,-0.029736975467291434,-1.0551335375462572,0.005927305586734114,0.6078109703477083,0.22465413808822632,0.3340913653373718
96,cross_ratio_deciles,,,,,,,monthly opex (other months),all 2024-01..2026-09,,,,,,,,,,,,,,,,21.0,0.846519246719152,2.159580160732704,-4.317859649658203,-0.3138284061286692,1.6441622972488403,0.12084634550670147,-2.9083378314971924,-0.20793874558450665,-7.6030073165893555,-0.5589398548110414,-12.206001281738281,-0.8731385742860033,5.9620232582092285,2.2189205755569597,1.4095220565795898,0.704945502799111,1.3701452016830444,0.23407658213417187,-7.629856586456299,-0.5203933629469848,-9.785024642944336,-0.6919490271153254,0.6774446964263916,0.12158262752168089,-0.0232726601828103,-1.3471557987632614,-0.0062671741228957235,-0.9530235268980091,1.3910340070724487,-0.6588669419288635
96,cross_ratio_deciles,,,,,,,other days,P1 2024-01..2025-06,,,,,,,,,,,,,,,,311.0,0.8066672687375704,1.7352489367596025,6.401887893676758,1.2858666626132678,7.476080417633057,1.4509554570742287,6.444497108459473,1.2637128494622512,-1.7163580656051636,-0.33317419014860544,-2.8234496116638184,-0.553772405982316,1.0741909742355347,1.2600751189221875,0.04260857775807381,0.05263972469371841,3.952800750732422,1.623506289851714,0.2729588449001312,0.0485229661324341,-14.926929473876953,-2.6960105828967693,3.7069618701934814,1.5623344464429423,-0.029122625771269662,-5.718131646129554,-0.02702538704347925,-11.077384387246385,,
96,cross_ratio_deciles,,,,,,,other days,P2 2025-07..2026-09,,,,,,,,,,,,,,,,264.0,0.8091099417870922,1.7320722340143568,9.701447486877441,2.716215261389822,13.033440589904785,3.4750384728673445,8.86060619354248,2.181993857704385,3.92083740234375,1.0452629391251096,-0.36071646213531494,-0.0888438212990689,3.331993341445923,3.1785131939643074,-0.8408417701721191,-0.7517849222755846,7.135012626647949,2.5332047309963097,8.645370483398438,2.001409321731355,-19.990581512451172,-4.870650597246206,5.198953628540039,1.9431263795281437,-0.03010033675611829,-6.633738049805825,-0.02074776637840931,-8.967991830758814,,
96,cross_ratio_deciles,,,,,,,other days,all 2024-01..2026-09,,,,,,,,,,,,,,,,575.0,0.807788774276829,1.7337904158470028,7.916816234588623,2.5124747587007112,10.027633666992188,3.0615917561886996,7.553805351257324,2.2705337903838334,0.8718504905700684,0.2662124154095544,-1.6927335262298584,-0.5089020527844589,2.110816478729248,3.1618978666620006,-0.3630102276802063,-0.5382307455180588,5.4138503074646,2.93397570635757,4.116988182067871,1.1331951695274673,-17.25180435180664,-4.877739437836148,4.39198112487793,2.4740524301911857,-0.029571522640834944,-8.569277069137232,-0.024143140338125403,-14.222330279597582,,
