table,n,ratio_med,ratio_p10,ratio_p90,logcorr,close_vs_cross_bp_med,feature,period,n_days,n_names,ic_mean,ic_t,d10_minus_d1_bp,d10_d1_t,d1_bp,d2_bp,d3_bp,d4_bp,d5_bp,d6_bp,d7_bp,d8_bp,d9_bp,d10_bp,univ_auction_cost_rt_bp,variant,choice,sharpe,net_bp,base_sharpe,diff_bp,paired_t,overlap
validation_16:00_bar_vs_official_cross,246.0,0.9021181218388792,0.7842189289724,0.978258719231351,0.9959103497618851,0.0002012149563634935,,,,,,,,,,,,,,,,,,,,,,,,,,,
feature_ic,,,,,,,share_lag1,P1 2024-01..2025-06,372.0,2061.457219251337,-0.019098215420863995,-3.0223282366535305,-7.2890448570251465,-2.590360918573107,10.387575149536133,7.127921104431152,5.421100616455078,5.072456359863281,6.139265060424805,5.0093674659729,3.4487264156341553,3.4860076904296875,3.68039608001709,3.0985312461853027,9.26307201385498,,,,,,,,
feature_ic,,,,,,,share_lag1,P2 2025-07..2026-09,312.0,2404.5063694267515,-0.01087675569617224,-1.166861649275812,-7.0682902336120605,-1.5670155482913513,11.992792129516602,11.105971336364746,8.543038368225098,7.612049102783203,5.735909938812256,5.605250358581543,5.936089038848877,5.322826385498047,5.694815635681152,4.924502372741699,9.178067207336426,,,,,,,,
feature_ic,,,,,,,share_lag1,all 2024-01..2026-09,684.0,2218.0232558139537,-0.015348075897320384,-2.8083723954235373,-7.188348770141602,-2.8054899936767828,11.119779586791992,8.942469596862793,6.845142364501953,6.230867385864258,5.955278396606445,5.2811737060546875,4.583312511444092,4.323854923248291,4.599254131317139,3.9314301013946533,9.221101760864258,,,,,,,,
feature_ic,,,,,,,share_avg20,P1 2024-01..2025-06,358.0,1942.3128342245989,-0.01941741887336888,-2.2845673086853413,-6.660391807556152,-1.951020306956594,9.946891784667969,7.627767086029053,5.6281023025512695,4.746585845947266,5.2463297843933105,5.185218811035156,4.300289630889893,3.7771811485290527,3.8838002681732178,3.2865006923675537,9.26307201385498,,,,,,,,
feature_ic,,,,,,,share_avg20,P2 2025-07..2026-09,312.0,2354.3694267515925,-0.011626341213605288,-1.010012808837559,-7.815567493438721,-1.4928538218994913,13.700148582458496,10.204385757446289,7.763296127319336,7.491282939910889,5.5892720222473145,6.5617570877075195,4.838439464569092,6.0517578125,5.382877826690674,5.884580135345459,9.178067207336426,,,,,,,,
feature_ic,,,,,,,share_avg20,all 2024-01..2026-09,670.0,2130.373546511628,-0.01578933494822524,-2.2486310050194933,-7.198324203491211,-2.365922266195774,11.694677352905273,8.82762622833252,6.622401237487793,6.024713039398193,5.4060282707214355,5.826234340667725,4.550891399383545,4.836386680603027,4.581878185272217,4.496352195739746,9.221101760864258,,,,,,,,
feature_ic,,,,,,,abnormal_lag1_minus_avg20,P1 2024-01..2025-06,358.0,1925.4465240641712,-0.003958625987783189,-1.3301348183243822,-2.067084550857544,-1.6457877517761612,5.442487716674805,4.905177116394043,5.918851852416992,5.140860557556152,5.544861316680908,6.52158260345459,6.011816024780273,4.849627494812012,4.854325294494629,3.37540340423584,9.26307201385498,,,,,,,,
feature_ic,,,,,,,abnormal_lag1_minus_avg20,P2 2025-07..2026-09,312.0,2331.6560509554142,0.000684025614284423,0.18782281283663188,-0.9227008819580078,-0.5761743682449656,6.083071708679199,6.504274845123291,7.874849319458008,7.0558366775512695,8.798327445983887,7.74167537689209,8.940874099731445,8.822012901306152,5.8043718338012695,5.160370349884033,9.178067207336426,,,,,,,,
feature_ic,,,,,,,abnormal_lag1_minus_avg20,all 2024-01..2026-09,670.0,2110.8386627906975,-0.0017966747939845396,-0.772828679761551,-1.5341774225234985,-1.5300067866467386,5.740789413452148,5.649831771850586,6.8297038078308105,6.032609939575195,7.05990743637085,7.08974552154541,7.375795364379883,6.6994547843933105,5.296734809875488,4.2066121101379395,9.221101760864258,,,,,,,,
feature_ic,,,,,,,share_avg20_adv_neutral,P1 2024-01..2025-06,358.0,1942.3128342245989,-0.01877755522311965,-2.2000240939300846,-6.736617565155029,-1.9540394957239904,10.232894897460938,7.482892036437988,5.2135138511657715,4.727977752685547,5.7972331047058105,4.780785083770752,4.438607215881348,3.5621485710144043,3.9088175296783447,3.496278762817383,9.26307201385498,,,,,,,,
feature_ic,,,,,,,share_avg20_adv_neutral,P2 2025-07..2026-09,312.0,2354.3694267515925,-0.012389209490308232,-1.0713087285662164,-8.505847930908203,-1.6156079005617878,13.863153457641602,10.309915542602539,7.8477606773376465,7.404250621795654,5.660581588745117,6.049432754516602,6.075776100158691,5.522541046142578,5.382281303405762,5.357304096221924,9.178067207336426,,,,,,,,
feature_ic,,,,,,,share_avg20_adv_neutral,all 2024-01..2026-09,670.0,2130.373546511628,-0.01580268377739254,-2.240703854974608,-7.5604987144470215,-2.467210851382124,11.9234037399292,8.799357414245605,6.440207481384277,5.974242687225342,5.733598232269287,5.37155818939209,5.20098876953125,4.475048542022705,4.594967842102051,4.362905025482178,9.221101760864258,,,,,,,,
blend,,,,,,,,P1 2024-01..2025-06,,,,,,,,,,,,,,,,,,base: blend top 10,,2.7955907354718814,41.8305549621582,2.7955907354718814,0.0,,
blend,,,,,,,,P2 2025-07..2026-09,,,,,,,,,,,,,,,,,,base: blend top 10,,2.9131766793391862,48.991180419921875,2.9131766793391862,0.0,,
blend,,,,,,,,all 2024-01..2026-09,,,,,,,,,,,,,,,,,,base: blend top 10,,2.849554567724488,45.092037200927734,2.849554567724488,0.0,,
blend,,,,,,,,P1 2024-01..2025-06,,,,,,,,,,,,,,,,,,98 tilt share_lag1 sign +1 w 0.25,,1.3097348288227837,14.83291244506836,2.7955907354718814,-26.997636795043945,-3.1135821209174623,
blend,,,,,,,,P2 2025-07..2026-09,,,,,,,,,,,,,,,,,,98 tilt share_lag1 sign +1 w 0.25,,0.8359827428419634,9.136456489562988,2.9131766793391862,-39.85472869873047,-3.1758531071920397,
blend,,,,,,,,all 2024-01..2026-09,,,,,,,,,,,,,,,,,,98 tilt share_lag1 sign +1 w 0.25,,1.0986139017788668,12.238321304321289,2.849554567724488,-32.85371398925781,-4.432417747609705,
blend,,,,,,,,P1 2024-01..2025-06,,,,,,,,,,,,,,,,,,98 tilt share_lag1 sign +1 w 0.5,,0.41175532936935155,3.7226715087890625,2.7955907354718814,-38.10788345336914,-3.9583971737543298,
blend,,,,,,,,P2 2025-07..2026-09,,,,,,,,,,,,,,,,,,98 tilt share_lag1 sign +1 w 0.5,,0.1854499632620837,1.7191699743270874,2.9131766793391862,-47.27201461791992,-3.763361102391676,
blend,,,,,,,,all 2024-01..2026-09,,,,,,,,,,,,,,,,,,98 tilt share_lag1 sign +1 w 0.5,,0.30746634414413965,2.810126781463623,2.849554567724488,-42.28190994262695,-5.451615184988585,
blend,,,,,,,,P1 2024-01..2025-06,,,,,,,,,,,,,,,,,,98 tilt share_lag1 sign +1 w 1.0,,0.6386596956704635,5.2178850173950195,2.7955907354718814,-36.6126708984375,-3.6727948597459212,
blend,,,,,,,,P2 2025-07..2026-09,,,,,,,,,,,,,,,,,,98 tilt share_lag1 sign +1 w 1.0,,-0.42001643442205794,-3.5393564701080322,2.9131766793391862,-52.530540466308594,-4.173142792559118,
blend,,,,,,,,all 2024-01..2026-09,,,,,,,,,,,,,,,,,,98 tilt share_lag1 sign +1 w 1.0,,0.14833739500259815,1.2291842699050903,2.849554567724488,-43.86285400390625,-5.555586254464796,
blend,,,,,,,,P1 2024-01..2025-06,,,,,,,,,,,,,,,,,,98 tilt share_lag1 sign -1 w 0.25,,2.4422046307868,37.066802978515625,2.7955907354718814,-4.763748645782471,-0.623609103188962,
blend,,,,,,,,P2 2025-07..2026-09,,,,,,,,,,,,,,,,,,98 tilt share_lag1 sign -1 w 0.25,,2.560442975694532,41.33974075317383,2.9131766793391862,-7.651442050933838,-1.0393624664309833,
blend,,,,,,,,all 2024-01..2026-09,,,,,,,,,,,,,,,,,,98 tilt share_lag1 sign -1 w 0.25,,2.49844287783408,39.01301574707031,2.849554567724488,-6.079019546508789,-1.1385511098882481,
blend,,,,,,,,P1 2024-01..2025-06,,,,,,,,,,,,,,,,,,98 tilt share_lag1 sign -1 w 0.5,chosen on P1,2.706705706411368,40.4040641784668,2.7955907354718814,-1.4264870882034302,-0.17721763651237235,
blend,,,,,,,,P2 2025-07..2026-09,,,,,,,,,,,,,,,,,,98 tilt share_lag1 sign -1 w 0.5,chosen on P1,2.6473972950770297,42.04482650756836,2.9131766793391862,-6.946356773376465,-0.8492182532711027,
blend,,,,,,,,all 2024-01..2026-09,,,,,,,,,,,,,,,,,,98 tilt share_lag1 sign -1 w 0.5,chosen on P1,2.679463823373016,41.15138626098633,2.849554567724488,-3.940646171569824,-0.6854063103300686,
blend,,,,,,,,P1 2024-01..2025-06,,,,,,,,,,,,,,,,,,98 tilt share_lag1 sign -1 w 1.0,,2.1260377925643583,31.775949478149414,2.7955907354718814,-10.054603576660156,-1.1049683815802185,
blend,,,,,,,,P2 2025-07..2026-09,,,,,,,,,,,,,,,,,,98 tilt share_lag1 sign -1 w 1.0,,2.2643676294118062,35.03029251098633,2.9131766793391862,-13.960890769958496,-1.6231882617179607,
blend,,,,,,,,all 2024-01..2026-09,,,,,,,,,,,,,,,,,,98 tilt share_lag1 sign -1 w 1.0,,2.191467372036165,33.25822448730469,2.849554567724488,-11.833817481994629,-1.8746959764339364,
blend,,,,,,,,P1 2024-01..2025-06,,,,,,,,,,,,,,,,,,98 filter share_lag1: drop low 10%,,1.9618026905461925,25.158485412597656,2.7955907354718814,-16.672067642211914,-2.431258907707663,
blend,,,,,,,,P2 2025-07..2026-09,,,,,,,,,,,,,,,,,,98 filter share_lag1: drop low 10%,,1.979031944418769,29.0308837890625,2.9131766793391862,-19.960304260253906,-2.2355861622083024,
blend,,,,,,,,all 2024-01..2026-09,,,,,,,,,,,,,,,,,,98 filter share_lag1: drop low 10%,,1.9671831067409133,26.922260284423828,2.849554567724488,-18.169775009155273,-3.293337991758056,
blend,,,,,,,,P1 2024-01..2025-06,,,,,,,,,,,,,,,,,,98 filter share_lag1: drop low 20%,,2.233775745091898,28.50149154663086,2.7955907354718814,-13.329060554504395,-1.7305580502109787,
blend,,,,,,,,P2 2025-07..2026-09,,,,,,,,,,,,,,,,,,98 filter share_lag1: drop low 20%,,1.837224370045446,27.104248046875,2.9131766793391862,-21.886932373046875,-2.0333405473197046,
blend,,,,,,,,all 2024-01..2026-09,,,,,,,,,,,,,,,,,,98 filter share_lag1: drop low 20%,,2.0349701295662004,27.865083694458008,2.849554567724488,-17.226953506469727,-2.671253708075643,
blend,,,,,,,,P1 2024-01..2025-06,,,,,,,,,,,,,,,,,,98 filter share_lag1: drop high 10%,chosen on P1,2.6771598400032692,39.91804122924805,2.7955907354718814,-1.9125103950500488,-1.2333864806784618,
blend,,,,,,,,P2 2025-07..2026-09,,,,,,,,,,,,,,,,,,98 filter share_lag1: drop high 10%,chosen on P1,3.0506684244947433,51.20456314086914,2.9131766793391862,2.213379144668579,2.2522990161087715,
blend,,,,,,,,all 2024-01..2026-09,,,,,,,,,,,,,,,,,,98 filter share_lag1: drop high 10%,chosen on P1,2.8547127465089543,45.05876541137695,2.849554567724488,-0.03327309712767601,-0.03472306124783435,
blend,,,,,,,,P1 2024-01..2025-06,,,,,,,,,,,,,,,,,,98 filter share_lag1: drop high 20%,,2.540127708778658,37.975589752197266,2.7955907354718814,-3.8549633026123047,-1.6240658206936178,
blend,,,,,,,,P2 2025-07..2026-09,,,,,,,,,,,,,,,,,,98 filter share_lag1: drop high 20%,,3.0326367977689657,50.86442565917969,2.9131766793391862,1.87324059009552,1.0875053927752336,
blend,,,,,,,,all 2024-01..2026-09,,,,,,,,,,,,,,,,,,98 filter share_lag1: drop high 20%,,2.775135904881659,43.84612274169922,2.849554567724488,-1.245913028717041,-0.8224426638142412,
blend,,,,,,,,P1 2024-01..2025-06,,,,,,,,,,,,,,,,,,98 tilt share_avg20 sign +1 w 0.25,,0.4804895814971263,5.7953033447265625,2.7955907354718814,-36.03525161743164,-4.034162579474448,
blend,,,,,,,,P2 2025-07..2026-09,,,,,,,,,,,,,,,,,,98 tilt share_avg20 sign +1 w 0.25,,1.2874847126283833,16.130813598632812,2.9131766793391862,-32.86037063598633,-2.8775279938908587,
blend,,,,,,,,all 2024-01..2026-09,,,,,,,,,,,,,,,,,,98 tilt share_avg20 sign +1 w 0.25,,0.8558586207322414,10.5028657913208,2.849554567724488,-34.58917236328125,-4.860640478000065,
blend,,,,,,,,P1 2024-01..2025-06,,,,,,,,,,,,,,,,,,98 tilt share_avg20 sign +1 w 0.5,,0.6924475357642312,6.083425998687744,2.7955907354718814,-35.747127532958984,-3.667955108360464,
blend,,,,,,,,P2 2025-07..2026-09,,,,,,,,,,,,,,,,,,98 tilt share_avg20 sign +1 w 0.5,,0.7350756633908122,7.175230026245117,2.9131766793391862,-41.81595230102539,-3.3320382893984584,
blend,,,,,,,,all 2024-01..2026-09,,,,,,,,,,,,,,,,,,98 tilt share_avg20 sign +1 w 0.5,,0.7125211682846025,6.580715179443359,2.849554567724488,-38.51132583618164,-4.940700213900415,
blend,,,,,,,,P1 2024-01..2025-06,,,,,,,,,,,,,,,,,,98 tilt share_avg20 sign +1 w 1.0,,0.5709276112576637,4.552404403686523,2.7955907354718814,-37.27814865112305,-3.5407609048859645,
blend,,,,,,,,P2 2025-07..2026-09,,,,,,,,,,,,,,,,,,98 tilt share_avg20 sign +1 w 1.0,,-0.06712830150193762,-0.5954050421714783,2.9131766793391862,-49.58658981323242,-3.792140154086674,
blend,,,,,,,,all 2024-01..2026-09,,,,,,,,,,,,,,,,,,98 tilt share_avg20 sign +1 w 1.0,,0.26316853822029385,2.2077090740203857,2.849554567724488,-42.88432693481445,-5.189384947101879,
blend,,,,,,,,P1 2024-01..2025-06,,,,,,,,,,,,,,,,,,98 tilt share_avg20 sign -1 w 0.25,,2.3805730756460672,33.17452621459961,2.7955907354718814,-8.656022071838379,-1.054277259555087,
blend,,,,,,,,P2 2025-07..2026-09,,,,,,,,,,,,,,,,,,98 tilt share_avg20 sign -1 w 0.25,,2.6761802922482256,42.28119659423828,2.9131766793391862,-6.709988594055176,-0.894613561903225,
blend,,,,,,,,all 2024-01..2026-09,,,,,,,,,,,,,,,,,,98 tilt share_avg20 sign -1 w 0.25,,2.5209119197583263,37.322383880615234,2.849554567724488,-7.769652366638184,-1.3818297507376844,
blend,,,,,,,,P1 2024-01..2025-06,,,,,,,,,,,,,,,,,,98 tilt share_avg20 sign -1 w 0.5,chosen on P1,2.637901997700745,36.557044982910156,2.7955907354718814,-5.273505210876465,-0.5984149193083907,
blend,,,,,,,,P2 2025-07..2026-09,,,,,,,,,,,,,,,,,,98 tilt share_avg20 sign -1 w 0.5,chosen on P1,2.628146969961012,40.042598724365234,2.9131766793391862,-8.948580741882324,-1.0661816131169826,
blend,,,,,,,,all 2024-01..2026-09,,,,,,,,,,,,,,,,,,98 tilt share_avg20 sign -1 w 0.5,chosen on P1,2.6321626190046286,38.14462661743164,2.849554567724488,-6.947409629821777,-1.133118204987357,
blend,,,,,,,,P1 2024-01..2025-06,,,,,,,,,,,,,,,,,,98 tilt share_avg20 sign -1 w 1.0,,2.146301728433904,30.248790740966797,2.7955907354718814,-11.581757545471191,-1.2163069096878905,
blend,,,,,,,,P2 2025-07..2026-09,,,,,,,,,,,,,,,,,,98 tilt share_avg20 sign -1 w 1.0,,2.5407737230068697,37.01765060424805,2.9131766793391862,-11.973529815673828,-1.39577821665373,
blend,,,,,,,,all 2024-01..2026-09,,,,,,,,,,,,,,,,,,98 tilt share_avg20 sign -1 w 1.0,,2.3303656351708306,33.33183670043945,2.849554567724488,-11.760200500488281,-1.812668508395476,
blend,,,,,,,,P1 2024-01..2025-06,,,,,,,,,,,,,,,,,,98 filter share_avg20: drop low 10%,,1.8659097909188986,27.80811309814453,2.7955907354718814,-14.02243423461914,-2.1585810638690353,
blend,,,,,,,,P2 2025-07..2026-09,,,,,,,,,,,,,,,,,,98 filter share_avg20: drop low 10%,,2.5688967495824193,39.10001754760742,2.9131766793391862,-9.891167640686035,-1.3898321076648725,
blend,,,,,,,,all 2024-01..2026-09,,,,,,,,,,,,,,,,,,98 filter share_avg20: drop low 10%,,2.190658139273546,32.951290130615234,2.849554567724488,-12.140748023986816,-2.5319298541727444,
blend,,,,,,,,P1 2024-01..2025-06,,,,,,,,,,,,,,,,,,98 filter share_avg20: drop low 20%,,1.7858888292939954,24.99302101135254,2.7955907354718814,-16.8375301361084,-2.3634101518648625,
blend,,,,,,,,P2 2025-07..2026-09,,,,,,,,,,,,,,,,,,98 filter share_avg20: drop low 20%,,1.9237692238003223,29.997570037841797,2.9131766793391862,-18.993616104125977,-1.842967673091962,
blend,,,,,,,,all 2024-01..2026-09,,,,,,,,,,,,,,,,,,98 filter share_avg20: drop low 20%,,1.8509754132949465,27.2724666595459,2.849554567724488,-17.81957244873047,-2.9283813716634497,
blend,,,,,,,,P1 2024-01..2025-06,,,,,,,,,,,,,,,,,,98 filter share_avg20: drop high 10%,chosen on P1,2.702049010660152,40.232643127441406,2.7955907354718814,-1.5979048013687134,-1.035454549232785,
blend,,,,,,,,P2 2025-07..2026-09,,,,,,,,,,,,,,,,,,98 filter share_avg20: drop high 10%,chosen on P1,3.0571101159860117,51.26839828491211,2.9131766793391862,2.2772231101989746,2.3066267801769023,
blend,,,,,,,,all 2024-01..2026-09,,,,,,,,,,,,,,,,,,98 filter share_avg20: drop high 10%,chosen on P1,2.8706686592645547,45.259159088134766,2.849554567724488,0.16711701452732086,0.17494169256261968,
blend,,,,,,,,P1 2024-01..2025-06,,,,,,,,,,,,,,,,,,98 filter share_avg20: drop high 20%,,2.632516259162511,39.272926330566406,2.7955907354718814,-2.557622194290161,-1.156542153156352,
blend,,,,,,,,P2 2025-07..2026-09,,,,,,,,,,,,,,,,,,98 filter share_avg20: drop high 20%,,3.0760886467599513,51.51282501220703,2.9131766793391862,2.5216469764709473,1.6081491410324953,
blend,,,,,,,,all 2024-01..2026-09,,,,,,,,,,,,,,,,,,98 filter share_avg20: drop high 20%,,2.8438546926446704,44.84789276123047,2.849554567724488,-0.24414470791816711,-0.17408566537760123,
blend,,,,,,,,P1 2024-01..2025-06,,,,,,,,,,,,,,,,,,98 tilt abnormal_lag1_minus_avg20 sign +1 w 0.25,chosen on P1,1.8352464689216124,21.907245635986328,2.7955907354718814,-19.923309326171875,-2.251451222136854,
blend,,,,,,,,P2 2025-07..2026-09,,,,,,,,,,,,,,,,,,98 tilt abnormal_lag1_minus_avg20 sign +1 w 0.25,chosen on P1,2.1237245837991883,26.529775619506836,2.9131766793391862,-22.461410522460938,-2.0839839400175535,
blend,,,,,,,,all 2024-01..2026-09,,,,,,,,,,,,,,,,,,98 tilt abnormal_lag1_minus_avg20 sign +1 w 0.25,chosen on P1,1.9707056702266,24.01268768310547,2.849554567724488,-21.079347610473633,-3.066589823533647,
blend,,,,,,,,P1 2024-01..2025-06,,,,,,,,,,,,,,,,,,98 tilt abnormal_lag1_minus_avg20 sign +1 w 0.5,,1.5259443893625937,16.213674545288086,2.7955907354718814,-25.61687660217285,-2.7577575094386404,
blend,,,,,,,,P2 2025-07..2026-09,,,,,,,,,,,,,,,,,,98 tilt abnormal_lag1_minus_avg20 sign +1 w 0.5,,1.3021922401443695,14.447385787963867,2.9131766793391862,-34.54379653930664,-3.0339395341040243,
blend,,,,,,,,all 2024-01..2026-09,,,,,,,,,,,,,,,,,,98 tilt abnormal_lag1_minus_avg20 sign +1 w 0.5,,1.4223272317316327,15.409175872802734,2.849554567724488,-29.682861328125,-4.099396140713262,
blend,,,,,,,,P1 2024-01..2025-06,,,,,,,,,,,,,,,,,,98 tilt abnormal_lag1_minus_avg20 sign +1 w 1.0,,0.9438410394700535,8.889907836914062,2.7955907354718814,-32.940643310546875,-3.3037751123318415,
blend,,,,,,,,P2 2025-07..2026-09,,,,,,,,,,,,,,,,,,98 tilt abnormal_lag1_minus_avg20 sign +1 w 1.0,,0.25808975105990034,2.503659963607788,2.9131766793391862,-46.48752212524414,-3.9201803502239705,
blend,,,,,,,,all 2024-01..2026-09,,,,,,,,,,,,,,,,,,98 tilt abnormal_lag1_minus_avg20 sign +1 w 1.0,,0.6267321464457617,5.981134414672852,2.849554567724488,-39.11090087890625,-5.107856858525613,
blend,,,,,,,,P1 2024-01..2025-06,,,,,,,,,,,,,,,,,,98 tilt abnormal_lag1_minus_avg20 sign -1 w 0.25,,1.0859160911734935,11.757060050964355,2.7955907354718814,-30.073490142822266,-3.3268791190498,
blend,,,,,,,,P2 2025-07..2026-09,,,,,,,,,,,,,,,,,,98 tilt abnormal_lag1_minus_avg20 sign -1 w 0.25,,0.8673527537835123,12.350516319274902,2.9131766793391862,-36.640663146972656,-3.495844629843661,
blend,,,,,,,,all 2024-01..2026-09,,,,,,,,,,,,,,,,,,98 tilt abnormal_lag1_minus_avg20 sign -1 w 0.25,,0.9631393248148409,12.027364730834961,2.849554567724488,-33.064666748046875,-4.8247635326181495,
blend,,,,,,,,P1 2024-01..2025-06,,,,,,,,,,,,,,,,,,98 tilt abnormal_lag1_minus_avg20 sign -1 w 0.5,,0.7477857745234161,8.000114440917969,2.7955907354718814,-33.830440521240234,-3.518234491141224,
blend,,,,,,,,P2 2025-07..2026-09,,,,,,,,,,,,,,,,,,98 tilt abnormal_lag1_minus_avg20 sign -1 w 0.5,,0.71990473716627,8.525789260864258,2.9131766793391862,-40.46539306640625,-3.531962681889963,
blend,,,,,,,,all 2024-01..2026-09,,,,,,,,,,,,,,,,,,98 tilt abnormal_lag1_minus_avg20 sign -1 w 0.5,,0.7339810938787319,8.239545822143555,2.849554567724488,-36.85248947143555,-4.988192940450856,
blend,,,,,,,,P1 2024-01..2025-06,,,,,,,,,,,,,,,,,,98 tilt abnormal_lag1_minus_avg20 sign -1 w 1.0,,0.7458446567069742,7.387412071228027,2.7955907354718814,-34.443138122558594,-3.403953102372921,
blend,,,,,,,,P2 2025-07..2026-09,,,,,,,,,,,,,,,,,,98 tilt abnormal_lag1_minus_avg20 sign -1 w 1.0,,0.5664738742057543,6.083605766296387,2.9131766793391862,-42.9075813293457,-3.5876149035045475,
blend,,,,,,,,all 2024-01..2026-09,,,,,,,,,,,,,,,,,,98 tilt abnormal_lag1_minus_avg20 sign -1 w 1.0,,0.6604814223491954,6.793560981750488,2.849554567724488,-38.29847717285156,-4.945561572759725,
blend,,,,,,,,P1 2024-01..2025-06,,,,,,,,,,,,,,,,,,98 filter abnormal_lag1_minus_avg20: drop low 10%,,2.7115043313229372,40.20524215698242,2.7955907354718814,-1.6253067255020142,-0.5369892592159722,
blend,,,,,,,,P2 2025-07..2026-09,,,,,,,,,,,,,,,,,,98 filter abnormal_lag1_minus_avg20: drop low 10%,,3.06285824698035,51.39627456665039,2.9131766793391862,2.4050917625427246,0.9313571253484038,
blend,,,,,,,,all 2024-01..2026-09,,,,,,,,,,,,,,,,,,98 filter abnormal_lag1_minus_avg20: drop low 10%,,2.878296641987782,45.30247116088867,2.849554567724488,0.2104365974664688,0.103928803149185,
blend,,,,,,,,P1 2024-01..2025-06,,,,,,,,,,,,,,,,,,98 filter abnormal_lag1_minus_avg20: drop low 20%,chosen on P1,2.750783226450914,39.61822509765625,2.7955907354718814,-2.212324619293213,-0.5511142421350207,
blend,,,,,,,,P2 2025-07..2026-09,,,,,,,,,,,,,,,,,,98 filter abnormal_lag1_minus_avg20: drop low 20%,chosen on P1,3.111625816123795,50.98809814453125,2.9131766793391862,1.9969197511672974,0.5088041058747181,
blend,,,,,,,,all 2024-01..2026-09,,,,,,,,,,,,,,,,,,98 filter abnormal_lag1_minus_avg20: drop low 20%,chosen on P1,2.9220541117707297,44.79691696166992,2.849554567724488,-0.29512131214141846,-0.10454639364967797,
blend,,,,,,,,P1 2024-01..2025-06,,,,,,,,,,,,,,,,,,98 filter abnormal_lag1_minus_avg20: drop high 10%,,2.743295990145038,40.99231719970703,2.7955907354718814,-0.8382347822189331,-0.4229280651779297,
blend,,,,,,,,P2 2025-07..2026-09,,,,,,,,,,,,,,,,,,98 filter abnormal_lag1_minus_avg20: drop high 10%,,3.0591960015460145,51.42927932739258,2.9131766793391862,2.4380972385406494,1.2433230722294193,
blend,,,,,,,,all 2024-01..2026-09,,,,,,,,,,,,,,,,,,98 filter abnormal_lag1_minus_avg20: drop high 10%,,2.892974482654394,45.74608612060547,2.849554567724488,0.6540506482124329,0.46675406935962555,
blend,,,,,,,,P1 2024-01..2025-06,,,,,,,,,,,,,,,,,,98 filter abnormal_lag1_minus_avg20: drop high 20%,,2.7492383275404606,41.22875213623047,2.7955907354718814,-0.6017951369285583,-0.2099227594112709,
blend,,,,,,,,P2 2025-07..2026-09,,,,,,,,,,,,,,,,,,98 filter abnormal_lag1_minus_avg20: drop high 20%,,3.264031004352152,54.336124420166016,2.9131766793391862,5.344943523406982,1.9024320530678458,
blend,,,,,,,,all 2024-01..2026-09,,,,,,,,,,,,,,,,,,98 filter abnormal_lag1_minus_avg20: drop high 20%,,2.9942312400743676,47.19883346557617,2.849554567724488,2.1067917346954346,1.0428502004835238,
blend,,,,,,,,P1 2024-01..2025-06,,,,,,,,,,,,,,,,,,98 tilt share_avg20_adv_neutral sign +1 w 0.25,,0.8923607901121919,10.414322853088379,2.7955907354718814,-31.416227340698242,-3.6339931019979828,
blend,,,,,,,,P2 2025-07..2026-09,,,,,,,,,,,,,,,,,,98 tilt share_avg20_adv_neutral sign +1 w 0.25,,1.6083560294193602,19.90810203552246,2.9131766793391862,-29.08308219909668,-2.4850566374789036,
blend,,,,,,,,all 2024-01..2026-09,,,,,,,,,,,,,,,,,,98 tilt share_avg20_adv_neutral sign +1 w 0.25,,1.2289514710581788,14.738494873046875,2.849554567724488,-30.353540420532227,-4.271343164068416,
blend,,,,,,,,P1 2024-01..2025-06,,,,,,,,,,,,,,,,,,98 tilt share_avg20_adv_neutral sign +1 w 0.5,,0.7275739976203002,6.284214496612549,2.7955907354718814,-35.54633712768555,-3.601512346773098,
blend,,,,,,,,P2 2025-07..2026-09,,,,,,,,,,,,,,,,,,98 tilt share_avg20_adv_neutral sign +1 w 0.5,,0.3936370075814575,3.7614188194274902,2.9131766793391862,-45.229759216308594,-3.4886045953185625,
blend,,,,,,,,all 2024-01..2026-09,,,,,,,,,,,,,,,,,,98 tilt share_avg20_adv_neutral sign +1 w 0.5,,0.5667535929259521,5.135145664215088,2.849554567724488,-39.95689392089844,-5.006620084032364,
blend,,,,,,,,P1 2024-01..2025-06,,,,,,,,,,,,,,,,,,98 tilt share_avg20_adv_neutral sign +1 w 1.0,,0.5824400768254802,4.510639667510986,2.7955907354718814,-37.319915771484375,-3.571632054979205,
blend,,,,,,,,P2 2025-07..2026-09,,,,,,,,,,,,,,,,,,98 tilt share_avg20_adv_neutral sign +1 w 1.0,,0.0015419615728258366,0.012901444919407368,2.9131766793391862,-48.9782829284668,-3.6556496977091366,
blend,,,,,,,,all 2024-01..2026-09,,,,,,,,,,,,,,,,,,98 tilt share_avg20_adv_neutral sign +1 w 1.0,,0.30663520106739145,2.462034225463867,2.849554567724488,-42.6300048828125,-5.111445255065084,
blend,,,,,,,,P1 2024-01..2025-06,,,,,,,,,,,,,,,,,,98 tilt share_avg20_adv_neutral sign -1 w 0.25,,2.428029219347841,33.60032272338867,2.7955907354718814,-8.230231285095215,-1.0113083138389365,
blend,,,,,,,,P2 2025-07..2026-09,,,,,,,,,,,,,,,,,,98 tilt share_avg20_adv_neutral sign -1 w 0.25,,2.67190846107017,41.94305419921875,2.9131766793391862,-7.048133373260498,-0.9708620590706553,
blend,,,,,,,,all 2024-01..2026-09,,,,,,,,,,,,,,,,,,98 tilt share_avg20_adv_neutral sign -1 w 0.25,,2.5432189258911686,37.40021896362305,2.849554567724488,-7.691816329956055,-1.3921124119767405,
blend,,,,,,,,P1 2024-01..2025-06,,,,,,,,,,,,,,,,,,98 tilt share_avg20_adv_neutral sign -1 w 0.5,,2.506237154223522,34.55256271362305,2.7955907354718814,-7.277993679046631,-0.8448694450002644,
blend,,,,,,,,P2 2025-07..2026-09,,,,,,,,,,,,,,,,,,98 tilt share_avg20_adv_neutral sign -1 w 0.5,,2.5978883826193355,40.327327728271484,2.9131766793391862,-8.66385269165039,-1.0732628022268818,
blend,,,,,,,,all 2024-01..2026-09,,,,,,,,,,,,,,,,,,98 tilt share_avg20_adv_neutral sign -1 w 0.5,,2.5479193831334936,37.18281936645508,2.849554567724488,-7.90921688079834,-1.3279792326008453,
blend,,,,,,,,P1 2024-01..2025-06,,,,,,,,,,,,,,,,,,98 tilt share_avg20_adv_neutral sign -1 w 1.0,chosen on P1,2.580426601472379,35.08572769165039,2.7955907354718814,-6.744822978973389,-0.7833260071677913,
blend,,,,,,,,P2 2025-07..2026-09,,,,,,,,,,,,,,,,,,98 tilt share_avg20_adv_neutral sign -1 w 1.0,chosen on P1,2.509973675918442,37.871158599853516,2.9131766793391862,-11.120025634765625,-1.268536327300693,
blend,,,,,,,,all 2024-01..2026-09,,,,,,,,,,,,,,,,,,98 tilt share_avg20_adv_neutral sign -1 w 1.0,chosen on P1,2.5449201834266124,36.35441970825195,2.849554567724488,-8.737615585327148,-1.4197250472978302,
blend,,,,,,,,P1 2024-01..2025-06,,,,,,,,,,,,,,,,,,98 filter share_avg20_adv_neutral: drop low 10%,,1.8268681540373137,26.78339385986328,2.7955907354718814,-15.047155380249023,-2.3684422903467803,
blend,,,,,,,,P2 2025-07..2026-09,,,,,,,,,,,,,,,,,,98 filter share_avg20_adv_neutral: drop low 10%,,2.756761755782227,41.527008056640625,2.9131766793391862,-7.464178085327148,-1.107600653832914,
blend,,,,,,,,all 2024-01..2026-09,,,,,,,,,,,,,,,,,,98 filter share_avg20_adv_neutral: drop low 10%,,2.2570249243008904,33.49873352050781,2.849554567724488,-11.593303680419922,-2.5073231493296433,
blend,,,,,,,,P1 2024-01..2025-06,,,,,,,,,,,,,,,,,,98 filter share_avg20_adv_neutral: drop low 20%,,1.706465152885582,23.543827056884766,2.7955907354718814,-18.286724090576172,-2.5435352689501007,
blend,,,,,,,,P2 2025-07..2026-09,,,,,,,,,,,,,,,,,,98 filter share_avg20_adv_neutral: drop low 20%,,2.1055623822458847,32.31723403930664,2.9131766793391862,-16.673952102661133,-1.6644609593504605,
blend,,,,,,,,all 2024-01..2026-09,,,,,,,,,,,,,,,,,,98 filter share_avg20_adv_neutral: drop low 20%,,1.8972164068354893,27.539888381958008,2.849554567724488,-17.55215072631836,-2.9216733594388113,
blend,,,,,,,,P1 2024-01..2025-06,,,,,,,,,,,,,,,,,,98 filter share_avg20_adv_neutral: drop high 10%,,2.626488054625074,39.38569641113281,2.7955907354718814,-2.444857358932495,-1.5955518082422033,
blend,,,,,,,,P2 2025-07..2026-09,,,,,,,,,,,,,,,,,,98 filter share_avg20_adv_neutral: drop high 10%,,3.0214757251473254,50.865909576416016,2.9131766793391862,1.8747254610061646,1.430077113626043,
blend,,,,,,,,all 2024-01..2026-09,,,,,,,,,,,,,,,,,,98 filter share_avg20_adv_neutral: drop high 10%,,2.814444841681911,44.61463928222656,2.849554567724488,-0.47739794850349426,-0.4641297545770911,
blend,,,,,,,,P1 2024-01..2025-06,,,,,,,,,,,,,,,,,,98 filter share_avg20_adv_neutral: drop high 20%,chosen on P1,2.6520440557870204,39.70635986328125,2.7955907354718814,-2.124190092086792,-1.0420520452531075,
blend,,,,,,,,P2 2025-07..2026-09,,,,,,,,,,,,,,,,,,98 filter share_avg20_adv_neutral: drop high 20%,chosen on P1,3.0619394922156578,51.33043670654297,2.9131766793391862,2.339252471923828,1.5353562225639923,
blend,,,,,,,,all 2024-01..2026-09,,,,,,,,,,,,,,,,,,98 filter share_avg20_adv_neutral: drop high 20%,chosen on P1,2.847102741479372,45.000831604003906,2.849554567724488,-0.09120593219995499,-0.06957328100865155,
