variant,period,names,gross_bp,cost_bp,net_bp,sharpe
all_picks,2024-25H1,10.0,56.69751915151888,12.94100094891045,43.75651820260843,2.170199889426671
all_picks,2025H2-26,10.0,43.720227976640075,13.440522810565685,30.279705166074386,1.3969503747372012
etb,2024-25H1,8.884718498659517,34.5402246505901,8.396626752439198,26.143597898150897,1.4387416657216803
etb,2025H2-26,8.365384615384615,27.993367459529487,7.687976976847037,20.305390482682455,1.1370805071400711
blend_night + etb_day_short,2024-25H1,,,,67.97748034186387,2.8064269511048154
blend_night + etb_day_short,2025H2-26,,,,69.30016247673284,2.7084275190168863
etb_no_gapdown10,2024-25H1,8.697050938337801,32.02280106557279,8.221326314987511,23.801474750585278,1.3579179654395312
etb_no_gapdown10,2025H2-26,8.246794871794872,29.915680105869587,7.574165487595094,22.341514618274495,1.2697014487606122
etb_rose_overnight,2024-25H1,5.03485254691689,26.10709552151269,4.774926889102518,21.33216863241017,1.6953920886219718
etb_rose_overnight,2025H2-26,4.676282051282051,26.333559017914997,4.239581199181386,22.093977818733606,1.752061238771869
