strat,ticker,period,sharpe,ann_ret,maxdd,n
buy_hold,SPY,dev,0.6151400822738465,0.12010049819946289,-0.33717238903045654,1006.0
buy_hold,SPY,val,1.1471716523135884,0.20843160152435303,-0.18755239248275757,374.0
buy_hold,SPY,oos,1.610119499236759,0.2094036340713501,-0.08884990215301514,312.0
overnight_only_net,SPY,dev,-0.2408117977441775,-0.04679018259048462,-0.30151617527008057,1006.0
overnight_only_net,SPY,val,0.22357399855340476,0.01890730857849121,-0.177825927734375,374.0
overnight_only_net,SPY,oos,0.8628233211794141,0.0682593584060669,-0.08290654420852661,312.0
intraday_only_net,SPY,dev,-0.1740155587324619,-0.039455294609069824,-0.279937207698822,1006.0
intraday_only_net,SPY,val,-0.12837936082647763,-0.03049170970916748,-0.21398115158081055,374.0
intraday_only_net,SPY,oos,-0.7407373358716346,-0.0745348334312439,-0.12649071216583252,312.0
overnight_only_gross,SPY,dev,0.4266416876273839,0.05430042743682861,-0.2941356301307678,1006.0
overnight_only_gross,SPY,val,1.1260434861317867,0.1269322633743286,-0.15913885831832886,374.0
overnight_only_gross,SPY,oos,2.1189179162351985,0.18149280548095703,-0.07091706991195679,312.0
intraday_only_gross,SPY,dev,0.46065770164655795,0.06241011619567871,-0.14349108934402466,1006.0
intraday_only_gross,SPY,val,0.5320773421939561,0.07231926918029785,-0.1313043236732483,374.0
intraday_only_gross,SPY,oos,0.28712440637354897,0.023623347282409668,-0.07964301109313965,312.0
turn_of_month_net,SPY,dev,0.5797130134435955,0.04872952337923042,-0.08787633630361269,1006.0
turn_of_month_net,SPY,val,-0.38137978309418435,-0.031698955474791846,-0.10102128586660952,374.0
turn_of_month_net,SPY,oos,1.7863780214736567,0.09856988613636664,-0.026490325479047394,312.0
cc_only_mon_gross,SPY,dev,0.39227661657946417,0.036901116371154785,-0.19996482133865356,1006.0
cc_only_mon_gross,SPY,val,0.7744306680310288,0.049291253089904785,-0.06541019678115845,374.0
cc_only_mon_gross,SPY,oos,2.7895719928784684,0.1542116403579712,-0.015325784683227539,312.0
cc_only_tue_gross,SPY,dev,0.5098752453654755,0.046751976013183594,-0.09274053573608398,1006.0
cc_only_tue_gross,SPY,val,0.5991702722879617,0.033795833587646484,-0.04827380180358887,374.0
cc_only_tue_gross,SPY,oos,-0.30703739282554465,-0.01763594150543213,-0.04576385021209717,312.0
cc_only_wed_gross,SPY,dev,0.22092632485128794,0.016554832458496094,-0.12464535236358643,1006.0
cc_only_wed_gross,SPY,val,0.8865966329501639,0.09446477890014648,-0.03636574745178223,374.0
cc_only_wed_gross,SPY,oos,1.2947045307412923,0.06756675243377686,-0.06045299768447876,312.0
cc_only_thu_gross,SPY,dev,-0.040620391810497924,-0.010085105895996094,-0.1808590292930603,1006.0
cc_only_thu_gross,SPY,val,-0.15269172250510954,-0.015401959419250488,-0.14246058464050293,374.0
cc_only_thu_gross,SPY,oos,-0.0458171243207887,-0.004172861576080322,-0.11533278226852417,312.0
cc_only_fri_gross,SPY,dev,0.3073012923580779,0.025526881217956543,-0.14968478679656982,1006.0
cc_only_fri_gross,SPY,val,0.4569401334082599,0.033785343170166016,-0.07750225067138672,374.0
cc_only_fri_gross,SPY,oos,0.08463742193758712,0.003308415412902832,-0.0625687837600708,312.0
buy_hold,QQQ,dev,0.7624995114401678,0.18577611446380615,-0.3511868119239807,1006.0
buy_hold,QQQ,val,1.0221584372106574,0.2293471097946167,-0.22768312692642212,374.0
buy_hold,QQQ,oos,1.4256962751755362,0.2800266742706299,-0.11964404582977295,312.0
overnight_only_net,QQQ,dev,-0.13382578886505062,-0.035942673683166504,-0.3531841039657593,1006.0
overnight_only_net,QQQ,val,0.6079313819451653,0.07969677448272705,-0.19563192129135132,374.0
overnight_only_net,QQQ,oos,1.0625411863832874,0.13116228580474854,-0.10122901201248169,312.0
intraday_only_net,QQQ,dev,0.12928377483225859,0.005442976951599121,-0.35182785987854004,1006.0
intraday_only_net,QQQ,val,-0.28846578478176993,-0.06923902034759521,-0.2838762402534485,374.0
intraday_only_net,QQQ,oos,-0.4781788564922625,-0.07494354248046875,-0.1693229079246521,312.0
overnight_only_gross,QQQ,dev,0.46734652728829246,0.06629467010498047,-0.27431756258010864,1006.0
overnight_only_gross,QQQ,val,1.3128114981963581,0.19414067268371582,-0.17569559812545776,374.0
overnight_only_gross,QQQ,oos,1.8812390864315358,0.25103795528411865,-0.09034222364425659,312.0
intraday_only_gross,QQQ,dev,0.6191835849151827,0.1120527982711792,-0.24018675088882446,1006.0
intraday_only_gross,QQQ,val,0.2466700864649528,0.029482722282409668,-0.2041502594947815,374.0
intraday_only_gross,QQQ,oos,0.2325048318315317,0.023172974586486816,-0.1265648603439331,312.0
turn_of_month_net,QQQ,dev,0.5640869254219683,0.05969692979247099,-0.14868136062766246,1006.0
turn_of_month_net,QQQ,val,0.004189979801875021,-0.0044262397297271106,-0.12793432038981645,374.0
turn_of_month_net,QQQ,oos,1.2514608921262322,0.10245045007686815,-0.05048726625196909,312.0
cc_only_mon_gross,QQQ,dev,0.6292920754013471,0.07396519184112549,-0.18093127012252808,1006.0
cc_only_mon_gross,QQQ,val,0.7208827473554096,0.059369683265686035,-0.09900754690170288,374.0
cc_only_mon_gross,QQQ,oos,2.9276241216688237,0.2519172430038452,-0.02566969394683838,312.0
cc_only_tue_gross,QQQ,dev,0.59467951538006,0.06664657592773438,-0.11324983835220337,1006.0
cc_only_tue_gross,QQQ,val,0.6100665878883913,0.04569995403289795,-0.04657548666000366,374.0
cc_only_tue_gross,QQQ,oos,-0.4977761984053458,-0.04606503248214722,-0.07515788078308105,312.0
cc_only_wed_gross,QQQ,dev,0.36251560921912873,0.03592026233673096,-0.11862403154373169,1006.0
cc_only_wed_gross,QQQ,val,0.8856832596661356,0.1168433427810669,-0.06417214870452881,374.0
cc_only_wed_gross,QQQ,oos,1.2571911160938194,0.09218943119049072,-0.0868825912475586,312.0
cc_only_thu_gross,QQQ,dev,0.09371776871557451,0.0035941600799560547,-0.21496564149856567,1006.0
cc_only_thu_gross,QQQ,val,-0.231104197998863,-0.028572440147399902,-0.17887723445892334,374.0
cc_only_thu_gross,QQQ,oos,0.026166640286154067,-0.0015529990196228027,-0.15475237369537354,312.0
cc_only_fri_gross,QQQ,dev,0.018283227579116358,-0.004348576068878174,-0.2200862169265747,1006.0
cc_only_fri_gross,QQQ,val,0.2794250746786689,0.022861838340759277,-0.08680135011672974,374.0
cc_only_fri_gross,QQQ,oos,-0.15210015880789646,-0.017116904258728027,-0.08403390645980835,312.0
buy_hold,IWM,dev,0.3579243782931264,0.06318914890289307,-0.4107234477996826,1006.0
buy_hold,IWM,val,0.377675358522293,0.06190371513366699,-0.2750306725502014,374.0
buy_hold,IWM,oos,1.310275697198033,0.2542109489440918,-0.11028480529785156,312.0
overnight_only_net,IWM,dev,0.4399674460615985,0.06587553024291992,-0.3016793727874756,1006.0
overnight_only_net,IWM,val,0.28944633786836577,0.03440535068511963,-0.21043050289154053,374.0
overnight_only_net,IWM,oos,0.7343871295516448,0.08014893531799316,-0.12401670217514038,312.0
intraday_only_net,IWM,dev,-0.8560204791121951,-0.18465381860733032,-0.6066703200340271,1006.0
intraday_only_net,IWM,val,-0.8579904558579091,-0.16086280345916748,-0.34902864694595337,374.0
intraday_only_net,IWM,oos,-0.2519930657025929,-0.05080133676528931,-0.1474664807319641,312.0
overnight_only_gross,IWM,dev,0.9899377975013867,0.17886340618133545,-0.2882128357887268,1006.0
overnight_only_gross,IWM,val,0.9098629027955489,0.14407002925872803,-0.19214779138565063,374.0
overnight_only_gross,IWM,oos,1.6203231413975108,0.19463825225830078,-0.11764097213745117,312.0
intraday_only_gross,IWM,dev,-0.38077154315541606,-0.09812366962432861,-0.4416937232017517,1006.0
intraday_only_gross,IWM,val,-0.31208865164254446,-0.07182002067565918,-0.2733657956123352,374.0
intraday_only_gross,IWM,oos,0.38718342952300977,0.049866318702697754,-0.12039846181869507,312.0
turn_of_month_net,IWM,dev,0.3087465525240353,0.028994361230666232,-0.16054870488381034,1006.0
turn_of_month_net,IWM,val,-1.4237885142937274,-0.14386019302814612,-0.22672514012843958,374.0
turn_of_month_net,IWM,oos,1.584176151824,0.13279610877393755,-0.0367070594580593,312.0
cc_only_mon_gross,IWM,dev,0.3593750125862449,0.040825486183166504,-0.22858327627182007,1006.0
cc_only_mon_gross,IWM,val,0.9176884627374189,0.0772784948348999,-0.08149570226669312,374.0
cc_only_mon_gross,IWM,oos,1.6786171140582185,0.12296664714813232,-0.02455592155456543,312.0
cc_only_tue_gross,IWM,dev,0.6296639298014747,0.07172811031341553,-0.14709234237670898,1006.0
cc_only_tue_gross,IWM,val,-0.3566685417725939,-0.03548264503479004,-0.11491560935974121,374.0
cc_only_tue_gross,IWM,oos,0.6459233344116319,0.0491408109664917,-0.03722912073135376,312.0
cc_only_wed_gross,IWM,dev,-0.2410398749480089,-0.03958916664123535,-0.20940852165222168,1006.0
cc_only_wed_gross,IWM,val,0.1158537945630528,0.006878376007080078,-0.06757992506027222,374.0
cc_only_wed_gross,IWM,oos,1.134801698068633,0.08795595169067383,-0.0804339051246643,312.0
cc_only_thu_gross,IWM,dev,-0.2656262190432742,-0.044044315814971924,-0.21973901987075806,1006.0
cc_only_thu_gross,IWM,val,0.19222854431345462,0.015064477920532227,-0.1822240948677063,374.0
cc_only_thu_gross,IWM,oos,0.3493495802274626,0.02769649028778076,-0.11413395404815674,312.0
cc_only_fri_gross,IWM,dev,0.38200854449362665,0.03813338279724121,-0.17627352476119995,1006.0
cc_only_fri_gross,IWM,val,0.04815464215074125,-5.4001808166503906e-05,-0.10061240196228027,374.0
cc_only_fri_gross,IWM,oos,-0.45263042488553484,-0.04787522554397583,-0.10555398464202881,312.0
buy_hold,TQQQ,dev,0.6823913816559473,0.24460673332214355,-0.8165985345840454,1006.0
buy_hold,TQQQ,val,0.8439685053235829,0.41254544258117676,-0.5804007053375244,374.0
buy_hold,TQQQ,oos,1.2440577012404597,0.7037888765335083,-0.3696693181991577,312.0
overnight_only_net,TQQQ,dev,-0.04118128180714387,-0.13740867376327515,-0.7527494430541992,1006.0
overnight_only_net,TQQQ,val,0.5698299074766255,0.16284310817718506,-0.5021117925643921,374.0
overnight_only_net,TQQQ,oos,1.1479828957393121,0.42560267448425293,-0.274492084980011,312.0
intraday_only_net,TQQQ,dev,0.2481501562745572,-0.03614896535873413,-0.756269097328186,1006.0
intraday_only_net,TQQQ,val,-0.10193398127917516,-0.18841123580932617,-0.6153064966201782,374.0
intraday_only_net,TQQQ,oos,-0.3203110514304793,-0.2013314962387085,-0.409018337726593,312.0
overnight_only_gross,TQQQ,dev,0.3647357065413915,0.05541408061981201,-0.6770381331443787,1006.0
overnight_only_gross,TQQQ,val,1.040335541325798,0.4224005937576294,-0.476908802986145,374.0
overnight_only_gross,TQQQ,oos,1.6960656484835417,0.7434873580932617,-0.25668126344680786,312.0
intraday_only_gross,TQQQ,dev,0.5766746777832991,0.17925894260406494,-0.6169726848602295,1006.0
intraday_only_gross,TQQQ,val,0.2569295984483065,-0.006929457187652588,-0.5226858854293823,374.0
intraday_only_gross,TQQQ,oos,0.15817063162340106,-0.02277088165283203,-0.35344046354293823,312.0
turn_of_month_net,TQQQ,dev,0.5518774701100105,0.13804318884319833,-0.3986874584876432,1006.0
turn_of_month_net,TQQQ,val,-0.05904888307484281,-0.059548000785110466,-0.3461254665932457,374.0
turn_of_month_net,TQQQ,oos,1.1833490757837508,0.29102741411265853,-0.14853296115013215,312.0
cc_only_mon_gross,TQQQ,dev,0.6225373118371981,0.17008721828460693,-0.4777853488922119,1006.0
cc_only_mon_gross,TQQQ,val,0.6532339280500173,0.14138197898864746,-0.2757830023765564,374.0
cc_only_mon_gross,TQQQ,oos,2.903940639229148,0.9016063213348389,-0.08083480596542358,312.0
cc_only_tue_gross,TQQQ,dev,0.5328175027652023,0.13389277458190918,-0.3144935965538025,1006.0
cc_only_tue_gross,TQQQ,val,0.48600645666581255,0.08997857570648193,-0.13650554418563843,374.0
cc_only_tue_gross,TQQQ,oos,-0.5406309987284422,-0.15944373607635498,-0.2317325472831726,312.0
cc_only_wed_gross,TQQQ,dev,0.3201511741450555,0.05221092700958252,-0.32342100143432617,1006.0
cc_only_wed_gross,TQQQ,val,0.8529417990755158,0.3069741725921631,-0.18628770112991333,374.0
cc_only_wed_gross,TQQQ,oos,1.1759141996740834,0.25759875774383545,-0.24285513162612915,312.0
cc_only_thu_gross,TQQQ,dev,0.055305938786988716,-0.05648094415664673,-0.5538859963417053,1006.0
cc_only_thu_gross,TQQQ,val,-0.3134129985515229,-0.13376718759536743,-0.46218395233154297,374.0
cc_only_thu_gross,TQQQ,oos,-0.06702652646653376,-0.04972261190414429,-0.4027283191680908,312.0
cc_only_fri_gross,TQQQ,dev,0.003387443413761309,-0.055094122886657715,-0.5570921897888184,1006.0
cc_only_fri_gross,TQQQ,val,0.16214455940758857,0.0028859376907348633,-0.24813854694366455,374.0
cc_only_fri_gross,TQQQ,oos,-0.2989292755802699,-0.1080593466758728,-0.24430811405181885,312.0
buy_hold,SPXL,dev,0.5226090704952886,0.12576353549957275,-0.7685611844062805,1006.0
buy_hold,SPXL,val,0.9464179407877313,0.42665159702301025,-0.4894842505455017,374.0
buy_hold,SPXL,oos,1.3384075943461047,0.5285946130752563,-0.2676771283149719,312.0
overnight_only_net,SPXL,dev,-0.07975169539599399,-0.1340309977531433,-0.7013691663742065,1006.0
overnight_only_net,SPXL,val,0.32946237757293123,0.05516934394836426,-0.4457213878631592,374.0
overnight_only_net,SPXL,oos,1.0030920286315983,0.23740196228027344,-0.23136675357818604,312.0
intraday_only_net,SPXL,dev,-0.058335287352229453,-0.1315883994102478,-0.629396915435791,1006.0
intraday_only_net,SPXL,val,-0.02049110014362208,-0.09658420085906982,-0.4945297837257385,374.0
intraday_only_net,SPXL,oos,-0.5057924756564415,-0.17448949813842773,-0.3101757764816284,312.0
overnight_only_gross,SPXL,dev,0.3652749190764365,0.05952751636505127,-0.6949925422668457,1006.0
overnight_only_gross,SPXL,val,0.9349298988629257,0.29075396060943604,-0.4219015836715698,374.0
overnight_only_gross,SPXL,oos,1.8383295251074028,0.513447642326355,-0.20643550157546997,312.0
intraday_only_gross,SPXL,dev,0.3661694276095678,0.06251370906829834,-0.44019484519958496,1006.0
intraday_only_gross,SPXL,val,0.4379837199284753,0.10528504848480225,-0.3788958191871643,374.0
intraday_only_gross,SPXL,oos,0.18154668958803497,0.010008692741394043,-0.23603713512420654,312.0
turn_of_month_net,SPXL,dev,0.5548281352524952,0.11800140461911379,-0.2531257366939609,1006.0
turn_of_month_net,SPXL,val,-0.4684964846703666,-0.12394074836223601,-0.2960173668064451,374.0
turn_of_month_net,SPXL,oos,1.680805519019409,0.2893633628472003,-0.07990860482650963,312.0
cc_only_mon_gross,SPXL,dev,0.3662760518912837,0.06306278705596924,-0.5339556336402893,1006.0
cc_only_mon_gross,SPXL,val,0.7403095377274674,0.13217377662658691,-0.18830543756484985,374.0
cc_only_mon_gross,SPXL,oos,2.7490911943108935,0.5166093111038208,-0.04630625247955322,312.0
cc_only_tue_gross,SPXL,dev,0.48993484884438643,0.10886526107788086,-0.26951277256011963,1006.0
cc_only_tue_gross,SPXL,val,0.46325748904134284,0.06718039512634277,-0.1366221308708191,374.0
cc_only_tue_gross,SPXL,oos,-0.4201199540033912,-0.07611280679702759,-0.14605766534805298,312.0
cc_only_wed_gross,SPXL,dev,0.19081059808008022,0.013478398323059082,-0.34732890129089355,1006.0
cc_only_wed_gross,SPXL,val,0.8076186141052623,0.22156143188476562,-0.1071440577507019,374.0
cc_only_wed_gross,SPXL,oos,1.2182970855390027,0.19179916381835938,-0.17464518547058105,312.0
cc_only_thu_gross,SPXL,dev,-0.12671499008843856,-0.0898924469947815,-0.4997595548629761,1006.0
cc_only_thu_gross,SPXL,val,-0.14534127042752468,-0.05769830942153931,-0.356403112411499,374.0
cc_only_thu_gross,SPXL,oos,-0.1593499003187801,-0.04021656513214111,-0.31569260358810425,312.0
cc_only_fri_gross,SPXL,dev,0.2619890477606017,0.035385966300964355,-0.4165993928909302,1006.0
cc_only_fri_gross,SPXL,val,0.2322468460140132,0.025797724723815918,-0.24000787734985352,374.0
cc_only_fri_gross,SPXL,oos,-0.16414175402665784,-0.04627484083175659,-0.19533628225326538,312.0
buy_hold,SOXL,dev,0.6874178028698851,0.149560809135437,-0.9046051502227783,1006.0
buy_hold,SOXL,val,0.4620073592557995,-0.13139480352401733,-0.8787910342216492,374.0
buy_hold,SOXL,oos,1.7987677178531203,3.2724127769470215,-0.6941516995429993,312.0
overnight_only_net,SOXL,dev,0.2323338071933051,-0.06171196699142456,-0.8482671976089478,1006.0
overnight_only_net,SOXL,val,0.9264021444002042,0.49750423431396484,-0.6295607686042786,374.0
overnight_only_net,SOXL,oos,1.6752608442387467,2.0134787559509277,-0.444516122341156,312.0
intraday_only_net,SOXL,dev,0.19090313293577355,-0.18179988861083984,-0.8696575164794922,1006.0
intraday_only_net,SOXL,val,-0.5840017115494255,-0.6127496957778931,-0.920203685760498,374.0
intraday_only_net,SOXL,oos,0.39350595965673063,-0.05236625671386719,-0.7244696617126465,312.0
overnight_only_gross,SOXL,dev,0.5442185539421409,0.14803576469421387,-0.7937024831771851,1006.0
overnight_only_gross,SOXL,val,1.209782518660764,0.8316305875778198,-0.6106976270675659,374.0
overnight_only_gross,SOXL,oos,1.8982817034582466,2.6842453479766846,-0.43251699209213257,312.0
intraday_only_gross,SOXL,dev,0.4275347473003365,0.0013277530670166016,-0.7844492197036743,1006.0
intraday_only_gross,SOXL,val,-0.36425985946272954,-0.5257746577262878,-0.9005767107009888,374.0
intraday_only_gross,SOXL,oos,0.6207899273246394,0.15964293479919434,-0.7103535532951355,312.0
turn_of_month_net,SOXL,dev,0.42501069916024303,0.09402594670127384,-0.482789674053252,1006.0
turn_of_month_net,SOXL,val,-0.11345899353167256,-0.20092620403480466,-0.573823900236333,374.0
turn_of_month_net,SOXL,oos,1.0569093417468371,0.547019617982968,-0.38398367616314577,312.0
cc_only_mon_gross,SOXL,dev,0.6146578779515438,0.19091200828552246,-0.6217467784881592,1006.0
cc_only_mon_gross,SOXL,val,1.1355985120297205,0.4916548728942871,-0.4584035873413086,374.0
cc_only_mon_gross,SOXL,oos,2.0152322777843663,1.371760606765747,-0.3782510757446289,312.0
cc_only_tue_gross,SOXL,dev,0.5360452084202535,0.15614736080169678,-0.4544641971588135,1006.0
cc_only_tue_gross,SOXL,val,-0.4561754309197024,-0.24472886323928833,-0.5314083099365234,374.0
cc_only_tue_gross,SOXL,oos,0.21126395024154876,-0.06563079357147217,-0.4167075753211975,312.0
cc_only_wed_gross,SOXL,dev,0.14936373502769576,-0.046968698501586914,-0.5044091939926147,1006.0
cc_only_wed_gross,SOXL,val,0.9828319366768119,0.5750658512115479,-0.32977062463760376,374.0
cc_only_wed_gross,SOXL,oos,1.8905768424398277,1.312607765197754,-0.4022511839866638,312.0
cc_only_thu_gross,SOXL,dev,0.32175441185412956,0.0237424373626709,-0.6714588403701782,1006.0
cc_only_thu_gross,SOXL,val,-0.4201880800003611,-0.348821222782135,-0.7154855728149414,374.0
cc_only_thu_gross,SOXL,oos,0.4835911476109128,0.12485265731811523,-0.5633621215820312,312.0
cc_only_fri_gross,SOXL,dev,-0.1040226684616664,-0.1442614197731018,-0.6981543302536011,1006.0
cc_only_fri_gross,SOXL,val,-0.3471807252458026,-0.24828684329986572,-0.46700966358184814,374.0
cc_only_fri_gross,SOXL,oos,-0.19154787571525678,-0.258884072303772,-0.5448725819587708,312.0
buy_hold,TNA,dev,0.26911128957576735,-0.13581794500350952,-0.8516397476196289,1006.0
buy_hold,TNA,val,0.1953339099891381,-0.09291189908981323,-0.6578273773193359,374.0
buy_hold,TNA,oos,1.138956674237997,0.6131478548049927,-0.3253234624862671,312.0
overnight_only_net,TNA,dev,0.42362350489530537,0.0863196849822998,-0.6848529577255249,1006.0
overnight_only_net,TNA,val,0.2357956959629404,-0.0045909881591796875,-0.5246220827102661,374.0
overnight_only_net,TNA,oos,0.8563358575339318,0.2618459463119507,-0.3321208953857422,312.0
intraday_only_net,TNA,dev,-0.6623907243788579,-0.46875709295272827,-0.9439709186553955,1006.0
intraday_only_net,TNA,val,-0.6233574258354438,-0.39138954877853394,-0.7099407911300659,374.0
intraday_only_net,TNA,oos,-0.10102183509101241,-0.14572924375534058,-0.38283878564834595,312.0
overnight_only_gross,TNA,dev,0.803562988348146,0.32892143726348877,-0.6629307270050049,1006.0
overnight_only_gross,TNA,val,0.6509176441530397,0.21777057647705078,-0.5021353960037231,374.0
overnight_only_gross,TNA,oos,1.4518972260969916,0.5433546304702759,-0.3222125172615051,312.0
intraday_only_gross,TNA,dev,-0.34795444614975757,-0.3497115969657898,-0.8836766481399536,1006.0
intraday_only_gross,TNA,val,-0.2596586892218889,-0.2551237940788269,-0.6370323896408081,374.0
intraday_only_gross,TNA,oos,0.32820639320952333,0.04522228240966797,-0.342853307723999,312.0
turn_of_month_net,TNA,dev,0.27837553724060177,0.037247187159441975,-0.4268130204030903,1006.0
turn_of_month_net,TNA,val,-1.47344165703497,-0.4061966670027658,-0.5724195241963967,374.0
turn_of_month_net,TNA,oos,1.5271736893737526,0.40253565095386246,-0.11064996758313284,312.0
cc_only_mon_gross,TNA,dev,0.3851007669376898,0.068992018699646,-0.5791574120521545,1006.0
cc_only_mon_gross,TNA,val,0.8758314835487615,0.20964813232421875,-0.23365747928619385,374.0
cc_only_mon_gross,TNA,oos,1.7429110236985923,0.40938055515289307,-0.07330411672592163,312.0
cc_only_tue_gross,TNA,dev,0.573706406805945,0.153303861618042,-0.4043790102005005,1006.0
cc_only_tue_gross,TNA,val,-0.45069696533003706,-0.14613670110702515,-0.3481433391571045,374.0
cc_only_tue_gross,TNA,oos,0.5895789953169873,0.11833930015563965,-0.11433565616607666,312.0
cc_only_wed_gross,TNA,dev,-0.2510093783470392,-0.1642007827758789,-0.6044580936431885,1006.0
cc_only_wed_gross,TNA,val,0.10613128486375735,-0.02392435073852539,-0.20218020677566528,374.0
cc_only_wed_gross,TNA,oos,1.0890083727547069,0.2501821517944336,-0.22886043787002563,312.0
cc_only_thu_gross,TNA,dev,-0.3092763548987045,-0.18757086992263794,-0.6418715715408325,1006.0
cc_only_thu_gross,TNA,val,0.05966122726818998,-0.03521674871444702,-0.4794762134552002,374.0
cc_only_thu_gross,TNA,oos,0.26472431836637456,0.03563356399536133,-0.3174106478691101,312.0
cc_only_fri_gross,TNA,dev,0.26248293167005865,0.03228473663330078,-0.47600656747817993,1006.0
cc_only_fri_gross,TNA,val,-0.09110767667237643,-0.06741386651992798,-0.297444224357605,374.0
cc_only_fri_gross,TNA,oos,-0.6609513852814176,-0.20951586961746216,-0.31727850437164307,312.0
