day_model,day_weight,period,sharpe,ann,maxdd
p_all,0.0,2024H2-25H1,2.414760262146343,1.3697543,-0.16196871
p_all,0.0,2025H2-26,2.913656163352582,2.1350994,-0.20631707
p_all,0.5,2024H2-25H1,2.5649948804156866,1.6734886,-0.20233858
p_all,0.5,2025H2-26,3.0939014660301836,2.541268,-0.23455209
p_all,1.0,2024H2-25H1,2.272063265034802,1.8908944,-0.31005204
p_all,1.0,2025H2-26,3.0180211693843084,2.9277408,-0.2814197
p_premarket_only,0.0,2024H2-25H1,2.414760262146343,1.3697543,-0.16196871
p_premarket_only,0.0,2025H2-26,2.913656163352582,2.1350994,-0.20631707
p_premarket_only,0.5,2024H2-25H1,2.6058811232846724,1.7845762,-0.1943897
p_premarket_only,0.5,2025H2-26,2.8366898720813984,2.3447578,-0.23215806
p_premarket_only,1.0,2024H2-25H1,2.38008909720926,2.1377435,-0.2603184
p_premarket_only,1.0,2025H2-26,2.552978921151514,2.481657,-0.31592208
