target,leaves,min_leaf,rounds,window,stage,sharpe,ic,period
rank,63,2000,300,all,dev,0.790319637532662,0.05289157324831815,
residual,63,2000,300,all,dev,1.3109286896099617,0.06536807754147478,
raw,63,2000,300,all,dev,0.8752113122551646,0.02787506500027355,
topq,63,2000,300,all,dev,0.08811006627640548,0.00022046685721753415,
rank,31,2000,300,all,dev,0.5315570535469583,0.050694535363435364,
rank,127,2000,300,all,dev,0.6633455528051396,0.05107700757680404,
rank,63,500,300,all,dev,0.817376007331001,0.050598482470084666,
rank,63,8000,300,all,dev,0.4902286717748944,0.052061870680181484,
rank,63,2000,150,all,dev,0.2868576386892336,0.05286390019316654,
rank,63,2000,600,all,dev,1.1017460417992795,0.053027634612777715,
rank,63,2000,300,3y,dev,0.7177577037930145,0.05405543103921158,
rank,63,2000,300,all,test_default,2.3553655105727898,0.0423667897832507,val
rank,63,2000,300,all,test_default,2.4231300612810207,0.06063826423243768,oos
residual,63,2000,600,3y,test_chosen,2.5604999839072744,0.021418622141534865,val
residual,63,2000,600,3y,test_chosen,1.8933870398148374,0.039166410385195936,oos
