feature,period,days,d10_minus_d1_bps,spread_t,rank_ic,ic_t
r_late,2024H1,124,-2.11405,-0.6292574192302975,-0.008412487432325897,-0.9292818488650805
r_late,2024H2,127,-7.8686895,-1.93101662490456,-0.016494703498497337,-1.6686637888194855
r_late,2025H1,122,-6.2440004,-1.1777248474393418,-0.013612353230223457,-1.199748204515355
r_late,2025H2,128,-3.1619034,-0.6895432621813908,-0.02462539601571639,-2.9667036192165654
r_late,2026H1,123,-10.724734,-1.2533609123959333,-0.021099828265643432,-2.1074117440184432
r_late,2026H2,60,0.069034636,0.005619943167453883,0.01483901321225183,0.8006917537363756
r_late,all,684,-5.4721603,-2.221131409662185,-0.014116479026250826,-3.2845707429531976
r_open,2024H1,124,6.57311,1.406044175405527,0.001046077482018492,0.09168189516520042
r_open,2024H2,127,3.320862,0.7668280125124188,-0.019892174986945968,-1.8543894246465633
r_open,2025H1,122,9.539002,1.2407707977578437,0.004276130654885675,0.2945912205011713
r_open,2025H2,128,6.0072646,1.0979452970212868,0.0034866691974980955,0.3264175403671497
r_open,2026H1,123,2.8827538,0.24280482907951043,-0.008955485736011553,-0.6205914035485904
r_open,2026H2,60,-2.0779943,-0.13784253777003588,-0.0042361758182440905,-0.1723830457525414
r_open,all,684,4.9698863,1.531571055080645,-0.0040706232646492745,-0.7407292801939028
vwap_dev,2024H1,124,-0.10968567,-0.03528821736289886,-0.0006413307188543714,-0.07926356956162772
vwap_dev,2024H2,127,-4.7666144,-1.4321552351264661,-0.014497609796501172,-1.5978882270192216
vwap_dev,2025H1,122,-0.4522431,-0.0915061559878916,-0.008330308959190826,-0.7657741055172683
vwap_dev,2025H2,128,1.1552548,0.24136682493327902,-0.02225365167528058,-2.70376276018148
vwap_dev,2026H1,123,8.080998,0.8893558563484475,-0.007635594363196508,-0.8092115613116145
vwap_dev,2026H2,60,1.2406306,0.11625789366291281,0.022986304532625446,1.3942581982796711
vwap_dev,all,684,0.7926002,0.32905952362939206,-0.007815038589863203,-1.942993221803668
rvol_late,2024H1,114,4.98554,1.6773339061805124,0.0205638494768945,4.037525498306339
rvol_late,2024H2,127,4.640258,1.7218385015872026,0.0042212904454302525,0.8723921483945069
rvol_late,2025H1,122,-0.7238981,-0.25549164334555674,0.004916884907922243,0.9930198726231088
rvol_late,2025H2,128,12.020499,3.847967819594419,0.008691908664770407,1.850324739798141
rvol_late,2026H1,123,5.8130555,1.7957635979332152,0.010236241914442395,2.363785043814307
rvol_late,2026H2,60,-1.1214135,-0.28808676743542017,0.007987968091351503,1.365387706486737
rvol_late,all,674,4.8304057,3.805891417308921,0.009393386996662088,4.648329276977848
rvol_open,2024H1,114,4.3653593,1.880288855174828,0.010351707319876224,1.85700621218541
rvol_open,2024H2,127,0.74171466,0.28977655021935367,-0.007098279124236185,-1.1955398425823858
rvol_open,2025H1,122,3.2688255,1.2481852720332949,0.019392386333975827,3.5291690396711908
rvol_open,2025H2,128,4.6579466,1.612280316726525,0.0024654069036864493,0.4740974260348047
rvol_open,2026H1,123,4.6903086,1.5523305465042392,0.01226292124170402,2.4757535294424837
rvol_open,2026H2,60,-5.5686846,-1.4115407826783146,-0.010314677029573753,-1.257188265624233
rvol_open,all,674,2.7146134,2.3424022844436663,0.0057114467256082786,2.421087121450352
gap,2024H1,124,2.3026335,0.4600722981835258,0.024695387696269156,1.2932517557928134
gap,2024H2,127,7.8760896,1.0836288927923254,0.0041475770428055425,0.266551867193356
gap,2025H1,122,1.2744857,0.1216078150986548,0.014633431430336914,0.6597147198918925
gap,2025H2,128,4.1840825,0.6354093441918164,-0.008640895672721782,-0.5351123033360868
gap,2026H1,123,3.4361315,0.23300994383333315,-0.0017604743516723643,-0.08169886070179308
gap,2026H2,60,-12.594626,-0.5846566142753588,-0.016600577715532045,-0.4749654643650489
gap,all,684,2.4032254,0.5641487925012685,0.004467311899091769,0.5368706838078338
ln_n_late,2024H1,124,3.8325472,1.447790421176785,0.009584436599373266,0.9102318857855021
ln_n_late,2024H2,127,0.33688325,0.10203976389210145,-0.01958983462523303,-2.0795707297616803
ln_n_late,2025H1,122,1.4377557,0.33600082558504396,0.02601142382418461,3.1594050948022945
ln_n_late,2025H2,128,13.786612,3.6920767421962646,0.014420856947308113,1.921960477817027
ln_n_late,2026H1,123,6.5326133,1.5752647628199403,0.008110280115305412,1.1631576108905182
ln_n_late,2026H2,60,2.6596963,0.3937804888077207,-0.005796612330694358,-0.6807791469326268
ln_n_late,all,684,5.001763,3.104326705567789,0.006388292764714264,1.7586256648364746
ln_n_open,2024H1,124,6.2090006,1.9767552419069419,0.008431001903938173,0.8184628464708501
ln_n_open,2024H2,127,0.26552787,0.06515939809533126,-0.02180861046545377,-2.0599104986333137
ln_n_open,2025H1,122,7.6428356,1.259505600866184,0.03653715971495087,3.599137778160988
ln_n_open,2025H2,128,16.411598,2.5746499916814845,0.020134546060205757,1.7734541217696165
ln_n_open,2026H1,123,5.4552975,0.7990620577537655,0.004678603319787946,0.42638574543906854
ln_n_open,2026H2,60,-1.9072468,-0.19396593665682654,-0.015583916968711321,-1.2111635233213178
ln_n_open,all,684,6.422976,2.6796698144389652,0.0072382153188849194,1.589561951011422
rn_late,2024H1,114,3.8700383,1.1550851606292387,0.020271848794959402,3.828227369453111
rn_late,2024H2,127,5.6173415,1.7011194315206757,0.0051018261551481195,0.9327004173108046
rn_late,2025H1,122,-1.1673067,-0.34450642010644844,0.0036741040650291206,0.6768151313023307
rn_late,2025H2,128,13.549548,3.849088588590021,0.008974455373181887,1.774348066889016
rn_late,2026H1,123,8.96521,2.4810688854164673,0.012088297173261889,2.454416155935829
rn_late,2026H2,60,-0.6862154,-0.15575611036419026,0.005697547800900612,0.8324208619784282
rn_late,all,674,5.6499486,3.8587832315157993,0.009472710813642829,4.260558926457468
rn_open,2024H1,114,3.9889555,1.6703859714447045,0.01297606820633259,2.5176330685665227
rn_open,2024H2,127,1.2778417,0.4943584962669463,-0.004526157198388504,-0.7549545280077541
rn_open,2025H1,122,3.0069437,0.9567401519003971,0.01654643595804061,2.7467912286665745
rn_open,2025H2,128,7.055489,2.1538561933235063,0.004300197011180203,0.8228807021942073
rn_open,2026H1,123,1.3386047,0.44674068554765917,0.010302832701922995,2.0863869777875292
rn_open,2026H2,60,-8.788431,-2.186532155482376,-0.009143846537648192,-1.0521934721917303
rn_open,all,674,2.2616012,1.8160849795986889,0.0062198187621902564,2.608084394213353
