table,set,n,scale_mismatch,ratio_out_of_range,period,cross_found,mean_bp,median_bp,share_pos,share_zero,p10_bp,p90_bp,t,eq_cross,eq_first_trade,first_trade_before_cross,strategy,pricing,sharpe,net_bp,ann,maxdd,legs,share_panel,diff_gt_1pct,diff_gt_1pct_split_next_day,diff_0p1_to_1pct,median_abs_diff_bp
data_errors,ro,24255.0,34.0,1.0,,,,,,,,,,,,,,,,,,,,,,,,
data_errors,rc,24327.0,34.0,0.0,,,,,,,,,,,,,,,,,,,,,,,,
bias,blend picks: sell-day open (t+1),3720.0,,,2024-25H1,0.9940860215053764,5.271704262481678,5.035335259861995e-05,0.1995673336938886,0.674959437533802,-7.499866075041383,34.66607453203709,6.431834079141733,,,,,,,,,,,,,,,
bias,blend picks: sell-day open (t+1),3130.0,,,2025H2-26,0.9980830670926517,11.404008720330166,0.00015318904478256457,0.3072983354673495,0.545134443021767,-11.669041328920104,55.05288801802125,11.664666963513707,,,,,,,,,,,,,,,
bias,blend picks: sell-day open (t+1),6850.0,,,2024-26,0.9959124087591241,8.079871827172191,9.250713528530241e-05,0.24890061565523308,0.6155086484901788,-10.106564859488241,45.02762851272203,12.789151292461941,,,,,,,,,,,,,,,
bias,blend picks: buy-day close (t),3730.0,,,2024-25H1,0.9924932975871313,0.2534858144715657,0.0,0.018368449486763912,0.9729875742841707,-0.00034779668367512784,0.00034708654927939625,1.84367242046799,,,,,,,,,,,,,,,
bias,blend picks: buy-day close (t),3120.0,,,2025H2-26,0.9967948717948718,0.029814247806944427,0.0,0.0045016077170418,0.9926045016077171,-0.00032601153088229745,0.00033410636213204725,0.7318077676488732,,,,,,,,,,,,,,,
bias,blend picks: buy-day close (t),6850.0,,,2024-26,0.9944525547445255,0.151369171440595,0.0,0.012037580739870817,0.9819436288901938,-0.0003383323530226079,0.0003405509187981444,1.965671303670323,,,,,,,,,,,,,,,
bias,capped picks: sell-day open (t+1),3720.0,,,2024-25H1,0.9940860215053764,5.272068987510951,4.9348042319152796e-05,0.1979448350459708,0.6771227690643591,-7.4333665401273805,33.983548560722525,6.423418130699062,,,,,,,,,,,,,,,
bias,capped picks: sell-day open (t+1),3130.0,,,2025H2-26,0.9980830670926517,11.18501010271852,0.00014160182582045877,0.3028169014084507,0.5492957746478874,-11.963284810249771,53.93565123280697,11.488204216021526,,,,,,,,,,,,,,,
bias,capped picks: sell-day open (t+1),6850.0,,,2024-26,0.9959124087591241,7.9797834471867715,8.919298855047941e-05,0.2459689240691879,0.6185869246555262,-10.1986225171089,44.33631917942199,12.649859118549786,,,,,,,,,,,,,,,
bias,capped picks: buy-day close (t),3730.0,,,2024-25H1,0.9919571045576407,0.24420323300474697,0.0,0.01783783783783784,0.9732432432432433,-0.0003481975185959385,0.00034439515417261624,1.7779229072300964,,,,,,,,,,,,,,,
bias,capped picks: buy-day close (t),3120.0,,,2025H2-26,0.996474358974359,0.029739724076326517,0.0,0.004503055644901898,0.9926021228690898,-0.00032744182476562855,0.00033408972921478153,0.7297449615904621,,,,,,,,,,,,,,,
bias,capped picks: buy-day close (t),6850.0,,,2024-26,0.994014598540146,0.14627886095915152,0.0,0.01174915552944632,0.9820825378175944,-0.00033958729384053754,0.000338582597514403,1.9014994364446829,,,,,,,,,,,,,,,
bias,day short (etb picks): close of t+1,3307.0,,,2024-25H1,0.9954641669186574,0.08799982219342008,0.0,0.012150668286755772,0.9808626974483596,-0.0003372279355762231,0.0003532995063171286,0.6453846734092641,,,,,,,,,,,,,,,
bias,day short (etb picks): close of t+1,2617.0,,,2025H2-26,0.9969430645777608,0.00651806946486373,0.0,0.0026830203142966655,0.9965504024530472,-0.0003347894272920371,0.0003360966771559504,1.2189496474561252,,,,,,,,,,,,,,,
bias,day short (etb picks): close of t+1,5924.0,,,2024-26,0.9961174881836596,0.05197442092773571,0.0,0.007964751736993729,0.9877986781901372,-0.0003356961575384787,0.0003465937314928169,0.6829696761404125,,,,,,,,,,,,,,,
bias,day long top 10: open,2500.0,,,2024-25H1,0.9952,-0.8091883910084636,4.205663595158171e-06,0.1864951768488746,0.6169614147909968,-19.17122332199883,17.715457090669712,-0.872939753325265,,,,,,,,,,,,,,,
bias,day long top 10: open,3120.0,,,2025H2-26,0.9993589743589744,-1.3709239304690677,-1.58230639701884e-05,0.18216805644644002,0.6122514432328415,-17.33213441425474,14.81228841149657,-2.1603230366701873,,,,,,,,,,,,,,,
bias,day long top 10: open,5620.0,,,2024-26,0.997508896797153,-1.121619966470141,-6.821315734484301e-06,0.1840884766321798,0.6143417766678558,-18.242637543280928,16.000149678302435,-2.069341605177898,,,,,,,,,,,,,,,
bias,day long top 10: close,2500.0,,,2024-25H1,0.996,-0.12548649734704193,0.0,0.0012048192771084338,0.9979919678714859,-0.0003358004152520522,0.000330724446273578,-1.403237833717506,,,,,,,,,,,,,,,
bias,day long top 10: close,3120.0,,,2025H2-26,0.9977564102564103,-0.015564488812173958,0.0,0.0022486347574686796,0.9974301317057501,-0.00032857965992505456,0.00034626602030130016,-0.6998357859303342,,,,,,,,,,,,,,,
bias,day long top 10: close,5620.0,,,2024-26,0.9969750889679715,-0.06441435517873137,0.0,0.001784758165268606,0.9976798143851509,-0.0003311985539156126,0.00033788757614061643,-1.547675092860513,,,,,,,,,,,,,,,
bias,random liquid stock-days: open,3000.0,,,2024-25H1,0.9936666666666667,0.1697008195621804,-6.428404475400384e-06,0.06440791680644078,0.8742032874874204,-0.0007825359016333522,0.0007696484050079277,0.44135142770222546,,,,,,,,,,,,,,,
bias,random liquid stock-days: open,3000.0,,,2025H2-26,0.998,1.923133123030023,2.0736717898373058e-05,0.0978623914495658,0.824315297261189,-0.0008225684133833511,0.0012211152908836464,2.741738565630743,,,,,,,,,,,,,,,
bias,random liquid stock-days: open,6000.0,,,2024-26,0.9958333333333333,1.048324470873096,9.143175105919e-06,0.08117154811715481,0.8492050209205021,-0.0008025495183971999,0.0008987081252520571,2.6172308500744266,,,,,,,,,,,,,,,
bias,random liquid stock-days: close,3000.0,,,2024-25H1,0.9936666666666667,-0.005625338326588622,0.0,0.0010063737001006373,0.9986581683998658,-0.00033139262001213865,0.00033915271702156247,-0.0645783804019724,,,,,,,,,,,,,,,
bias,random liquid stock-days: close,3000.0,,,2025H2-26,0.998,0.0031737717756895323,0.0,0.0016700066800267202,0.9983299933199733,-0.0003317430132820931,0.00033243549246719795,2.023081579485,,,,,,,,,,,,,,,
bias,random liquid stock-days: close,6000.0,,,2024-26,0.9958333333333333,-0.0012162110217817945,0.0,0.0013389121338912135,0.9984937238493724,-0.00033139262001213865,0.0003360966771559504,-0.027982626380481986,,,,,,,,,,,,,,,
yahoo_open_is,random liquid stock-days,2989.0,,,2024-25H1,,,,,,,,,0.8748745399799264,0.5457463884430177,0.20843091334894615,,,,,,,,,,,,
yahoo_open_is,random liquid stock-days,2996.0,,,2025H2-26,,,,,,,,,0.8297730307076101,0.5657894736842105,0.253671562082777,,,,,,,,,,,,
bias_random_by,venue=A,14.0,,,2024-25H1,,-14.00553251062237,-7.170674776180164e-05,0.0,,,,-0.9999951378478585,,,,,,,,,,,,,,,
bias_random_by,venue=N,1734.0,,,2024-25H1,,0.01841551473663897,-5.482782006183129e-06,0.05536332179930796,,,,0.037983742889202254,,,,,,,,,,,,,,,
bias_random_by,venue=P,3.0,,,2024-25H1,,-0.0003165291229123568,-0.00035834695877312583,0.0,,,,-1.4128052891084877,,,,,,,,,,,,,,,
bias_random_by,venue=Q,1225.0,,,2024-25H1,,0.5469570597742075,-6.428404475400384e-06,0.0783673469387755,,,,0.8884597169240976,,,,,,,,,,,,,,,
bias_random_by,venue=Z,5.0,,,2024-25H1,,0.0003294148409604958,0.000452502613157435,0.0,,,,1.5693491016381813,,,,,,,,,,,,,,,
bias_random_by,venue=A,28.0,,,2025H2-26,,5.8505056949836085e-05,0.00017810122598937994,0.0,,,,0.6688327596041465,,,,,,,,,,,,,,,
bias_random_by,venue=N,1636.0,,,2025H2-26,,2.2617144159409346,3.021106476097657e-05,0.10024449877750612,,,,2.1097131693287148,,,,,,,,,,,,,,,
bias_random_by,venue=P,1.0,,,2025H2-26,,-2.452627434479382e-05,-2.452627434479382e-05,0.0,,,,,,,,,,,,,,,,,,,
bias_random_by,venue=Q,1327.0,,,2025H2-26,,1.5529430406875693,1.65447877620295e-05,0.09721175584024115,,,,1.783441518594714,,,,,,,,,,,,,,,
bias_random_by,venue=Z,2.0,,,2025H2-26,,-1.5306213676025138,-1.5306213676025138,0.0,,,,,,,,,,,,,,,,,,,
bias_random_by,adv_tercile=high,946.0,,,2024-25H1,,1.507255496776127,-2.312665614567777e-06,0.1226215644820296,,,,2.147052577683947,,,,,,,,,,,,,,,
bias_random_by,adv_tercile=low,1049.0,,,2024-25H1,,-0.2686282730232354,-1.536008431557434e-05,0.027645376549094377,,,,-0.36573763623175004,,,,,,,,,,,,,,,
bias_random_by,adv_tercile=mid,986.0,,,2024-25H1,,-0.647256083604445,5.024919369489567e-06,0.04766734279918864,,,,-1.2116269645083857,,,,,,,,,,,,,,,
bias_random_by,adv_tercile=high,1050.0,,,2025H2-26,,-0.3195577897735406,2.0736717898373058e-05,0.15904761904761905,,,,-0.3350776308067003,,,,,,,,,,,,,,,
bias_random_by,adv_tercile=low,941.0,,,2025H2-26,,4.232335011402448,1.1808833910720296e-05,0.06269925611052073,,,,2.520968176231452,,,,,,,,,,,,,,,
bias_random_by,adv_tercile=mid,1003.0,,,2025H2-26,,2.1044556369734826,3.759472289033283e-05,0.06679960119641076,,,,2.219380879123366,,,,,,,,,,,,,,,
rescore,,373.0,,,2024-25H1,,,,,,,,,,,,blend top 10 (study 69 base),panel,2.7955907354718814,41.8305549621582,1.6671104431152344,-0.16196876764297485,,,,,,
rescore,,312.0,,,2025H2-26,,,,,,,,,,,,blend top 10 (study 69 base),panel,2.9131766793391862,48.991180419921875,2.1344892978668213,-0.20631688833236694,,,,,,
rescore,,685.0,,,2024-26,,,,,,,,,,,,blend top 10 (study 69 base),panel,2.849554567724488,45.092037200927734,1.8706576824188232,-0.20631670951843262,,,,,,
rescore,,373.0,,,2024-25H1,,,,,,,,,,,,blend top 10 (study 69 base),cross,2.482230967834995,37.14093520754661,1.3708458024310288,-0.16978935149526464,,,,,,
rescore,,312.0,,,2025H2-26,,,,,,,,,,,,blend top 10 (study 69 base),cross,2.2661821020327206,37.89500363974005,1.3745171356336137,-0.22153543246052942,,,,,,
rescore,,685.0,,,2024-26,,,,,,,,,,,,blend top 10 (study 69 base),cross,2.3759518224970813,37.48439411388873,1.3725172964610208,-0.22153543246052942,,,,,,
fallback,,,,,2024-25H1,,,,,,,,,,,,blend top 10 (study 69 base),,,,,,3730.0,0.009919571045576408,,,,
fallback,,,,,2025H2-26,,,,,,,,,,,,blend top 10 (study 69 base),,,,,,3120.0,0.0038461538461538464,,,,
fallback,,,,,2024-26,,,,,,,,,,,,blend top 10 (study 69 base),,,,,,6850.0,0.007153284671532847,,,,
rescore,,373.0,,,2024-25H1,,,,,,,,,,,,"blend top 10, max 3 per industry (live)",panel,2.974252378506193,43.97505870083942,1.8196390898978083,-0.16196869285305804,,,,,,
rescore,,312.0,,,2025H2-26,,,,,,,,,,,,"blend top 10, max 3 per industry (live)",panel,2.871865639291071,47.735264928539834,2.0436003826029645,-0.21315239550043008,,,,,,
rescore,,685.0,,,2024-26,,,,,,,,,,,,"blend top 10, max 3 per industry (live)",panel,2.9217315210858654,45.687736573894206,1.9195276359217375,-0.21315239550042986,,,,,,
rescore,,373.0,,,2024-25H1,,,,,,,,,,,,"blend top 10, max 3 per industry (live)",cross,2.65478077037722,39.28224437675636,1.5060107462642254,-0.16978934931074663,,,,,,
rescore,,312.0,,,2025H2-26,,,,,,,,,,,,"blend top 10, max 3 per industry (live)",cross,2.2334915711722747,36.84655307064418,1.3182888152539527,-0.22754664766731647,,,,,,
rescore,,685.0,,,2024-26,,,,,,,,,,,,"blend top 10, max 3 per industry (live)",cross,2.449662822666857,38.17284921251257,1.4186937544832317,-0.22754664766731625,,,,,,
fallback,,,,,2024-25H1,,,,,,,,,,,,"blend top 10, max 3 per industry (live)",,,,,,3730.0,0.010455764075067025,,,,
fallback,,,,,2025H2-26,,,,,,,,,,,,"blend top 10, max 3 per industry (live)",,,,,,3120.0,0.004166666666666667,,,,
fallback,,,,,2024-26,,,,,,,,,,,,"blend top 10, max 3 per industry (live)",,,,,,6850.0,0.0075912408759124085,,,,
fallback,,,,,2024-25H1,,,,,,,,,,,,69: today + yesterday's picks,,,,,,6822.0,0.00952799765464673,,,,
fallback,,,,,2025H2-26,,,,,,,,,,,,69: today + yesterday's picks,,,,,,5799.0,0.004311088118641145,,,,
fallback,,,,,2024-26,,,,,,,,,,,,69: today + yesterday's picks,,,,,,12621.0,0.0071309721892084624,,,,
variants,,373.0,,,2024-25H1,,,,,,,,,,,,base: blend top 10,panel,2.7955907354718814,41.8305549621582,1.6671104431152344,-0.16196876764297485,,,,,,
variants,,312.0,,,2025H2-26,,,,,,,,,,,,base: blend top 10,panel,2.9131766793391862,48.991180419921875,2.1344892978668213,-0.20631688833236694,,,,,,
variants,,685.0,,,2024-26,,,,,,,,,,,,base: blend top 10,panel,2.849554567724488,45.092037200927734,1.8706576824188232,-0.20631670951843262,,,,,,
variants,,373.0,,,2024-25H1,,,,,,,,,,,,69: today + yesterday's picks,panel,2.2488624028245052,29.28498966826995,0.9804879033958942,-0.14619515877816414,,,,,,
variants,,312.0,,,2025H2-26,,,,,,,,,,,,69: today + yesterday's picks,panel,2.4607828461384127,36.56521495937309,1.3400254885295895,-0.24559671993426624,,,,,,
variants,,685.0,,,2024-26,,,,,,,,,,,,69: today + yesterday's picks,panel,2.3486848189925316,32.600946297210356,1.1368330225667314,-0.24559671993426635,,,,,,
variants,,373.0,,,2024-25H1,,,,,,,,,,,,65: skip Monday-night entries (cash),panel,2.8733991397611653,38.43941879272461,1.483802318572998,-0.15372008085250854,,,,,,
variants,,312.0,,,2025H2-26,,,,,,,,,,,,65: skip Monday-night entries (cash),panel,3.0884232369891187,48.055747985839844,2.1015212535858154,-0.18023228645324707,,,,,,
variants,,685.0,,,2024-26,,,,,,,,,,,,65: skip Monday-night entries (cash),panel,2.972532400393642,42.81941223144531,1.748218059539795,-0.18023228645324707,,,,,,
weekday,Mon,71.0,,,2024-25H1,,,,,,,,,,,,blend top 10,panel,,17.81537628173828,,,,,,,,
weekday,Tue,78.0,,,2024-25H1,,,,,,,,,,,,blend top 10,panel,,70.2933578491211,,,,,,,,
weekday,Wed,75.0,,,2024-25H1,,,,,,,,,,,,blend top 10,panel,,58.5980110168457,,,,,,,,
weekday,Thu,74.0,,,2024-25H1,,,,,,,,,,,,blend top 10,panel,,33.3990592956543,,,,,,,,
weekday,Fri,75.0,,,2024-25H1,,,,,,,,,,,,blend top 10,panel,,26.515226364135742,,,,,,,,
weekday,Mon,59.0,,,2025H2-26,,,,,,,,,,,,blend top 10,panel,,4.946700572967529,,,,,,,,
weekday,Tue,65.0,,,2025H2-26,,,,,,,,,,,,blend top 10,panel,,92.88737487792969,,,,,,,,
weekday,Wed,65.0,,,2025H2-26,,,,,,,,,,,,blend top 10,panel,,-1.964206576347351,,,,,,,,
weekday,Thu,62.0,,,2025H2-26,,,,,,,,,,,,blend top 10,panel,,38.80051040649414,,,,,,,,
weekday,Fri,61.0,,,2025H2-26,,,,,,,,,,,,blend top 10,panel,,109.471435546875,,,,,,,,
variants,,373.0,,,2024-25H1,,,,,,,,,,,,base: blend top 10,cross,2.482230967834995,37.14093520754661,1.3708458024310288,-0.16978935149526464,,,,,,
variants,,312.0,,,2025H2-26,,,,,,,,,,,,base: blend top 10,cross,2.2661821020327206,37.89500363974005,1.3745171356336137,-0.22153543246052942,,,,,,
variants,,685.0,,,2024-26,,,,,,,,,,,,base: blend top 10,cross,2.3759518224970813,37.48439411388873,1.3725172964610208,-0.22153543246052942,,,,,,
variants,,373.0,,,2024-25H1,,,,,,,,,,,,69: today + yesterday's picks,cross,1.9569224349102694,25.48854881648368,0.8001991810518574,-0.15999257346295015,,,,,,
variants,,312.0,,,2025H2-26,,,,,,,,,,,,69: today + yesterday's picks,cross,1.9241404009193561,28.46660070090466,0.9102442800360486,-0.25346086149333447,,,,,,
variants,,685.0,,,2024-26,,,,,,,,,,,,69: today + yesterday's picks,cross,1.938428061960374,26.844975368219952,0.8495129820580722,-0.25346086149333413,,,,,,
variants,,373.0,,,2024-25H1,,,,,,,,,,,,65: skip Monday-night entries (cash),cross,2.602678090782931,34.76642219167443,1.2653446399904196,-0.1623506897146637,,,,,,
variants,,312.0,,,2025H2-26,,,,,,,,,,,,65: skip Monday-night entries (cash),cross,2.495120050706467,38.58604587850408,1.4472441204653337,-0.1930228141745588,,,,,,
variants,,685.0,,,2024-26,,,,,,,,,,,,65: skip Monday-night entries (cash),cross,2.5447657840856674,36.5061631993983,1.3464552039350917,-0.19302281417455858,,,,,,
weekday,Mon,71.0,,,2024-25H1,,,,,,,,,,,,blend top 10,cross,,12.47455429465244,,,,,,,,
weekday,Tue,78.0,,,2024-25H1,,,,,,,,,,,,blend top 10,cross,,66.56405146261213,,,,,,,,
weekday,Wed,75.0,,,2024-25H1,,,,,,,,,,,,blend top 10,cross,,55.48732335334983,,,,,,,,
weekday,Thu,74.0,,,2024-25H1,,,,,,,,,,,,blend top 10,cross,,26.78424906247423,,,,,,,,
weekday,Fri,75.0,,,2024-25H1,,,,,,,,,,,,blend top 10,cross,,21.76394375048649,,,,,,,,
weekday,Mon,59.0,,,2025H2-26,,,,,,,,,,,,blend top 10,cross,,-3.654325059226744,,,,,,,,
weekday,Tue,65.0,,,2025H2-26,,,,,,,,,,,,blend top 10,cross,,83.82926483878823,,,,,,,,
weekday,Wed,65.0,,,2025H2-26,,,,,,,,,,,,blend top 10,cross,,-15.384663829271174,,,,,,,,
weekday,Thu,62.0,,,2025H2-26,,,,,,,,,,,,blend top 10,cross,,25.144006264533523,,,,,,,,
weekday,Fri,61.0,,,2025H2-26,,,,,,,,,,,,blend top 10,cross,,98.86916164055054,,,,,,,,
fallback,,,,,2024-25H1,,,,,,,,,,,,"68: day short, etb picks",,,,,,3314.0,0.004828002414001207,,,,
fallback,,,,,2025H2-26,,,,,,,,,,,,"68: day short, etb picks",,,,,,2610.0,0.0034482758620689655,,,,
fallback,,,,,2024-26,,,,,,,,,,,,"68: day short, etb picks",,,,,,5924.0,0.004220121539500338,,,,
rescore,,373.0,,,2024-25H1,,,,,,,,,,,,"68: day short, etb picks (1/10 each, standalone)",panel,1.438741736599791,26.14359917691822,0.738410214214565,-0.43235365416131855,,,,,,
rescore,,312.0,,,2025H2-26,,,,,,,,,,,,"68: day short, etb picks (1/10 each, standalone)",panel,1.137080517168191,20.305390671277664,0.5078186628495891,-0.2370438744842882,,,,,,
rescore,,685.0,,,2024-26,,,,,,,,,,,,"68: day short, etb picks (1/10 each, standalone)",panel,1.303478437113157,23.484444353911133,0.6293054449124533,-0.43235365416131855,,,,,,
rescore,,373.0,,,2024-25H1,,,,,,,,,,,,68: blend + quarter-size day short,panel,3.0429203115443064,48.36978220517145,2.114901700582222,-0.18507142788482644,,,,,,
rescore,,312.0,,,2025H2-26,,,,,,,,,,,,68: blend + quarter-size day short,panel,3.0412302032510783,54.063255937474494,2.521869293614411,-0.2229100266703138,,,,,,
rescore,,685.0,,,2024-26,,,,,,,,,,,,68: blend + quarter-size day short,panel,3.0394535133556673,50.96301403652699,2.2940811359736717,-0.22291002667031368,,,,,,
rescore,,373.0,,,2024-25H1,,,,,,,,,,,,"68: day short, etb picks (1/10 each, standalone)",cross,1.2166726765061815,22.145719516057028,0.5713982501429,-0.4518217673695335,,,,,,
rescore,,312.0,,,2025H2-26,,,,,,,,,,,,"68: day short, etb picks (1/10 each, standalone)",cross,0.6598217222844368,11.767007810794777,0.21637370415021318,-0.26070957865469735,,,,,,
rescore,,685.0,,,2024-26,,,,,,,,,,,,"68: day short, etb picks (1/10 each, standalone)",cross,0.9663577884459307,17.418481483879187,0.39839139121880973,-0.4518217673695335,,,,,,
rescore,,373.0,,,2024-25H1,,,,,,,,,,,,68: blend + quarter-size day short,cross,2.6810679354962583,42.680695341907615,1.69983382441155,-0.20231228807452162,,,,,,
rescore,,312.0,,,2025H2-26,,,,,,,,,,,,68: blend + quarter-size day short,cross,2.31213888023874,40.83248050466413,1.5296230411265883,-0.2406433920500768,,,,,,
rescore,,685.0,,,2024-26,,,,,,,,,,,,68: blend + quarter-size day short,cross,2.501986397116996,41.83888070071058,1.620931426224323,-0.24064339205007645,,,,,,
fallback,,,,,2024-25H1,,,,,,,,,,,,67/71: day long top 10,,,,,,2500.0,0.0048,,,,
fallback,,,,,2025H2-26,,,,,,,,,,,,67/71: day long top 10,,,,,,3120.0,0.002564102564102564,,,,
fallback,,,,,2024-26,,,,,,,,,,,,67/71: day long top 10,,,,,,5620.0,0.0035587188612099642,,,,
rescore,,250.0,,,2024H2-25H1,,,,,,,,,,,,60: day long top 10 (standalone),panel,0.643865538997949,10.442131042480469,0.1993950605392456,-0.3548671007156372,,,,,,
rescore,,312.0,,,2025H2-26,,,,,,,,,,,,60: day long top 10 (standalone),panel,0.9499108174240439,10.073373794555664,0.24368667602539062,-0.17650258541107178,,,,,,
rescore,,562.0,,,2024H2-26,,,,,,,,,,,,60: day long top 10 (standalone),panel,0.7650016634000592,10.23741340637207,0.2237856388092041,-0.3548671007156372,,,,,,
rescore,,249.0,,,2024H2-25H1,,,,,,,,,,,,71 night leg alone (same window),panel,2.4152579604019846,37.337589263916016,1.3700969219207764,-0.16201633214950562,,,,,,
rescore,,312.0,,,2025H2-26,,,,,,,,,,,,71 night leg alone (same window),panel,2.9127759660097867,48.986907958984375,2.134124994277954,-0.2063484787940979,,,,,,
rescore,,561.0,,,2024H2-26,,,,,,,,,,,,71 night leg alone (same window),panel,2.7015896332778064,43.81635284423828,1.7685661315917969,-0.20634853839874268,,,,,,
rescore,,249.0,,,2024H2-25H1,,,,,,,,,,,,67: blend + half-size day long,panel,2.56553752290544,42.67356491088867,1.6738953590393066,-0.20215171575546265,,,,,,
rescore,,312.0,,,2025H2-26,,,,,,,,,,,,67: blend + half-size day long,panel,3.0930704707963104,54.124244689941406,2.5401761531829834,-0.23458296060562134,,,,,,
rescore,,561.0,,,2024H2-26,,,,,,,,,,,,67: blend + half-size day long,panel,2.866505876991371,49.04185104370117,2.125561237335205,-0.23458290100097656,,,,,,
rescore,,249.0,,,2024H2-25H1,,,,,,,,,,,,71: blend + half day long + quarter day short,panel,2.801723089577311,45.7095164335849,1.8977764453100625,-0.19198575976212262,,,,,,
rescore,,312.0,,,2025H2-26,,,,,,,,,,,,71: blend + half day long + quarter day short,panel,3.3085282944142147,59.20058740483513,3.0030162560841287,-0.24153652963858052,,,,,,
rescore,,561.0,,,2024H2-26,,,,,,,,,,,,71: blend + half day long + quarter day short,panel,3.0936271724287265,53.21257194700749,2.4682083966283175,-0.2415365296385804,,,,,,
rescore,,250.0,,,2024H2-25H1,,,,,,,,,,,,60: day long top 10 (standalone),cross,0.5901617618784302,9.525947921821917,0.17290297922545372,-0.3627411983008062,,,,,,
rescore,,312.0,,,2025H2-26,,,,,,,,,,,,60: day long top 10 (standalone),cross,0.8187350760207367,8.618719177867417,0.19954728648488174,-0.20116701635971435,,,,,,
rescore,,562.0,,,2024H2-26,,,,,,,,,,,,60: day long top 10 (standalone),cross,0.6780156797203445,9.022290683185256,0.1876209055987912,-0.3627411983008062,,,,,,
rescore,,249.0,,,2024H2-25H1,,,,,,,,,,,,71 night leg alone (same window),cross,2.04171202638068,31.59678226575914,1.051512944645045,-0.16983654843878504,,,,,,
rescore,,312.0,,,2025H2-26,,,,,,,,,,,,71 night leg alone (same window),cross,2.265814911845926,37.89072855196544,1.374242169512185,-0.22156644852391494,,,,,,
rescore,,561.0,,,2024H2-26,,,,,,,,,,,,71 night leg alone (same window),cross,2.1707659045113985,35.09715880995944,1.2251658225826212,-0.2215664485239155,,,,,,
rescore,,249.0,,,2024H2-25H1,,,,,,,,,,,,67: blend + half-size day long,cross,2.1980681341482393,36.46802594672867,1.2891483774006742,-0.2047861782610645,,,,,,
rescore,,312.0,,,2025H2-26,,,,,,,,,,,,67: blend + half-size day long,cross,2.422326249233115,42.30376297265274,1.6322944902741958,-0.2574536478018341,,,,,,
rescore,,561.0,,,2024H2-26,,,,,,,,,,,,67: blend + half-size day long,cross,2.3267909500795865,39.71356953333885,1.4740603075551393,-0.2574536478018339,,,,,,
rescore,,249.0,,,2024H2-25H1,,,,,,,,,,,,71: blend + half day long + quarter day short,cross,2.348116984540855,38.268207983329496,1.4045070342210337,-0.19585821645934787,,,,,,
rescore,,312.0,,,2025H2-26,,,,,,,,,,,,71: blend + half day long + quarter day short,cross,2.535572805347945,45.24551492535144,1.8219070497505312,-0.2669098047377433,,,,,,
rescore,,561.0,,,2024H2-26,,,,,,,,,,,,71: blend + half day long + quarter day short,cross,2.4560322489262116,42.1486353735449,1.6283773721430164,-0.26690980473774384,,,,,,
rawcheck,blend night: raw cross-to-cross vs adjusted ratio method,6801.0,,,,,,,,,,,,,,,,,,,,,,,11.0,3.0,6.0,0.0002990244674094811
