train,k,period,sharpe,ann_ret,gross_bps
short,10,2022-23,0.5208238973437856,0.10053253,16.359926
short,10,val,2.72374075388286,1.2127988,43.745907
short,10,oos,2.465938261529801,1.1714461,42.825005
short,20,2022-23,0.8048555490389201,0.1485126,17.066608
short,20,val,3.049307087298348,1.1812737,42.401672
short,20,oos,2.267583507636828,0.9173815,37.334244
long,10,2022-23,0.3383736068857843,0.05543089,14.961588
long,10,val,2.787273923223736,1.4479034,48.53017
long,10,oos,3.837290689125883,2.4256325,60.878426
long,20,2022-23,0.332923674971065,0.049988866,13.784803
long,20,val,2.570367608780888,0.99931777,39.384804
long,20,oos,3.028203876993908,1.4514713,47.257965
