section,year,k,silhouette,chosen,cohort,n,z_e_abs,z_e_sgn,z_e_rev,z_nw_abs,z_nw_sgn,z_nd_abs,z_nd_sgn,z_n_share,z_gap_rev,model,period,n_days,sharpe,ann_ret,maxdd,gross_bps,net_bps,rank_ic,d_sharpe,d_lo,d_hi,p_boot,d_sharpe_vs_ctrl,dc_lo,dc_hi,p_boot_vs_ctrl
cohorts,2022.0,6,0.0987805251529901,,,,,,,,,,,,,,,,,,,,,,,,,,,,,
cohorts,2022.0,7,0.0969729785337172,,,,,,,,,,,,,,,,,,,,,,,,,,,,,
cohorts,2022.0,8,0.0929463008245144,,,,,,,,,,,,,,,,,,,,,,,,,,,,,
cohorts,2022.0,9,0.0986062076875637,,,,,,,,,,,,,,,,,,,,,,,,,,,,,
cohorts,2022.0,10,0.0965808341683531,,,,,,,,,,,,,,,,,,,,,,,,,,,,,
cohorts,2022.0,6,,True,0.0,169.0,1.4,1.51,0.23,-0.1,-0.33,0.18,0.42,0.8,0.44,,,,,,,,,,,,,,,,,
cohorts,2022.0,6,,True,1.0,226.0,-0.25,-0.08,-0.88,0.15,-0.11,0.69,0.12,-0.23,-1.33,,,,,,,,,,,,,,,,,
cohorts,2022.0,6,,True,2.0,224.0,0.07,0.4,-0.15,1.06,0.83,0.5,-0.66,0.59,0.1,,,,,,,,,,,,,,,,,
cohorts,2022.0,6,,True,3.0,177.0,0.98,-1.5,0.18,0.29,-0.47,0.41,0.37,-1.0,0.41,,,,,,,,,,,,,,,,,
cohorts,2022.0,6,,True,4.0,347.0,-0.43,-0.11,1.1,-0.3,0.05,-0.11,0.1,-0.14,0.54,,,,,,,,,,,,,,,,,
cohorts,2022.0,6,,True,5.0,419.0,-0.55,-0.05,-0.53,-0.49,-0.07,-0.79,-0.11,0.02,-0.13,,,,,,,,,,,,,,,,,
cohorts,2023.0,6,0.1128414239370839,,,,,,,,,,,,,,,,,,,,,,,,,,,,,
cohorts,2023.0,7,0.0992703585749705,,,,,,,,,,,,,,,,,,,,,,,,,,,,,
cohorts,2023.0,8,0.0979633946558273,,,,,,,,,,,,,,,,,,,,,,,,,,,,,
cohorts,2023.0,9,0.0955337257520561,,,,,,,,,,,,,,,,,,,,,,,,,,,,,
cohorts,2023.0,10,0.0933259990664651,,,,,,,,,,,,,,,,,,,,,,,,,,,,,
cohorts,2023.0,6,,True,0.0,333.0,-0.27,-0.05,1.18,-0.2,0.03,0.47,-0.04,-0.16,0.97,,,,,,,,,,,,,,,,,
cohorts,2023.0,6,,True,1.0,209.0,-0.06,0.33,0.04,1.67,0.46,0.44,-0.31,0.31,0.07,,,,,,,,,,,,,,,,,
cohorts,2023.0,6,,True,2.0,181.0,1.51,-1.73,-0.13,0.19,-0.54,0.3,0.53,-1.44,-0.12,,,,,,,,,,,,,,,,,
cohorts,2023.0,6,,True,3.0,555.0,-0.52,0.13,-0.05,-0.39,0.02,-0.75,-0.08,0.47,-0.04,,,,,,,,,,,,,,,,,
cohorts,2023.0,6,,True,4.0,141.0,1.42,1.48,-0.03,-0.13,-0.11,0.15,0.11,-0.07,0.19,,,,,,,,,,,,,,,,,
cohorts,2023.0,6,,True,5.0,327.0,-0.3,-0.05,-1.06,-0.25,0.06,0.3,0.04,0.01,-0.99,,,,,,,,,,,,,,,,,
cohorts,2024.0,6,0.1180808663820821,,,,,,,,,,,,,,,,,,,,,,,,,,,,,
cohorts,2024.0,7,0.0964776082048876,,,,,,,,,,,,,,,,,,,,,,,,,,,,,
cohorts,2024.0,8,0.1085514076812534,,,,,,,,,,,,,,,,,,,,,,,,,,,,,
cohorts,2024.0,9,0.1070810435406462,,,,,,,,,,,,,,,,,,,,,,,,,,,,,
cohorts,2024.0,10,0.1049392313321782,,,,,,,,,,,,,,,,,,,,,,,,,,,,,
cohorts,2024.0,6,,True,0.0,117.0,1.58,1.71,0.02,-0.3,-0.3,-0.02,0.04,0.07,0.13,,,,,,,,,,,,,,,,,
cohorts,2024.0,6,,True,1.0,602.0,-0.47,0.06,0.12,-0.3,-0.02,-0.76,-0.06,0.34,0.07,,,,,,,,,,,,,,,,,
cohorts,2024.0,6,,True,2.0,244.0,1.2,-1.33,-0.12,0.39,-0.61,0.32,0.46,-1.26,-0.19,,,,,,,,,,,,,,,,,
cohorts,2024.0,6,,True,3.0,134.0,0.36,0.72,0.1,1.53,1.73,0.57,-0.27,0.35,0.17,,,,,,,,,,,,,,,,,
cohorts,2024.0,6,,True,4.0,372.0,-0.41,-0.01,-1.15,-0.18,-0.03,0.11,-0.1,0.08,-0.92,,,,,,,,,,,,,,,,,
cohorts,2024.0,6,,True,5.0,305.0,-0.32,-0.01,1.21,-0.1,-0.08,0.86,-0.0,0.05,1.0,,,,,,,,,,,,,,,,,
cohorts,2025.0,6,0.1050173571337814,,,,,,,,,,,,,,,,,,,,,,,,,,,,,
cohorts,2025.0,7,0.1204893071428062,,,,,,,,,,,,,,,,,,,,,,,,,,,,,
cohorts,2025.0,8,0.1050861402411115,,,,,,,,,,,,,,,,,,,,,,,,,,,,,
cohorts,2025.0,9,0.1117391559546579,,,,,,,,,,,,,,,,,,,,,,,,,,,,,
cohorts,2025.0,10,0.0979995595816522,,,,,,,,,,,,,,,,,,,,,,,,,,,,,
cohorts,2025.0,7,,True,0.0,211.0,-0.2,0.08,1.48,0.06,0.08,0.94,0.32,0.12,1.25,,,,,,,,,,,,,,,,,
cohorts,2025.0,7,,True,1.0,417.0,-0.51,-0.09,-1.05,-0.3,-0.05,-0.08,-0.03,-0.12,-0.83,,,,,,,,,,,,,,,,,
cohorts,2025.0,7,,True,2.0,146.0,1.7,1.73,0.06,-0.23,-0.03,0.04,-0.03,0.73,0.27,,,,,,,,,,,,,,,,,
cohorts,2025.0,7,,True,3.0,206.0,1.04,-1.22,0.07,-0.23,-0.04,0.02,-0.11,-1.23,0.09,,,,,,,,,,,,,,,,,
cohorts,2025.0,7,,True,4.0,98.0,0.34,-0.94,-0.23,1.6,-1.69,0.76,0.71,-0.75,-0.15,,,,,,,,,,,,,,,,,
cohorts,2025.0,7,,True,5.0,150.0,0.25,0.52,-0.25,1.35,1.36,0.83,-0.21,0.23,-0.46,,,,,,,,,,,,,,,,,
cohorts,2025.0,7,,True,6.0,560.0,-0.51,0.05,0.29,-0.29,-0.03,-0.65,-0.12,0.38,0.2,,,,,,,,,,,,,,,,,
cohorts,2026.0,6,0.126093349588214,,,,,,,,,,,,,,,,,,,,,,,,,,,,,
cohorts,2026.0,7,0.0963158681113748,,,,,,,,,,,,,,,,,,,,,,,,,,,,,
cohorts,2026.0,8,0.0952151407970046,,,,,,,,,,,,,,,,,,,,,,,,,,,,,
cohorts,2026.0,9,0.0979143582124876,,,,,,,,,,,,,,,,,,,,,,,,,,,,,
cohorts,2026.0,10,0.1046901059467381,,,,,,,,,,,,,,,,,,,,,,,,,,,,,
cohorts,2026.0,6,,True,0.0,673.0,-0.55,0.02,-0.36,-0.35,-0.01,-0.68,-0.18,0.27,-0.3,,,,,,,,,,,,,,,,,
cohorts,2026.0,6,,True,1.0,151.0,1.74,1.75,0.09,-0.34,-0.21,0.12,0.06,0.98,0.22,,,,,,,,,,,,,,,,,
cohorts,2026.0,6,,True,2.0,257.0,0.81,-1.18,0.16,0.34,-0.47,-0.03,-0.26,-1.09,0.27,,,,,,,,,,,,,,,,,
cohorts,2026.0,6,,True,3.0,289.0,-0.22,-0.24,-0.96,-0.01,-0.28,0.68,0.66,-0.45,-0.96,,,,,,,,,,,,,,,,,
cohorts,2026.0,6,,True,4.0,386.0,-0.33,-0.04,1.22,-0.15,-0.05,0.32,-0.07,0.02,1.01,,,,,,,,,,,,,,,,,
cohorts,2026.0,6,,True,5.0,173.0,0.5,0.62,-0.02,1.51,1.39,0.76,0.06,0.39,-0.08,,,,,,,,,,,,,,,,,
models,,10,,,,,,,,,,,,,,pooled_base,2022-23,501.0,0.7903202152026962,0.17143711376679915,-0.18057166960107385,18.926427883121143,7.374437960319249,0.052890499753287405,,,,,,,,
models,,10,,,,,,,,,,,,,,pooled_base,2024-25H1,374.0,2.355366518624183,1.0202896118878462,-0.17367332745780484,40.33116021669823,30.034464737294726,0.04236851437758318,,,,,,,,
models,,10,,,,,,,,,,,,,,pooled_base,2025H2-26,312.0,2.3902472806264954,1.1711858273511617,-0.1732273852036017,42.99277203245559,33.23683136935267,0.06023457483626375,,,,,,,,
models,,10,,,,,,,,,,,,,,pooled_base,2024-26,686.0,2.371455667969467,1.0875728180418136,-0.17367332745780484,41.54168920578905,31.4909346923998,0.05049418618969446,,,,,,,,
models,,20,,,,,,,,,,,,,,pooled_base,2022-23,501.0,0.4095235095980402,0.06263305182446732,-0.2070739188932551,14.046800686382376,3.1622351560300954,0.052890499753287405,,,,,,,,
models,,20,,,,,,,,,,,,,,pooled_base,2024-25H1,374.0,2.50690510330484,0.9283994391946575,-0.1419654608485147,37.69715188431807,27.646423169833547,0.04236851437758318,,,,,,,,
models,,20,,,,,,,,,,,,,,pooled_base,2025H2-26,312.0,2.1234086807849204,0.8011849047900959,-0.1730672686184851,34.73525908836298,25.140382759864828,0.06023457483626375,,,,,,,,
models,,20,,,,,,,,,,,,,,pooled_base,2024-26,686.0,2.325920454516919,0.8694635661184595,-0.1730672686184851,36.35005195379622,26.506649688914827,0.05049418618969446,,,,,,,,
models,,10,,,,,,,,,,,,,,pooled_rc,2022-23,501.0,1.243334036078353,0.2896672605938393,-0.15046213307149303,22.719162485523846,11.105248741166703,0.04987931936657384,0.4534666084158461,-0.3069088167617088,1.2372129716981448,0.1125,,,,
models,,10,,,,,,,,,,,,,,pooled_rc,2024-25H1,374.0,2.1036871352015347,0.8879750381776319,-0.24518939506436854,37.73851971665353,27.42330751031125,0.04476300803308183,-0.25201652943236796,-1.2172152886722487,0.672104977760045,0.71,,,,
models,,10,,,,,,,,,,,,,,pooled_rc,2025H2-26,312.0,2.4001665074463228,1.163159514802636,-0.19199741570177964,42.776731315770704,33.05363492420549,0.06123607700738417,0.009935161331015241,-0.844801922080646,0.8281373885591707,0.4825,,,,
models,,10,,,,,,,,,,,,,,pooled_rc,2024-26,686.0,2.243190711624449,1.008500968179217,-0.24518939506436854,40.02995123112082,29.984039511965765,0.052255132697779115,-0.12835854625629883,-0.7837688514636729,0.4913828497493519,0.6465,,,,
models,,20,,,,,,,,,,,,,,pooled_rc,2022-23,501.0,0.879308596563651,0.1701272392308737,-0.15952695252308657,17.961870099883864,7.045122484438004,0.04987931936657384,0.47025463739463247,-0.14188927552999445,1.1361581691609002,0.067,,,,
models,,20,,,,,,,,,,,,,,pooled_rc,2024-25H1,374.0,2.493564634962838,0.8926796203901342,-0.15077818904625007,36.8217606496378,26.8249829740999,0.04476300803308183,-0.01335833903767858,-0.6856082242893612,0.6822579364215217,0.527,,,,
models,,20,,,,,,,,,,,,,,pooled_rc,2025H2-26,312.0,2.4637222283873625,0.9697941314319161,-0.17583383370402939,38.226601333082364,28.634293725450995,0.06123607700738417,0.3408602363847395,-0.259136881935416,0.9312372152618416,0.1315,,,,
models,,20,,,,,,,,,,,,,,pooled_rc,2024-26,686.0,2.479375609970216,0.9273705459703936,-0.17583383370402894,37.460696937151944,27.647876493664832,0.052255132697779115,0.1535671256655342,-0.31223681377523116,0.571484336610229,0.2355,,,,
models,,10,,,,,,,,,,,,,,pooled_rcx,2022-23,501.0,1.0492268978789654,0.25508012527730206,-0.21846346806430805,21.670247029711504,10.208007446989761,0.04850356888132589,0.2591654600348958,-0.6903072737575372,1.2346596518080137,0.3225,,,,
models,,10,,,,,,,,,,,,,,pooled_rcx,2024-25H1,374.0,2.070679488925441,0.8649436801550132,-0.28053837059987896,37.05898801812915,26.921966110167826,0.043129107156720366,-0.2850683922671675,-1.5714488527614696,1.0048305217752767,0.6895,,,,
models,,10,,,,,,,,,,,,,,pooled_rcx,2025H2-26,312.0,2.4455290522503392,1.2048440096709836,-0.2213151120547162,43.45549438143717,33.831762821432044,0.061394240759123836,0.0553705777399256,-0.8525892929008727,1.0197725434932714,0.4515,,,,
models,,10,,,,,,,,,,,,,,pooled_rcx,2024-26,686.0,2.24723513799083,1.0125003708797342,-0.28053837059987896,39.96818624750539,30.064614177098488,0.05143628162311961,-0.12431116883052029,-0.9403650569305804,0.6755471000718654,0.607,,,,
models,,20,,,,,,,,,,,,,,pooled_rcx,2022-23,501.0,0.7107626462340065,0.13026985261201762,-0.22336710684549954,16.461784360202874,5.6591747261246805,0.04850356888132589,0.3015402253034656,-0.423495390334968,0.982979421977606,0.21,,,,
models,,20,,,,,,,,,,,,,,pooled_rcx,2024-25H1,374.0,2.4062177541422316,0.8375301686856447,-0.19778754821140754,35.51890348393228,25.610285635957172,0.043129107156720366,-0.10082222845839217,-0.992301923852327,0.8199281427997338,0.613,,,,
models,,20,,,,,,,,,,,,,,pooled_rcx,2025H2-26,312.0,2.3295611586379517,0.9549780335423572,-0.17185393345049216,38.03024771827476,28.522420756378423,0.061394240759123836,0.2064836467056348,-0.5692125144321267,1.077550590407262,0.2955,,,,
models,,20,,,,,,,,,,,,,,pooled_rcx,2024-26,686.0,2.3645780470793714,0.8900454499175028,-0.19778754821140754,36.66108919984315,26.93475525340824,0.05143628162311961,0.038685799492554906,-0.5661227201197832,0.6384640258767644,0.449,,,,
models,,10,,,,,,,,,,,,,,per_rc,2022-23,501.0,0.7084124396826711,0.17142648284480466,-0.31301214063779104,18.900786431083713,7.828347052034228,0.04526777080639348,-0.08198964238256035,-1.1882864583100217,1.0718627227152357,0.5405,,,,
models,,10,,,,,,,,,,,,,,per_rc,2024-25H1,374.0,0.5951316767715086,0.15482355616254417,-0.31529238566806506,18.0040141040888,8.050617337582509,0.03914146039076673,-1.7625928266229414,-3.2961202879347526,-0.4994173719484185,0.997,,,,
models,,10,,,,,,,,,,,,,,per_rc,2025H2-26,312.0,3.316203510171708,2.0763483390761612,-0.14752757845406206,56.684410178553264,47.23795173638976,0.05789443415681388,0.927443710390913,0.038542758851786346,1.885221115516964,0.0215,,,,
models,,10,,,,,,,,,,,,,,per_rc,2024-26,686.0,1.8610587378249226,0.8032109650372177,-0.31529238566806506,35.59626421375778,25.873428317798055,0.047670509683779436,-0.5107693467793883,-1.5481009785917788,0.36684749193226207,0.876,,,,
models,,20,,,,,,,,,,,,,,per_rc,2022-23,501.0,0.2035916033414234,0.020629180517279133,-0.2932864270432862,12.309070964567182,1.8095296981473865,0.04526777080639348,-0.20613773529975768,-0.9794746088510997,0.6018075843587392,0.6775,,,,
models,,20,,,,,,,,,,,,,,per_rc,2024-25H1,374.0,1.2300569153692227,0.348634984765813,-0.26338531686805067,23.126988910175623,13.381450242487087,0.03914146039076673,-1.2785586350359182,-2.5075082587754767,-0.1174682429933942,0.9865,,,,
models,,20,,,,,,,,,,,,,,per_rc,2025H2-26,312.0,3.0257274197176813,1.3798038205311354,-0.16644727190394482,45.67006536441953,36.263065723951286,0.05789443415681388,0.903768247881513,0.057658181653223776,1.7472973489396575,0.016,,,,
models,,20,,,,,,,,,,,,,,per_rc,2024-26,686.0,2.084984971624517,0.7461113916154667,-0.26338531686805067,33.37981668528364,23.788249120354187,0.047670509683779436,-0.24111128407076743,-1.074413667887742,0.4821367482885771,0.74,,,,
blend,,10,,,,,,,,,,,,,,ensemble,2024-25H1,373.0,2.3043862544242213,1.0128347285636905,-0.18396856485455026,39.798596262134346,29.920125376082595,,,,,,,,,
blend,,10,,,,,,,,,,,,,,ensemble,2025H2-26,312.0,2.146442415992008,1.0411324980050058,-0.1803799934319208,40.364951443574896,30.96557537425993,,,,,,,,,
blend,,10,,,,,,,,,,,,,,ensemble,2024-26,685.0,2.226873712501266,1.0256746592719574,-0.18396856485455026,40.05655657835253,30.396301141675774,,,,,,,,,
blend,,10,,,,,,,,,,,,,,ens6+pooled_base,2024-25H1,373.0,2.5205769165938783,1.1563226499446513,-0.16889009044271142,42.39714080482688,32.6520895475795,,0.2164810459972104,-0.2911840596204174,0.7073055736015642,0.1755,,,,
blend,,10,,,,,,,,,,,,,,ens6+pooled_base,2025H2-26,312.0,2.351058383018109,1.2017087285221706,-0.18104818008963586,43.384404100186515,33.98662512595543,,0.20494466758662933,-0.19335864342714165,0.6154561756978949,0.1495,,,,
blend,,10,,,,,,,,,,,,,,ens6+pooled_base,2024-26,685.0,2.436883518341236,1.176877652701831,-0.18104818008963564,42.84681401380821,33.25993640955511,,0.21016326571126331,-0.1115228524410205,0.5521589877483355,0.1025,,,,
blend,,10,,,,,,,,,,,,,,ens50+pooled_base,2024-25H1,373.0,2.5672478666240917,1.265231318998874,-0.17047899920921905,44.623195330553955,34.8286041885245,,0.26321468369843304,-0.42449411313519575,1.0431548005695224,0.214,,,,
blend,,10,,,,,,,,,,,,,,ens50+pooled_base,2025H2-26,312.0,1.9794965750367357,0.9473496089415265,-0.18066819157684144,38.69945355392308,29.224173067947454,,-0.16721402721804113,-0.8862874980946565,0.5326404947527555,0.661,,,,
blend,,10,,,,,,,,,,,,,,ens50+pooled_base,2024-26,685.0,2.2866602311824713,1.1144731477890062,-0.1806681915768411,41.92508228776734,32.2759289919989,,0.059830206314862355,-0.43610029744038775,0.5638576406838993,0.407,,,,
blend,,10,,,,,,,,,,,,,,ens6+pooled_rc,2024-25H1,373.0,2.321927498361517,0.9088262449772466,-0.1646620615047536,37.16653792510973,27.46339603078839,,0.017564805054613775,-0.5667227804301421,0.5443991264819485,0.4705,-0.19891624094259663,-0.7153006908173641,0.20503255345374477,0.814
blend,,10,,,,,,,,,,,,,,ens6+pooled_rc,2025H2-26,312.0,2.663060381831648,1.3939248532915207,-0.1694140235320991,46.550760301586905,37.13639288465065,,0.5174478747534867,0.035434360295895584,1.0347082714552562,0.015,0.3125032071668574,-3.9110657303520345e-05,0.630084118950256,0.0255
blend,,10,,,,,,,,,,,,,,ens6+pooled_rc,2024-26,685.0,2.484062413706205,1.1162142279961964,-0.169414023532099,41.440811474687656,31.869198977365063,,0.25737663597697136,-0.12854081124701636,0.6484108004399711,0.095,0.04721337026570804,-0.2575492803436434,0.3329235865076758,0.3685
blend,,10,,,,,,,,,,,,,,ens50+pooled_rc,2024-25H1,373.0,2.338043740569341,0.9950917848696179,-0.18160421472431987,39.262814534171426,29.47591895832816,,0.03370269434030426,-0.6977169570312889,0.8392974300410803,0.455,-0.22951198935812878,-0.9036172676856383,0.3925868399824418,0.768
blend,,10,,,,,,,,,,,,,,ens50+pooled_rc,2025H2-26,312.0,2.6668918902221437,1.4140755735627462,-0.15906032671245218,46.97698980629766,37.52531743716102,,0.5212855381815085,-0.30269679734750654,1.327986902367641,0.093,0.6884995653995496,0.1238777829831008,1.347785825831894,0.0075
blend,,10,,,,,,,,,,,,,,ens50+pooled_rc,2024-26,685.0,2.4944719251124527,1.1760591229124895,-0.18160421472431987,42.77642429315448,33.14221432386955,,0.26779375389603954,-0.2712643256919735,0.8670488239657632,0.1685,0.2079635475811772,-0.2486502089595443,0.6461518476864085,0.18
blend,,10,,,,,,,,,,,,,,ens6+pooled_rcx,2024-25H1,373.0,2.3851143823661443,1.0485860024413949,-0.18551967756419852,40.261757095235055,30.570471169807114,,0.08083656066768397,-0.33324469497528997,0.5507952611264525,0.3605,-0.13564448532952644,-0.5775548465078133,0.3321136802991831,0.7305
blend,,10,,,,,,,,,,,,,,ens6+pooled_rcx,2025H2-26,312.0,2.699416641564648,1.5130519303879435,-0.17754873673256444,48.695020631705276,39.29099761907833,,0.5538625381542284,0.1120029609351285,1.0470038749225927,0.006,0.34891787056759904,-0.04253252243176455,0.7829851286518161,0.0455
blend,,10,,,,,,,,,,,,,,ens6+pooled_rcx,2024-26,685.0,2.5344925864995766,1.2484141592703693,-0.18551967756419852,44.10289318775872,34.54244818027809,,0.3078436594678382,-0.00438807934135823,0.6391484496283617,0.0265,0.09768039375657489,-0.20826162847256002,0.41147217615328624,0.276
blend,,10,,,,,,,,,,,,,,ens50+pooled_rcx,2024-25H1,373.0,2.288024161695306,1.0313087105815106,-0.19306940699676134,40.07129019552615,30.39616977659239,,-0.016384070029256126,-0.7605858332043091,0.7733584103833947,0.492,-0.27959875372768916,-0.8498585545406914,0.30947234019158754,0.829
blend,,10,,,,,,,,,,,,,,ens50+pooled_rcx,2025H2-26,312.0,2.2308032331648415,1.1093625109660072,-0.20155119549869893,41.74562583743023,32.30317081930596,,0.08449633664521095,-0.6678298629861396,0.8533164563885088,0.3965,0.2517103638632521,-0.3713061637871824,0.9534258624594217,0.2385
blend,,10,,,,,,,,,,,,,,ens50+pooled_rcx,2024-26,685.0,2.2602992648820908,1.0664954726450064,-0.2015511954986987,40.83390730541531,31.26476003254368,,0.03344997734015376,-0.4874565653743994,0.5767620453206211,0.4495,-0.026380228974708597,-0.45658968841583164,0.42662282093724097,0.555
blend,,10,,,,,,,,,,,,,,ens6+per_rc,2024-25H1,373.0,1.969895107079738,0.7299000217562635,-0.2222426548618821,33.31330808130532,23.59402566764975,,-0.3349404304849952,-1.050232966001426,0.3050503480625554,0.8465,-0.5514214764822056,-1.1663757133146,-0.0029961880779498283,0.976
blend,,10,,,,,,,,,,,,,,ens6+per_rc,2025H2-26,312.0,2.6576070253611164,1.4438023524930013,-0.15065547624382358,47.566833962547015,38.10132645701977,,0.5119857578653071,-0.21647718648890546,1.2658255307159416,0.0835,0.30704109027867776,-0.3713261244633174,0.9023277034922612,0.166
blend,,10,,,,,,,,,,,,,,ens6+per_rc,2024-26,685.0,2.304990058678633,1.0247094145421562,-0.2222426548618821,39.80542497903876,30.201730552735068,,0.07817342791401449,-0.4301987578134666,0.5519082448970466,0.382,-0.13198983779724882,-0.5682524725687004,0.25574437674004197,0.7355
blend,,10,,,,,,,,,,,,,,ens50+per_rc,2024-25H1,373.0,1.780573990200753,0.6575386339313756,-0.20404487493106027,31.761832109264386,22.032938351446642,,-0.5245158404495573,-1.3784321215746955,0.4105249239275753,0.863,-0.7877305241479904,-1.6342135479381354,0.006962811920988158,0.9735
blend,,10,,,,,,,,,,,,,,ens50+per_rc,2025H2-26,312.0,2.3110709589732092,1.2143312031374442,-0.16839159677796633,43.82048933516623,34.37991344876489,,0.16489300667454554,-0.7765685663698825,1.0880252942798112,0.351,0.33210703389258667,-0.5135014568922683,1.0732276946234311,0.201
blend,,10,,,,,,,,,,,,,,ens50+per_rc,2024-26,685.0,2.0386254546256812,0.8912665635160495,-0.20404487493106027,37.254242407777355,27.656670074604737,,-0.18838581599249782,-0.8274946917425435,0.45171367981069577,0.719,-0.24821602230736017,-0.8205437950830482,0.3268396042453471,0.793
models,,10,,,,,,,,,,,,,,pooled_rc,overlap_with_base,,,,,,0.5485256950294861,,,,,,,,,
models,,10,,,,,,,,,,,,,,pooled_rcx,overlap_with_base,,,,,,0.45838247683235045,,,,,,,,,
models,,10,,,,,,,,,,,,,,per_rc,overlap_with_base,,,,,,0.3122156697556866,,,,,,,,,
