k,cap,val,oos,all,ann_ret,maxdd
10,,2.7955904989232807,2.9136559268039814,2.8497863853530663,1.8709135055541992,-0.20631694793701172
10,3.0,2.9954998551048724,2.8618467385823556,2.9277627320051782,1.9260502846358758,-0.21315240493527632
10,2.0,3.068987420690946,2.946461403838464,3.0074542800049624,1.9998902815805777,-0.22693124468453973
15,,2.6902901797248213,2.615923557574122,2.6503617221396243,1.3883240222930908,-0.18113642930984497
15,3.0,2.924152083820281,2.4416412210633704,2.6868308009175923,1.395407780890189,-0.19204312985691363
15,2.0,2.963876432523523,2.3686043539673767,2.674757203273416,1.3565396821159506,-0.20576914375424094
20,,2.7079665104525126,2.5469211480390035,2.626661208200706,1.269468069076538,-0.2017345428466797
20,3.0,2.687925134964904,2.387424287216795,2.539383884785323,1.1790512540367315,-0.21251454612246334
20,2.0,2.8904788757799347,2.349187842757727,2.6290762907798633,1.197792010706999,-0.21705508105429605
