part,variant,pricing,etf,h,period,n,sharpe,mean_bp,ann,maxdd,worst_night,nights_le_m2pct,share_no_cross,night_panel_bp,night_cross_bp,panel_minus_cross_bp,cost_rt_bp,corr_blend_cross,beta_mean,beta_p10,beta_p90
hedge,blend alone,panel,-,0.0,2024-25H1,373.0,2.7955904989232807,41.83054733276367,1.6671104431152344,-0.16196876764297485,-0.13599514961242676,40.0,,,,,,,,,
hedge,blend alone,panel,-,0.0,2025H2-26,312.0,2.9131766793391862,48.991180419921875,2.1344892978668213,-0.20631688833236694,-0.09023367613554001,44.0,,,,,,,,,
hedge,blend alone,panel,-,0.0,2024-26,685.0,2.849554567724488,45.092037200927734,1.8706576824188232,-0.20631670951843262,-0.13599514961242676,84.0,,,,,,,,,
hedge,blend alone,cross,-,0.0,2024-25H1,373.0,2.4822309814700225,37.14093537009464,1.370845812483986,-0.16978935149526486,-0.1342784318072731,41.0,,,,,,,,,
hedge,blend alone,cross,-,0.0,2025H2-26,312.0,2.2661821020327206,37.89500363974005,1.3745171356336137,-0.22153543246052942,-0.09365383039419774,45.0,,,,,,,,,
hedge,blend alone,cross,-,0.0,2024-26,685.0,2.3759518294063,37.48439420240029,1.3725173019389727,-0.22153543246052898,-0.1342784318072731,86.0,,,,,,,,,
etf_data,,,SPY,,2024-25H1,373.0,,,,,,,0.0,5.103602986572679,5.129967585735717,-0.02636459916303801,2.27431764394303,0.544046778875043,,,
etf_data,,,SPY,,2025H2-26,312.0,,,,,,,0.003205128205128205,6.852589823927825,6.953945973482786,-0.10135614955496054,2.19294631792071,0.5578555794225273,,,
etf_data,,,SPY,,2024-26,685.0,,,,,,,0.00145985401459854,5.90321235343316,5.9638619139509945,-0.06064956051783568,2.237115949172303,0.5370238341910205,,,
etf_data,,,QQQ,,2024-25H1,373.0,,,,,,,0.00804289544235925,7.597507037814566,7.328758701761742,0.26874833605282505,2.4531294061921893,0.5414419142846145,,,
etf_data,,,QQQ,,2025H2-26,312.0,,,,,,,0.003205128205128205,9.412275725698228,9.0652172341081,0.34705849159012725,2.2880880227753804,0.6100139708934521,,,
etf_data,,,QQQ,,2024-26,685.0,,,,,,,0.00583941605839416,8.427190835613338,8.122640323952023,0.3045505116613159,2.377675072699744,0.5666004289982185,,,
reconcile 0.5x SPY,"a study 95 formula: net + w x (r - cost), w = -0.5 (cost sign flipped: the short earns the cost)",panel,SPY,0.5,2024-25H1,373.0,2.9133836786621727,40.41836702747166,1.6003231461376326,-0.14806699139769552,-0.1250618457348872,35.0,,,,,,,,,
reconcile 0.5x SPY,"a study 95 formula: net + w x (r - cost), w = -0.5 (cost sign flipped: the short earns the cost)",panel,SPY,0.5,2025H2-26,312.0,2.9247086710634536,46.737541064242784,1.9880001604750892,-0.17640111285003468,-0.08783312470732846,39.0,,,,,,,,,
reconcile 0.5x SPY,"a study 95 formula: net + w x (r - cost), w = -0.5 (cost sign flipped: the short earns the cost)",panel,SPY,0.5,2024-26,685.0,2.9135901823726753,43.29658936246815,1.7702355973660282,-0.17640111285003435,-0.1250618457348872,74.0,,,,,,,,,
reconcile 0.5x SPY,"b same, cost charged: net - 0.5 r - 0.5 cost (study 95 quoted cost, ~2.3 bp round trip)",panel,SPY,0.5,2024-25H1,373.0,2.749425552657652,38.144135884803,1.4559667929300684,-0.15126510055878017,-0.1252826833919385,35.0,,,,,,,,,
reconcile 0.5x SPY,"b same, cost charged: net - 0.5 r - 0.5 cost (study 95 quoted cost, ~2.3 bp round trip)",panel,SPY,0.5,2025H2-26,312.0,2.7874819885630098,44.54449397056976,1.8279606390546612,-0.18073990645287907,-0.08805396236437973,40.0,,,,,,,,,
reconcile 0.5x SPY,"b same, cost charged: net - 0.5 r - 0.5 cost (study 95 quoted cost, ~2.3 bp round trip)",panel,SPY,0.5,2024-26,685.0,2.763020618477834,41.05933548007194,1.6189107414462067,-0.18073990645287907,-0.1252826833919385,75.0,,,,,,,,,
reconcile 0.5x SPY,c quick check: net - 0.5 r - 2 x 2 bp x 0.5 (4 bp round trip),panel,SPY,0.5,2024-25H1,373.0,2.6872435946488924,37.281251456137326,1.4033114680700596,-0.15579314717290782,-0.12537226456341286,36.0,,,,,,,,,
reconcile 0.5x SPY,c quick check: net - 0.5 r - 2 x 2 bp x 0.5 (4 bp round trip),panel,SPY,0.5,2025H2-26,312.0,2.7309406664501976,43.64101751740626,1.7645377105904787,-0.18254009033480112,-0.0881435435358541,40.0,,,,,,,,,
reconcile 0.5x SPY,c quick check: net - 0.5 r - 2 x 2 bp x 0.5 (4 bp round trip),panel,SPY,0.5,2024-26,685.0,2.703718078370654,40.17796242127003,1.5615838741135524,-0.18254009033480123,-0.12537226456341286,76.0,,,,,,,,,
reconcile 0.5x SPY,"d quick check, no hedge cost",panel,SPY,0.5,2024-25H1,373.0,2.8314041842047724,39.28125145613732,1.527118514227788,-0.14883472161868405,-0.12517226456341285,35.0,,,,,,,,,
reconcile 0.5x SPY,"d quick check, no hedge cost",panel,SPY,0.5,2025H2-26,312.0,2.856095432393085,45.641017517406276,1.9068835998705707,-0.1785732549394724,-0.0879435435358541,39.0,,,,,,,,,
reconcile 0.5x SPY,"d quick check, no hedge cost",panel,SPY,0.5,2024-26,685.0,2.8383051960558126,42.177962421270045,1.6935148969372964,-0.17857325493947218,-0.12517226456341285,74.0,,,,,,,,,
reconcile 0.5x SPY,"e correct cost, cross prices (blend and SPY)",cross,SPY,0.5,2024-25H1,373.0,2.4089992632492936,33.442415558584514,1.1822213010748412,-0.1763073562748817,-0.1235412926243113,37.0,,,,,,,,,
reconcile 0.5x SPY,"e correct cost, cross prices (blend and SPY)",cross,SPY,0.5,2025H2-26,312.0,2.102402516943944,33.40155049662525,1.1394154682441968,-0.1962731322330865,-0.0888612112363172,45.0,,,,,,,,,
reconcile 0.5x SPY,"e correct cost, cross prices (blend and SPY)",cross,SPY,0.5,2024-26,685.0,2.2556095179764357,33.423802566860005,1.1626191468740257,-0.19627313223308596,-0.1235412926243113,82.0,,,,,,,,,
reconcile 0.5x SPY,"f correct cost, blend at crosses, SPY at panel open/close",cross,SPY,0.5,2024-25H1,373.0,2.410133623741769,33.45451920073675,1.1829136925948478,-0.1754412960208268,-0.12356596558678484,37.0,,,,,,,,,
reconcile 0.5x SPY,"f correct cost, blend at crosses, SPY at panel open/close",cross,SPY,0.5,2025H2-26,312.0,2.1055004869528915,33.448314357355414,1.1419574926039013,-0.19642430082753493,-0.08880913415448073,45.0,,,,,,,,,
reconcile 0.5x SPY,"f correct cost, blend at crosses, SPY at panel open/close",cross,SPY,0.5,2024-26,685.0,2.257695675974129,33.45169305309444,1.1641629665253945,-0.19642430082753481,-0.12356596558678484,82.0,,,,,,,,,
reconcile 0.5x SPY,"g carved out of the book (long 1/1.5, short 0.5/1.5), cross prices",cross,SPY,0.5,2024-25H1,373.0,2.408999263249293,22.294943705723014,0.7059186597502285,-0.11902134355196159,-0.08236086174954087,20.0,,,,,,,,,
reconcile 0.5x SPY,"g carved out of the book (long 1/1.5, short 0.5/1.5), cross prices",cross,SPY,0.5,2025H2-26,312.0,2.1024025169439438,22.267700331083493,0.6905583139861335,-0.1344495340790811,-0.05924080749087813,28.0,,,,,,,,,
reconcile 0.5x SPY,"g carved out of the book (long 1/1.5, short 0.5/1.5), cross prices",cross,SPY,0.5,2024-26,685.0,2.2556095179764353,22.282535044573336,0.6989051834487732,-0.134449534079081,-0.08236086174954087,48.0,,,,,,,,,
hedge,short 0.25 x SPY (extra notional),cross,SPY,0.25,2024-25H1,373.0,2.4525101705036954,35.29167546433958,1.2754820283970458,-0.16354929138827123,-0.1289098622157922,38.0,,,,,,,,,
hedge,short 0.25 x SPY (extra notional),cross,SPY,0.25,2025H2-26,312.0,2.1882905959298915,35.648277068182644,1.2543700176218842,-0.20897949658047432,-0.09125752081525747,46.0,,,,,,,,,
hedge,short 0.25 x SPY (extra notional),cross,SPY,0.25,2024-26,685.0,2.3212765320220066,35.45409838463014,1.2658416395374932,-0.20897949658047466,-0.1289098622157922,84.0,,,,,,,,,
hedge,short 0.25 x SPY (extra notional),panel,SPY,0.25,2024-25H1,373.0,2.779615685523371,39.987343969481934,1.5603775898929237,-0.15579519469735204,-0.13063891650218262,36.0,,,,,,,,,
hedge,short 0.25 x SPY (extra notional),panel,SPY,0.25,2025H2-26,312.0,2.854373385866936,46.76783861176206,1.9778963928553464,-0.1936040533391623,-0.0878113280156815,42.0,,,,,,,,,
hedge,short 0.25 x SPY (extra notional),panel,SPY,0.25,2024-26,685.0,2.811977962292838,43.075686054724855,1.7427465455146591,-0.19360405333916242,-0.13063891650218262,78.0,,,,,,,,,
hedge,short 0.5 x SPY (extra notional),cross,SPY,0.5,2024-25H1,373.0,2.4089992632492936,33.442415558584514,1.1822213010748412,-0.1763073562748817,-0.1235412926243113,37.0,,,,,,,,,
hedge,short 0.5 x SPY (extra notional),cross,SPY,0.5,2025H2-26,312.0,2.102402516943944,33.40155049662525,1.1394154682441968,-0.1962731322330865,-0.0888612112363172,45.0,,,,,,,,,
hedge,short 0.5 x SPY (extra notional),cross,SPY,0.5,2024-26,685.0,2.2556095179764357,33.423802566860005,1.1626191468740257,-0.19627313223308596,-0.1235412926243113,82.0,,,,,,,,,
hedge,short 0.5 x SPY (extra notional),panel,SPY,0.5,2024-25H1,373.0,2.749425552657652,38.144135884803,1.4559667929300684,-0.15126510055878017,-0.1252826833919385,35.0,,,,,,,,,
hedge,short 0.5 x SPY (extra notional),panel,SPY,0.5,2025H2-26,312.0,2.7874819885630098,44.54449397056976,1.8279606390546612,-0.18073990645287907,-0.08805396236437973,40.0,,,,,,,,,
hedge,short 0.5 x SPY (extra notional),panel,SPY,0.5,2024-26,685.0,2.763020618477834,41.05933548007194,1.6189107414462067,-0.18073990645287907,-0.1252826833919385,75.0,,,,,,,,,
hedge,short 0.75 x SPY (extra notional),cross,SPY,0.75,2024-25H1,373.0,2.3494794576964786,31.59315565282946,1.0911272511035488,-0.19166590892375945,-0.11817272303283037,33.0,,,,,,,,,
hedge,short 0.75 x SPY (extra notional),cross,SPY,0.75,2025H2-26,312.0,2.0080791951974937,31.15482392506784,1.0294805793432418,-0.18341535465296244,-0.08860799408708905,44.0,,,,,,,,,
hedge,short 0.75 x SPY (extra notional),cross,SPY,0.75,2024-26,685.0,2.1778772830746598,31.393506749089862,1.0628199135788514,-0.19166590892375945,-0.11817272303283037,77.0,,,,,,,,,
hedge,short 0.75 x SPY (extra notional),panel,SPY,0.75,2024-25H1,373.0,2.7023385545168788,36.300927800124036,1.353949627501355,-0.16663631844973137,-0.11992645028169434,33.0,,,,,,,,,
hedge,short 0.75 x SPY (extra notional),panel,SPY,0.75,2025H2-26,312.0,2.711855343496085,42.32114932937744,1.6844650841806188,-0.16772344723753196,-0.08837325986412788,39.0,,,,,,,,,
hedge,short 0.75 x SPY (extra notional),panel,SPY,0.75,2024-26,685.0,2.7012394755448965,39.04298490541902,1.4991182624056165,-0.16772344723753174,-0.11992645028169434,72.0,,,,,,,,,
hedge,short 1.0 x SPY (extra notional),cross,SPY,1.0,2024-25H1,373.0,2.2720859691989714,29.743895747074397,1.0022548652678105,-0.20690389870348402,-0.11280415344134946,33.0,,,,,,,,,
hedge,short 1.0 x SPY (extra notional),cross,SPY,1.0,2025H2-26,312.0,1.904986496250785,28.90809735351045,0.9243953185351157,-0.17338303076008277,-0.08892728243839243,44.0,,,,,,,,,
hedge,short 1.0 x SPY (extra notional),cross,SPY,1.0,2024-26,685.0,2.0872404034196825,29.363210931319717,0.9664086690544034,-0.20690389870348402,-0.11280415344134946,77.0,,,,,,,,,
hedge,short 1.0 x SPY (extra notional),panel,SPY,1.0,2024-25H1,373.0,2.635955401862638,34.45771971544509,1.2543897416232035,-0.18189980586821075,-0.1145702171714502,31.0,,,,,,,,,
hedge,short 1.0 x SPY (extra notional),panel,SPY,1.0,2025H2-26,312.0,2.6269175554971955,40.09780468818513,1.5471972064094448,-0.16206546632181806,-0.08869255736387603,40.0,,,,,,,,,
hedge,short 1.0 x SPY (extra notional),panel,SPY,1.0,2024-26,685.0,2.625371853585205,37.0266343307661,1.3833314061584905,-0.18189980586821075,-0.1145702171714502,71.0,,,,,,,,,
hedge,short 0.25 x QQQ (extra notional),cross,QQQ,0.25,2024-25H1,373.0,2.4376738509020726,34.70728365608789,1.245524855331913,-0.16399616851131127,-0.12554340249706905,38.0,,,,,,,,,
hedge,short 0.25 x QQQ (extra notional),cross,QQQ,0.25,2025H2-26,312.0,2.1945224826974714,35.12817478933423,1.2315770791870078,-0.20533470915423424,-0.0900801559709286,45.0,,,,,,,,,
hedge,short 0.25 x QQQ (extra notional),cross,QQQ,0.25,2024-26,685.0,2.3175921570952522,34.89898881458841,1.2391612216707784,-0.20533470915423413,-0.12554340249706905,83.0,,,,,,,,,
hedge,short 0.25 x QQQ (extra notional),panel,QQQ,0.25,2024-25H1,373.0,2.762025341876304,39.329533393858696,1.5219021663633825,-0.15638815159253006,-0.12726012011011925,37.0,,,,,,,,,
hedge,short 0.25 x QQQ (extra notional),panel,QQQ,0.25,2025H2-26,312.0,2.8656475865848425,46.13696159698879,1.9397180311923758,-0.1900943571363224,-0.08776800584352387,39.0,,,,,,,,,
hedge,short 0.25 x QQQ (extra notional),panel,QQQ,0.25,2024-26,685.0,2.8089208448131533,42.4301430279851,1.704285617672196,-0.1900943571363224,-0.12726012011011925,76.0,,,,,,,,,
hedge,short 0.5 x QQQ (extra notional),cross,QQQ,0.5,2024-25H1,373.0,2.36858909215044,32.27363194208114,1.1239822075669612,-0.18201377443894684,-0.11680837318686499,37.0,,,,,,,,,
hedge,short 0.5 x QQQ (extra notional),cross,QQQ,0.5,2025H2-26,312.0,2.107384003399511,32.36134593892841,1.0952287961519818,-0.18887307599870817,-0.08836417467189413,43.0,,,,,,,,,
hedge,short 0.5 x QQQ (extra notional),cross,QQQ,0.5,2024-26,685.0,2.239515415656498,32.31358342677653,1.1108371535709725,-0.18887307599870784,-0.11680837318686499,80.0,,,,,,,,,
hedge,short 0.5 x QQQ (extra notional),panel,QQQ,0.5,2024-25H1,373.0,2.7029192651860643,36.82851473355651,1.381474261715813,-0.15796654927060538,-0.11852509060781174,35.0,,,,,,,,,
hedge,short 0.5 x QQQ (extra notional),panel,QQQ,0.5,2025H2-26,312.0,2.802112270218784,43.282739941023166,1.7543952229522866,-0.17361685478779176,-0.08812064432216432,39.0,,,,,,,,,
hedge,short 0.5 x QQQ (extra notional),panel,QQQ,0.5,2024-26,685.0,2.747585004933867,39.76824942659241,1.5446199866090566,-0.17361685478779187,-0.11852509060781174,74.0,,,,,,,,,
hedge,short 0.75 x QQQ (extra notional),cross,QQQ,0.75,2024-25H1,373.0,2.270598580022652,29.83998022807437,1.0063406498005096,-0.20029927363867217,-0.10807334387666093,33.0,,,,,,,,,
hedge,short 0.75 x QQQ (extra notional),cross,QQQ,0.75,2025H2-26,312.0,2.0027051721885685,29.5945170885226,0.9653211666752364,-0.17214783966701708,-0.08872119749125172,41.0,,,,,,,,,
hedge,short 0.75 x QQQ (extra notional),cross,QQQ,0.75,2024-26,685.0,2.1386796707384175,29.728178038964657,0.9875522153358005,-0.20029927363867217,-0.10807334387666093,74.0,,,,,,,,,
hedge,short 0.75 x QQQ (extra notional),panel,QQQ,0.75,2024-25H1,373.0,2.613104613662672,34.327496073254295,1.245928176425036,-0.1761337109960831,-0.10979006110550424,33.0,,,,,,,,,
hedge,short 0.75 x QQQ (extra notional),panel,QQQ,0.75,2025H2-26,312.0,2.719738906801695,40.42851828505756,1.5782671237215848,-0.1571931606816609,-0.08847328280080477,39.0,,,,,,,,,
hedge,short 0.75 x QQQ (extra notional),panel,QQQ,0.75,2024-26,685.0,2.6616182737382212,37.10635582519972,1.3916266273482254,-0.1761337109960831,-0.10979006110550424,72.0,,,,,,,,,
hedge,short 1.0 x QQQ (extra notional),cross,QQQ,1.0,2024-25H1,373.0,2.1409346068118853,27.40632851406762,0.8926983795836099,-0.21849765028719825,-0.09933831456645685,35.0,,,,,,,,,
hedge,short 1.0 x QQQ (extra notional),cross,QQQ,1.0,2025H2-26,312.0,1.8787833787512422,26.827688238116774,0.8416945985968072,-0.16660001612485364,-0.0890782203106093,40.0,,,,,,,,,
hedge,short 1.0 x QQQ (extra notional),cross,QQQ,1.0,2024-26,685.0,2.012898066240809,27.142772651152786,0.8692946127574059,-0.21849765028719825,-0.09933831456645685,75.0,,,,,,,,,
hedge,short 1.0 x QQQ (extra notional),panel,QQQ,1.0,2024-25H1,373.0,2.4888980215621084,31.826477412952112,1.1153398430518564,-0.19445027380451896,-0.10105503160319672,35.0,,,,,,,,,
hedge,short 1.0 x QQQ (extra notional),panel,QQQ,1.0,2025H2-26,312.0,2.615883314464151,37.57429662909192,1.4110717402611854,-0.14517465464436308,-0.0888259212794452,37.0,,,,,,,,,
hedge,short 1.0 x QQQ (extra notional),panel,QQQ,1.0,2024-26,685.0,2.5477893114493115,34.44446222380704,1.2452502584293734,-0.19445027380451896,-0.10105503160319672,72.0,,,,,,,,,
beta,pick-weighted trailing 60-night beta to SPY,,,,2024-25H1,,,,,,,,,,,,,,1.9160126846993528,0.9056342670675103,2.897127332081584
beta,"realized beta of blend net on SPY night (cross prices, OLS)",,,,2024-25H1,,,,,,,,,,,,,,1.8367811670651786,,
beta,pick-weighted trailing 60-night beta to SPY,,,,2025H2-26,,,,,,,,,,,,,,2.633038813866433,1.2683718058539968,4.048734408404099
beta,"realized beta of blend net on SPY night (cross prices, OLS)",,,,2025H2-26,,,,,,,,,,,,,,2.9239717701376,,
beta,pick-weighted trailing 60-night beta to SPY,,,,2024-26,,,,,,,,,,,,,,2.2425997683491765,1.0145833987830666,3.501051490361585
beta,"realized beta of blend net on SPY night (cross prices, OLS)",,,,2024-26,,,,,,,,,,,,,,2.1650994222424282,,
hedge,short 0.5 x trailing beta x SPY,cross,SPY,1.1121379584796343,2024-25H1,373.0,2.238339933466748,28.374685998380258,0.9410748874327861,-0.18411492551704423,-0.11322614457049067,33.0,,,,,,,,,
hedge,short 0.5 x trailing beta x SPY,cross,SPY,1.1121379584796343,2025H2-26,312.0,1.853944692807685,26.9987061028205,0.8447622842998972,-0.18774639930747838,-0.08871642454502757,41.0,,,,,,,,,
hedge,short 0.5 x trailing beta x SPY,cross,SPY,1.1121379584796343,2024-26,685.0,2.046577659383228,27.747962308723835,0.8965987032543794,-0.18774639930747805,-0.11322614457049067,74.0,,,,,,,,,
hedge,short 0.5 x trailing beta x SPY,panel,SPY,1.1121379584796343,2024-25H1,373.0,2.6144140663075826,33.109206794565424,1.1865598019950259,-0.1581727211398285,-0.11499123860362502,33.0,,,,,,,,,
hedge,short 0.5 x trailing beta x SPY,panel,SPY,1.1121379584796343,2025H2-26,312.0,2.61119363487024,38.22476056362714,1.4445211149310113,-0.15497097817026873,-0.08848169342888207,38.0,,,,,,,,,
hedge,short 0.5 x trailing beta x SPY,panel,SPY,1.1121379584796343,2024-26,685.0,2.607764539102833,35.43921084704317,1.3004939512841691,-0.1581727211398285,-0.11499123860362502,71.0,,,,,,,,,
hedge,short 1.0 x trailing beta x SPY,cross,SPY,1.7347265508129186,2024-25H1,373.0,1.8440992933263955,22.079723812121976,0.6662738974219458,-0.24874640898878697,-0.09217385733370823,30.0,,,,,,,,,
hedge,short 1.0 x trailing beta x SPY,cross,SPY,1.7347265508129186,2025H2-26,312.0,1.6664839213763438,23.409953706471676,0.6934868689724349,-0.17531085319921325,-0.0897827200568762,39.0,,,,,,,,,
hedge,short 1.0 x trailing beta x SPY,cross,SPY,1.7347265508129186,2024-26,685.0,1.751846380753693,22.685609545022864,0.678614055907941,-0.24874640898878697,-0.09217385733370823,69.0,,,,,,,,,
hedge,short 1.0 x trailing beta x SPY,panel,SPY,1.7347265508129186,2024-25H1,373.0,2.2440400436639933,26.81617906650909,0.8773928629022252,-0.21512539952416632,-0.09398732759482328,29.0,,,,,,,,,
hedge,short 1.0 x trailing beta x SPY,panel,SPY,1.7347265508129186,2025H2-26,312.0,2.4552041465682444,34.66813610887632,1.2461801783530788,-0.1512049519001878,-0.08954801949288071,37.0,,,,,,,,,
hedge,short 1.0 x trailing beta x SPY,panel,SPY,1.7347265508129186,2024-26,685.0,2.3421928403178147,30.392544901864678,1.0371912730242792,-0.21512539952416632,-0.09398732759482328,66.0,,,,,,,,,
hedge,short 0.5 x trailing beta x QQQ,cross,QQQ,0.8623016694297279,2024-25H1,373.0,2.2479203345540273,28.611942589180572,0.9519327413286223,-0.17099986638985354,-0.10858243145214654,33.0,,,,,,,,,
hedge,short 0.5 x trailing beta x QQQ,cross,QQQ,0.8623016694297279,2025H2-26,312.0,1.948213216436731,27.05156913972902,0.8585821749766887,-0.1935801179131078,-0.08864660598535173,40.0,,,,,,,,,
hedge,short 0.5 x trailing beta x QQQ,cross,QQQ,0.8623016694297279,2024-26,685.0,2.104484543484484,27.90123234651067,0.9088462500937506,-0.19358011791310814,-0.10858243145214654,73.0,,,,,,,,,
hedge,short 0.5 x trailing beta x QQQ,panel,QQQ,0.8623016694297279,2024-25H1,373.0,2.603437600999007,33.128432099954864,1.186608362237651,-0.14592288014235588,-0.11029914869218585,33.0,,,,,,,,,
hedge,short 0.5 x trailing beta x QQQ,panel,QQQ,0.8623016694297279,2025H2-26,312.0,2.694598892865597,37.61709374576593,1.4223776617523844,-0.14606013275600838,-0.08839960729959338,37.0,,,,,,,,,
hedge,short 0.5 x trailing beta x QQQ,panel,QQQ,0.8623016694297279,2024-26,685.0,2.6460471113360553,35.17290280578415,1.2910065979194405,-0.14606013275600882,-0.11029914869218585,70.0,,,,,,,,,
hedge,short 1.0 x trailing beta x QQQ,cross,QQQ,1.3461788073106347,2024-25H1,373.0,1.8389690618358683,22.215497160354435,0.6706464134528567,-0.21612697809557802,-0.08288643109701994,31.0,,,,,,,,,
hedge,short 1.0 x trailing beta x QQQ,cross,QQQ,1.3461788073106347,2025H2-26,312.0,1.7722719345642781,23.562043103328936,0.7111420514504263,-0.17797762500537884,-0.08964308293752454,35.0,,,,,,,,,
hedge,short 1.0 x trailing beta x QQQ,cross,QQQ,1.3461788073106347,2024-26,685.0,1.806266480754748,22.828814436570557,0.6889709118084171,-0.21612697809557802,-0.08964308293752454,66.0,,,,,,,,,
hedge,short 1.0 x trailing beta x QQQ,panel,QQQ,1.3461788073106347,2024-25H1,373.0,2.2078072660500236,26.616678479151915,0.8665441132267611,-0.1944524567927859,-0.08460314777194494,31.0,,,,,,,,,
hedge,short 1.0 x trailing beta x QQQ,panel,QQQ,1.3461788073106347,2025H2-26,312.0,2.5449935026390964,34.01920034977346,1.2244154842875052,-0.12994952862823628,-0.08938384723430336,35.0,,,,,,,,,
hedge,short 1.0 x trailing beta x QQQ,panel,QQQ,1.3461788073106347,2024-26,685.0,2.368268821072707,29.98833807569779,1.0217862207266988,-0.1944524567927859,-0.08938384723430336,66.0,,,,,,,,,
