test,variant,period,bench,sharpe,ann_ret,maxdd,n,bh_sharpe,bh_ann_ret,bh_maxdd,turnover_yr
1_timing,BTC/USD|asia_00_08,dev,BTC/USD,-5.65457733211149,-0.864660194597451,-0.9976822889786533,1095,0.5141323069641611,0.1309262136369822,-0.766809265352842,
1_timing,BTC/USD|asia_00_08,val,BTC/USD,-7.209986124643274,-0.838768145400937,-0.9366100389079393,547,1.462467011778545,0.8597924810275968,-0.28191562043937624,
1_timing,BTC/USD|asia_00_08,hold,BTC/USD,-9.968217355545645,-0.8669751081591457,-0.9198735027833704,456,-0.24604482509751985,-0.17669960877582813,-0.5307008986819283,
1_timing,BTC/USD|europe_07_13,dev,BTC/USD,-5.360745964471521,-0.8291096472714653,-0.9956691816833549,1095,0.5141323069641611,0.1309262136369822,-0.766809265352842,
1_timing,BTC/USD|europe_07_13,val,BTC/USD,-7.998942255300319,-0.808964170813329,-0.9163397737865722,547,1.462467011778545,0.8597924810275968,-0.28191562043937624,
1_timing,BTC/USD|europe_07_13,hold,BTC/USD,-10.6476915972223,-0.8442209449610347,-0.9017115163922388,456,-0.24604482509751985,-0.17669960877582813,-0.5307008986819283,
1_timing,BTC/USD|us_13_21,dev,BTC/USD,-4.273103884479681,-0.8568880661581878,-0.9973244277160668,1095,0.5141323069641611,0.1309262136369822,-0.766809265352842,
1_timing,BTC/USD|us_13_21,val,BTC/USD,-4.753514710857922,-0.8440054319838945,-0.9419006050680007,547,1.462467011778545,0.8597924810275968,-0.28191562043937624,
1_timing,BTC/USD|us_13_21,hold,BTC/USD,-6.723150848629895,-0.8685892401254328,-0.9210011208544516,456,-0.24604482509751985,-0.17669960877582813,-0.5307008986819283,
1_timing,BTC/USD|us_after_21_24,dev,BTC/USD,-7.184564730435303,-0.8217165499736473,-0.9951722592108206,1095,0.5141323069641611,0.1309262136369822,-0.766809265352842,
1_timing,BTC/USD|us_after_21_24,val,BTC/USD,-9.619331904708105,-0.8113583412728613,-0.9184084577520815,547,1.462467011778545,0.8597924810275968,-0.28191562043937624,
1_timing,BTC/USD|us_after_21_24,hold,BTC/USD,-15.392030182382584,-0.8466395441859124,-0.9031858245746097,456,-0.24604482509751985,-0.17669960877582813,-0.5307008986819283,
1_timing,BTC/USD|not_us_21_13,dev,BTC/USD,-2.8954128602407376,-0.8228477048615257,-0.9957545457100828,1095,0.5141323069641611,0.1309262136369822,-0.766809265352842,
1_timing,BTC/USD|not_us_21_13,val,BTC/USD,-3.3726261266148585,-0.7325898761372739,-0.8667692641425985,547,1.462467011778545,0.8597924810275968,-0.28191562043937624,
1_timing,BTC/USD|not_us_21_13,hold,BTC/USD,-6.529238378148464,-0.858289528755859,-0.9141872131126372,456,-0.24604482509751985,-0.17669960877582813,-0.5307008986819283,
1_timing,BTC/USD|not_asia_08_24,dev,BTC/USD,-2.770541005257825,-0.8123962235326592,-0.9958192474275931,1095,0.5141323069641611,0.1309262136369822,-0.766809265352842,
1_timing,BTC/USD|not_asia_08_24,val,BTC/USD,-2.8438025226285553,-0.7412487125120559,-0.8766334278797173,547,1.462467011778545,0.8597924810275968,-0.28191562043937624,
1_timing,BTC/USD|not_asia_08_24,hold,BTC/USD,-5.309868685180354,-0.861162988386247,-0.9211165856927659,456,-0.24604482509751985,-0.17669960877582813,-0.5307008986819283,
1_timing,BTC/USD|weekend_only,dev,BTC/USD,-0.7071306699717922,-0.17409244927170253,-0.5148091570231517,1095,0.5141323069641611,0.1309262136369822,-0.766809265352842,
1_timing,BTC/USD|weekend_only,val,BTC/USD,-1.1951008049771885,-0.22347962835236868,-0.36715243650177554,547,1.462467011778545,0.8597924810275968,-0.28191562043937624,
1_timing,BTC/USD|weekend_only,hold,BTC/USD,-1.2952187939522801,-0.1792493855601628,-0.2907275631288354,456,-0.24604482509751985,-0.17669960877582813,-0.5307008986819283,
1_timing,BTC/USD|weekdays_only,dev,BTC/USD,-0.07302386821925731,-0.20477201890676222,-0.8250418973690514,1095,0.5141323069641611,0.1309262136369822,-0.766809265352842,
1_timing,BTC/USD|weekdays_only,val,BTC/USD,0.9261027286980525,0.38851328670816,-0.4158340140782283,547,1.462467011778545,0.8597924810275968,-0.28191562043937624,
1_timing,BTC/USD|weekdays_only,hold,BTC/USD,-1.1488084767967512,-0.4162012970997786,-0.6351975031861042,456,-0.24604482509751985,-0.17669960877582813,-0.5307008986819283,
1_timing,BTC/USD|us_weekdays_13_21,dev,BTC/USD,-3.5223545901326,-0.78044367569063,-0.9905141319642762,1095,0.5141323069641611,0.1309262136369822,-0.766809265352842,
1_timing,BTC/USD|us_weekdays_13_21,val,BTC/USD,-3.46156958319918,-0.7211176161844364,-0.8634557667620141,547,1.462467011778545,0.8597924810275968,-0.28191562043937624,
1_timing,BTC/USD|us_weekdays_13_21,hold,BTC/USD,-5.169803441481535,-0.7747654330440624,-0.8471174013479472,456,-0.24604482509751985,-0.17669960877582813,-0.5307008986819283,
1_timing,ETH/USD|asia_00_08,dev,ETH/USD,-4.305478678508814,-0.8668686570888277,-0.9978304314517804,1095,0.8672585334735009,0.45480388310955866,-0.7931468046062057,
1_timing,ETH/USD|asia_00_08,val,ETH/USD,-5.027488966372487,-0.8392654441286846,-0.9373238242143682,547,0.4294498277397556,0.059057303864035404,-0.6380948283809137,
1_timing,ETH/USD|asia_00_08,hold,ETH/USD,-6.986303116384726,-0.8682611394411536,-0.9241837599838982,456,0.4348175000845735,0.07573484808301734,-0.6760525059463339,
1_timing,ETH/USD|europe_07_13,dev,ETH/USD,-4.210784925274866,-0.8367496768630942,-0.9962266241696589,1095,0.8672585334735009,0.45480388310955866,-0.7931468046062057,
1_timing,ETH/USD|europe_07_13,val,ETH/USD,-5.919183897392343,-0.820890588393314,-0.9242092646587292,547,0.4294498277397556,0.059057303864035404,-0.6380948283809137,
1_timing,ETH/USD|europe_07_13,hold,ETH/USD,-7.7122231252949565,-0.8455048577293192,-0.9031351788957999,456,0.4348175000845735,0.07573484808301734,-0.6760525059463339,
1_timing,ETH/USD|us_13_21,dev,ETH/USD,-2.9526884907926245,-0.8150883038304662,-0.9950247209596287,1095,0.8672585334735009,0.45480388310955866,-0.7931468046062057,
1_timing,ETH/USD|us_13_21,val,ETH/USD,-4.7310650186665715,-0.9163738114294225,-0.9771920781210056,547,0.4294498277397556,0.059057303864035404,-0.6380948283809137,
1_timing,ETH/USD|us_13_21,hold,ETH/USD,-3.9618811208347005,-0.8693529480060318,-0.9293462051094696,456,0.4348175000845735,0.07573484808301734,-0.6760525059463339,
1_timing,ETH/USD|us_after_21_24,dev,ETH/USD,-5.473949745292528,-0.8197165770320329,-0.9950015163627429,1095,0.8672585334735009,0.45480388310955866,-0.7931468046062057,
1_timing,ETH/USD|us_after_21_24,val,ETH/USD,-6.897796147048235,-0.796526768324889,-0.9112213478792766,547,0.4294498277397556,0.059057303864035404,-0.6380948283809137,
1_timing,ETH/USD|us_after_21_24,hold,ETH/USD,-8.835055335702693,-0.8221122869926709,-0.8892794629327179,456,0.4348175000845735,0.07573484808301734,-0.6760525059463339,
1_timing,ETH/USD|not_us_21_13,dev,ETH/USD,-2.1597269573463063,-0.8315186527787262,-0.9966971462725904,1095,0.8672585334735009,0.45480388310955866,-0.7931468046062057,
1_timing,ETH/USD|not_us_21_13,val,ETH/USD,-2.3350196967352064,-0.7287501146445643,-0.8711942003142787,547,0.4294498277397556,0.059057303864035404,-0.6380948283809137,
1_timing,ETH/USD|not_us_21_13,hold,ETH/USD,-3.9711490411926347,-0.8219864649491522,-0.9133740373785773,456,0.4348175000845735,0.07573484808301734,-0.6760525059463339,
1_timing,ETH/USD|not_asia_08_24,dev,ETH/USD,-1.7161582359560783,-0.7657113305210332,-0.9955661047740966,1095,0.8672585334735009,0.45480388310955866,-0.7931468046062057,
1_timing,ETH/USD|not_asia_08_24,val,ETH/USD,-2.904246475074133,-0.8588186237335431,-0.9515960774464193,547,0.4294498277397556,0.059057303864035404,-0.6380948283809137,
1_timing,ETH/USD|not_asia_08_24,hold,ETH/USD,-2.852133696357265,-0.8250268849961013,-0.9216749729257941,456,0.4348175000845735,0.07573484808301734,-0.6760525059463339,
1_timing,ETH/USD|weekend_only,dev,ETH/USD,0.06604710594917969,-0.0370624625536804,-0.5258070493120197,1095,0.8672585334735009,0.45480388310955866,-0.7931468046062057,
1_timing,ETH/USD|weekend_only,val,ETH/USD,-0.9155440393611175,-0.27378793026417814,-0.47475334348930676,547,0.4294498277397556,0.059057303864035404,-0.6380948283809137,
1_timing,ETH/USD|weekend_only,hold,ETH/USD,0.025101116703333544,-0.02425384556343335,-0.37126303206990485,456,0.4348175000845735,0.07573484808301734,-0.6760525059463339,
1_timing,ETH/USD|weekdays_only,dev,ETH/USD,0.21108916673381128,-0.12836390958629873,-0.8430204257907051,1095,0.8672585334735009,0.45480388310955866,-0.7931468046062057,
1_timing,ETH/USD|weekdays_only,val,ETH/USD,0.04096854967067552,-0.1601201438637494,-0.6908906787080575,547,0.4294498277397556,0.059057303864035404,-0.6380948283809137,
1_timing,ETH/USD|weekdays_only,hold,ETH/USD,-0.44989148271751994,-0.36255729954274585,-0.7534618227438536,456,0.4348175000845735,0.07573484808301734,-0.6760525059463339,
1_timing,ETH/USD|us_weekdays_13_21,dev,ETH/USD,-2.6803238591566068,-0.7436691509441471,-0.9846988348618539,1095,0.8672585334735009,0.45480388310955866,-0.7931468046062057,
1_timing,ETH/USD|us_weekdays_13_21,val,ETH/USD,-3.925903738381358,-0.8450396537520688,-0.9438670393851434,547,0.4294498277397556,0.059057303864035404,-0.6380948283809137,
1_timing,ETH/USD|us_weekdays_13_21,hold,ETH/USD,-3.2748694936907228,-0.7946663631002167,-0.8803760415488094,456,0.4348175000845735,0.07573484808301734,-0.6760525059463339,
1_timing,SOL/USD|asia_00_08,dev,SOL/USD,-2.170552458393081,-0.8460167503561353,-0.9968034494941926,1095,1.2949751062678194,1.314462848229316,-0.9627331812817919,
1_timing,SOL/USD|asia_00_08,val,SOL/USD,-5.7956285938571,-0.8575998888596745,-0.9461145424755323,547,0.8469481933179491,2.8966738044990867,-0.5979282031697526,
1_timing,SOL/USD|asia_00_08,hold,SOL/USD,-6.1317509219920545,-0.870364478611317,-0.9233612726506855,456,0.046986998592866355,-0.18589940819271134,-0.7489360413470078,
1_timing,SOL/USD|europe_07_13,dev,SOL/USD,-2.239410856556062,-0.8262096712030749,-0.9981919537411861,1095,1.2949751062678194,1.314462848229316,-0.9627331812817919,
1_timing,SOL/USD|europe_07_13,val,SOL/USD,-7.876808401432614,-0.8721433718497982,-0.9540511250861983,547,0.8469481933179491,2.8966738044990867,-0.5979282031697526,
1_timing,SOL/USD|europe_07_13,hold,SOL/USD,-8.4096534595772,-0.9107983989300333,-0.9523500438210685,456,0.046986998592866355,-0.18589940819271134,-0.7489360413470078,
1_timing,SOL/USD|us_13_21,dev,SOL/USD,-1.8831004984741346,-0.8403999912131873,-0.9979239623933979,1095,1.2949751062678194,1.314462848229316,-0.9627331812817919,
1_timing,SOL/USD|us_13_21,val,SOL/USD,0.41229454481432454,-0.6255504349420544,-0.8866067952580722,547,0.8469481933179491,2.8966738044990867,-0.5979282031697526,
1_timing,SOL/USD|us_13_21,hold,SOL/USD,-4.634724974146989,-0.915086362974937,-0.9561063770348399,456,0.046986998592866355,-0.18589940819271134,-0.7489360413470078,
1_timing,SOL/USD|us_after_21_24,dev,SOL/USD,-4.77940432633293,-0.8892851545672591,-0.9989613867220148,1095,1.2949751062678194,1.314462848229316,-0.9627331812817919,
1_timing,SOL/USD|us_after_21_24,val,SOL/USD,-10.060747838014011,-0.8964982358487944,-0.9663997100054795,547,0.8469481933179491,2.8966738044990867,-0.5979282031697526,
1_timing,SOL/USD|us_after_21_24,hold,SOL/USD,-9.181579118314598,-0.8592109721814759,-0.9133481009203743,456,0.046986998592866355,-0.18589940819271134,-0.7489360413470078,
1_timing,SOL/USD|not_us_21_13,dev,SOL/USD,-0.9451415264340157,-0.8078774476416787,-0.9984115391808128,1095,1.2949751062678194,1.314462848229316,-0.9627331812817919,
1_timing,SOL/USD|not_us_21_13,val,SOL/USD,-4.122235829931495,-0.8621956074471123,-0.9489931328474293,547,0.8469481933179491,2.8966738044990867,-0.5979282031697526,
1_timing,SOL/USD|not_us_21_13,hold,SOL/USD,-4.2222648622838,-0.8716422256869161,-0.9379911284728613,456,0.046986998592866355,-0.18589940819271134,-0.7489360413470078,
1_timing,SOL/USD|not_asia_08_24,dev,SOL/USD,-1.073320555234817,-0.800492437761155,-0.9993337302630915,1095,1.2949751062678194,1.314462848229316,-0.9627331812817919,
1_timing,SOL/USD|not_asia_08_24,val,SOL/USD,0.41303015995994746,-0.6372917637582625,-0.8916907159518601,547,0.8469481933179491,2.8966738044990867,-0.5979282031697526,
1_timing,SOL/USD|not_asia_08_24,hold,SOL/USD,-3.9502336609873443,-0.9167322995626637,-0.9646078584781872,456,0.046986998592866355,-0.18589940819271134,-0.7489360413470078,
1_timing,SOL/USD|weekend_only,dev,SOL/USD,0.8358109872487028,0.3805279869772056,-0.5515391473918386,1095,1.2949751062678194,1.314462848229316,-0.9627331812817919,
1_timing,SOL/USD|weekend_only,val,SOL/USD,-0.5218251094679904,-0.22946657298557216,-0.3846776226335632,547,0.8469481933179491,2.8966738044990867,-0.5979282031697526,
1_timing,SOL/USD|weekend_only,hold,SOL/USD,-0.9272138152315165,-0.25464717588824626,-0.4397275810090342,456,0.046986998592866355,-0.18589940819271134,-0.7489360413470078,
1_timing,SOL/USD|weekdays_only,dev,SOL/USD,0.4627975962713451,-0.097082398025782,-0.9727881942715063,1095,1.2949751062678194,1.314462848229316,-0.9627331812817919,
1_timing,SOL/USD|weekdays_only,val,SOL/USD,0.772692228078388,1.7186664268957066,-0.54584390180097,547,0.8469481933179491,2.8966738044990867,-0.5979282031697526,
1_timing,SOL/USD|weekdays_only,hold,SOL/USD,-0.5159533169432587,-0.41011482582508696,-0.7511679631880335,456,0.046986998592866355,-0.18589940819271134,-0.7489360413470078,
1_timing,SOL/USD|us_weekdays_13_21,dev,SOL/USD,-1.7561682384408386,-0.7812897676757797,-0.9940391882679488,1095,1.2949751062678194,1.314462848229316,-0.9627331812817919,
1_timing,SOL/USD|us_weekdays_13_21,val,SOL/USD,0.520176769968654,-0.29651606599558655,-0.8038071605794235,547,0.8469481933179491,2.8966738044990867,-0.5979282031697526,
1_timing,SOL/USD|us_weekdays_13_21,hold,SOL/USD,-3.7371596488267382,-0.84147700579458,-0.906958270509997,456,0.046986998592866355,-0.18589940819271134,-0.7489360413470078,
2_trend,BTC/USD|sma5|vtNone,dev,BTC/USD,-0.29388831899837353,-0.19571397411152502,-0.7750429992834327,1095,0.5108088598976055,0.12844972263522947,-0.7668092653528407,
2_trend,BTC/USD|sma5|vtNone,val,BTC/USD,0.2254351453841687,0.015315148323282513,-0.39119227435133086,547,1.462928329195557,0.8595541646841409,-0.281763897489377,
2_trend,BTC/USD|sma5|vtNone,hold,BTC/USD,-1.3368071249215214,-0.32238726329400624,-0.49393742511638083,455,-0.2587910616271326,-0.18140541281540368,-0.5307008986819255,
2_trend,BTC/USD|sma5|vt0.4,dev,BTC/USD,-0.3105201587743849,-0.12093405340156171,-0.5982391562909614,1095,0.5108088598976055,0.12844972263522947,-0.7668092653528407,
2_trend,BTC/USD|sma5|vt0.4,val,BTC/USD,0.4698233342078405,0.10439054906994816,-0.28281280951040266,547,1.462928329195557,0.8595541646841409,-0.281763897489377,
2_trend,BTC/USD|sma5|vt0.4,hold,BTC/USD,-1.0774237832415023,-0.25735146313159485,-0.4444597699795886,455,-0.2587910616271326,-0.18140541281540368,-0.5307008986819255,
2_trend,BTC/USD|sma5|vt0.6,dev,BTC/USD,-0.35938411165533807,-0.17870343855583093,-0.7131641763274701,1095,0.5108088598976055,0.12844972263522947,-0.7668092653528407,
2_trend,BTC/USD|sma5|vt0.6,val,BTC/USD,0.3196569947756233,0.052309082859248957,-0.3622441150890947,547,1.462928329195557,0.8595541646841409,-0.281763897489377,
2_trend,BTC/USD|sma5|vt0.6,hold,BTC/USD,-1.2346204007424635,-0.30109516041754936,-0.4740386705036105,455,-0.2587910616271326,-0.18140541281540368,-0.5307008986819255,
2_trend,BTC/USD|sma10|vtNone,dev,BTC/USD,-0.28356340389038365,-0.18715353885710428,-0.7683693235417267,1095,0.5108088598976055,0.12844972263522947,-0.7668092653528407,
2_trend,BTC/USD|sma10|vtNone,val,BTC/USD,0.8136942811204658,0.26032060016871217,-0.3190227027450323,547,1.462928329195557,0.8595541646841409,-0.281763897489377,
2_trend,BTC/USD|sma10|vtNone,hold,BTC/USD,-0.6162865032568648,-0.17606331027652666,-0.39415826874770965,455,-0.2587910616271326,-0.18140541281540368,-0.5307008986819255,
2_trend,BTC/USD|sma10|vt0.4,dev,BTC/USD,-0.32865219100280163,-0.12085514562216315,-0.6032963537381308,1095,0.5108088598976055,0.12844972263522947,-0.7668092653528407,
2_trend,BTC/USD|sma10|vt0.4,val,BTC/USD,0.9481075751223812,0.26937722629733285,-0.24847579569463274,547,1.462928329195557,0.8595541646841409,-0.281763897489377,
2_trend,BTC/USD|sma10|vt0.4,hold,BTC/USD,-0.4282585926689041,-0.1264443425371351,-0.3633203355855301,455,-0.2587910616271326,-0.18140541281540368,-0.5307008986819255,
2_trend,BTC/USD|sma10|vt0.6,dev,BTC/USD,-0.2524191471808569,-0.14342720058518688,-0.7104485660048139,1095,0.5108088598976055,0.12844972263522947,-0.7668092653528407,
2_trend,BTC/USD|sma10|vt0.6,val,BTC/USD,0.8616843387561725,0.27543933427272815,-0.3041735791979965,547,1.462928329195557,0.8595541646841409,-0.281763897489377,
2_trend,BTC/USD|sma10|vt0.6,hold,BTC/USD,-0.5673694655119363,-0.16490345863077505,-0.3839120302427712,455,-0.2587910616271326,-0.18140541281540368,-0.5307008986819255,
2_trend,BTC/USD|sma20|vtNone,dev,BTC/USD,-0.16281976580010493,-0.1374129818315699,-0.7092122092382682,1095,0.5108088598976055,0.12844972263522947,-0.7668092653528407,
2_trend,BTC/USD|sma20|vtNone,val,BTC/USD,0.7969282476701063,0.25697823538772435,-0.35202579585228677,547,1.462928329195557,0.8595541646841409,-0.281763897489377,
2_trend,BTC/USD|sma20|vtNone,hold,BTC/USD,0.06213725438698082,-0.018073826527120418,-0.3180158389746386,455,-0.2587910616271326,-0.18140541281540368,-0.5307008986819255,
2_trend,BTC/USD|sma20|vt0.4,dev,BTC/USD,-0.3045848589937159,-0.11654575136373169,-0.5602249389538357,1095,0.5108088598976055,0.12844972263522947,-0.7668092653528407,
2_trend,BTC/USD|sma20|vt0.4,val,BTC/USD,1.0355217765248028,0.31245701583245533,-0.2335605112972794,547,1.462928329195557,0.8595541646841409,-0.281763897489377,
2_trend,BTC/USD|sma20|vt0.4,hold,BTC/USD,0.18310480544189256,0.014854499521852693,-0.29821530462216095,455,-0.2587910616271326,-0.18140541281540368,-0.5307008986819255,
2_trend,BTC/USD|sma20|vt0.6,dev,BTC/USD,-0.18978937375327046,-0.12162105522149846,-0.6218333807301286,1095,0.5108088598976055,0.12844972263522947,-0.7668092653528407,
2_trend,BTC/USD|sma20|vt0.6,val,BTC/USD,0.904965351033573,0.3002036199764131,-0.30972645880663385,547,1.462928329195557,0.8595541646841409,-0.281763897489377,
2_trend,BTC/USD|sma20|vt0.6,hold,BTC/USD,0.06597867955529538,-0.01706835786983485,-0.3171452015516246,455,-0.2587910616271326,-0.18140541281540368,-0.5307008986819255,
2_trend,BTC/USD|sma30|vtNone,dev,BTC/USD,0.45356544367087054,0.10771576410915173,-0.541537941808953,1095,0.5108088598976055,0.12844972263522947,-0.7668092653528407,
2_trend,BTC/USD|sma30|vtNone,val,BTC/USD,0.7977735154322767,0.2538819374681116,-0.38672845733554084,547,1.462928329195557,0.8595541646841409,-0.281763897489377,
2_trend,BTC/USD|sma30|vtNone,hold,BTC/USD,-0.32875491816373315,-0.10769456631303309,-0.34079758120633763,455,-0.2587910616271326,-0.18140541281540368,-0.5307008986819255,
2_trend,BTC/USD|sma30|vt0.4,dev,BTC/USD,0.33447457708454287,0.05604782853306611,-0.45270458084555865,1095,0.5108088598976055,0.12844972263522947,-0.7668092653528407,
2_trend,BTC/USD|sma30|vt0.4,val,BTC/USD,0.9640504071488858,0.281900358151862,-0.2804820465041342,547,1.462928329195557,0.8595541646841409,-0.281763897489377,
2_trend,BTC/USD|sma30|vt0.4,hold,BTC/USD,-0.21967081912498,-0.07870247765323757,-0.32005914897047716,455,-0.2587910616271326,-0.18140541281540368,-0.5307008986819255,
2_trend,BTC/USD|sma30|vt0.6,dev,BTC/USD,0.43745166961229637,0.09697221824162083,-0.5120030358334539,1095,0.5108088598976055,0.12844972263522947,-0.7668092653528407,
2_trend,BTC/USD|sma30|vt0.6,val,BTC/USD,0.8860633087622931,0.28695186533850525,-0.34692882954967297,547,1.462928329195557,0.8595541646841409,-0.281763897489377,
2_trend,BTC/USD|sma30|vt0.6,hold,BTC/USD,-0.32875491816373315,-0.10769456631303309,-0.34079758120633763,455,-0.2587910616271326,-0.18140541281540368,-0.5307008986819255,
2_trend,BTC/USD|mom1|vtNone,dev,BTC/USD,-1.2820964352314488,-0.47708326276644253,-0.8926432460759397,1095,0.5108088598976055,0.12844972263522947,-0.7668092653528407,
2_trend,BTC/USD|mom1|vtNone,val,BTC/USD,-0.5005660801235934,-0.21653592601816696,-0.5407869162627479,547,1.462928329195557,0.8595541646841409,-0.281763897489377,
2_trend,BTC/USD|mom1|vtNone,hold,BTC/USD,-1.9197692019689623,-0.3901658163285282,-0.5188580353217223,455,-0.2587910616271326,-0.18140541281540368,-0.5307008986819255,
2_trend,BTC/USD|mom1|vt0.4,dev,BTC/USD,-1.013574621815604,-0.2826557563042198,-0.6698751649388797,1095,0.5108088598976055,0.12844972263522947,-0.7668092653528407,
2_trend,BTC/USD|mom1|vt0.4,val,BTC/USD,-0.12997580206091935,-0.08109328444592745,-0.3981700377385927,547,1.462928329195557,0.8595541646841409,-0.281763897489377,
2_trend,BTC/USD|mom1|vt0.4,hold,BTC/USD,-1.7201076659433603,-0.3455381362378942,-0.48921274621814126,455,-0.2587910616271326,-0.18140541281540368,-0.5307008986819255,
2_trend,BTC/USD|mom1|vt0.6,dev,BTC/USD,-1.110171329509833,-0.3764917302976145,-0.7804376403295278,1095,0.5108088598976055,0.12844972263522947,-0.7668092653528407,
2_trend,BTC/USD|mom1|vt0.6,val,BTC/USD,-0.42196570712027615,-0.18825892792294496,-0.511051108377556,547,1.462928329195557,0.8595541646841409,-0.281763897489377,
2_trend,BTC/USD|mom1|vt0.6,hold,BTC/USD,-1.8593251005941338,-0.37912265267998213,-0.507972804277522,455,-0.2587910616271326,-0.18140541281540368,-0.5307008986819255,
2_trend,BTC/USD|mom3|vtNone,dev,BTC/USD,-0.21255121686886935,-0.16231847408520672,-0.743035828466831,1095,0.5108088598976055,0.12844972263522947,-0.7668092653528407,
2_trend,BTC/USD|mom3|vtNone,val,BTC/USD,0.8555804680623111,0.2836272960478914,-0.2920975076609045,547,1.462928329195557,0.8595541646841409,-0.281763897489377,
2_trend,BTC/USD|mom3|vtNone,hold,BTC/USD,-1.1581166200077027,-0.2909016153339452,-0.4817336533899894,455,-0.2587910616271326,-0.18140541281540368,-0.5307008986819255,
2_trend,BTC/USD|mom3|vt0.4,dev,BTC/USD,-0.2911238101153068,-0.11340086130326621,-0.5566539751864439,1095,0.5108088598976055,0.12844972263522947,-0.7668092653528407,
2_trend,BTC/USD|mom3|vt0.4,val,BTC/USD,0.8244193611656847,0.23313708254190857,-0.2317506559641921,547,1.462928329195557,0.8595541646841409,-0.281763897489377,
2_trend,BTC/USD|mom3|vt0.4,hold,BTC/USD,-0.9671157078832466,-0.23858083838138233,-0.4427314911351391,455,-0.2587910616271326,-0.18140541281540368,-0.5307008986819255,
2_trend,BTC/USD|mom3|vt0.6,dev,BTC/USD,-0.28609324875592457,-0.15204337736260853,-0.6628531686804953,1095,0.5108088598976055,0.12844972263522947,-0.7668092653528407,
2_trend,BTC/USD|mom3|vt0.6,val,BTC/USD,0.855723757083381,0.2784085797796274,-0.28006466085680415,547,1.462928329195557,0.8595541646841409,-0.281763897489377,
2_trend,BTC/USD|mom3|vt0.6,hold,BTC/USD,-1.075883690850486,-0.27299737340521113,-0.4653706749771508,455,-0.2587910616271326,-0.18140541281540368,-0.5307008986819255,
2_trend,BTC/USD|mom5|vtNone,dev,BTC/USD,-0.7126604921054992,-0.32722100706081614,-0.860673086236267,1095,0.5108088598976055,0.12844972263522947,-0.7668092653528407,
2_trend,BTC/USD|mom5|vtNone,val,BTC/USD,0.07671638521299508,-0.040200148202341746,-0.46455717482126246,547,1.462928329195557,0.8595541646841409,-0.281763897489377,
2_trend,BTC/USD|mom5|vtNone,hold,BTC/USD,-0.1501399850720892,-0.06884485071566626,-0.3274073854762025,455,-0.2587910616271326,-0.18140541281540368,-0.5307008986819255,
2_trend,BTC/USD|mom5|vt0.4,dev,BTC/USD,-0.7189587354702347,-0.21368635591249996,-0.7062469666833595,1095,0.5108088598976055,0.12844972263522947,-0.7668092653528407,
2_trend,BTC/USD|mom5|vt0.4,val,BTC/USD,0.15829111416371155,0.002336239304995935,-0.3739370401142863,547,1.462928329195557,0.8595541646841409,-0.281763897489377,
2_trend,BTC/USD|mom5|vt0.4,hold,BTC/USD,0.21660535490433994,0.023913387701283595,-0.25162692775775986,455,-0.2587910616271326,-0.18140541281540368,-0.5307008986819255,
2_trend,BTC/USD|mom5|vt0.6,dev,BTC/USD,-0.7396750449537741,-0.2799399302428841,-0.8025274453375755,1095,0.5108088598976055,0.12844972263522947,-0.7668092653528407,
2_trend,BTC/USD|mom5|vt0.6,val,BTC/USD,0.15200777743785654,-0.00976259304642968,-0.4301879735393931,547,1.462928329195557,0.8595541646841409,-0.281763897489377,
2_trend,BTC/USD|mom5|vt0.6,hold,BTC/USD,-0.014542844478168808,-0.034896059699803694,-0.2967028084813098,455,-0.2587910616271326,-0.18140541281540368,-0.5307008986819255,
2_trend,BTC/USD|mom10|vtNone,dev,BTC/USD,0.12224375375758986,-0.03656362232444621,-0.6495829430098429,1095,0.5108088598976055,0.12844972263522947,-0.7668092653528407,
2_trend,BTC/USD|mom10|vtNone,val,BTC/USD,0.6756201385243376,0.1984362933710102,-0.36615146660277753,547,1.462928329195557,0.8595541646841409,-0.281763897489377,
2_trend,BTC/USD|mom10|vtNone,hold,BTC/USD,-0.7948126837564189,-0.2127303121952503,-0.3803496328176932,455,-0.2587910616271326,-0.18140541281540368,-0.5307008986819255,
2_trend,BTC/USD|mom10|vt0.4,dev,BTC/USD,-0.058016230572319964,-0.054807564167164036,-0.5263134195781738,1095,0.5108088598976055,0.12844972263522947,-0.7668092653528407,
2_trend,BTC/USD|mom10|vt0.4,val,BTC/USD,0.8757222178547693,0.2466518852804842,-0.3036165031449114,547,1.462928329195557,0.8595541646841409,-0.281763897489377,
2_trend,BTC/USD|mom10|vt0.4,hold,BTC/USD,-0.5447503920214326,-0.1489953475954493,-0.3319381287520733,455,-0.2587910616271326,-0.18140541281540368,-0.5307008986819255,
2_trend,BTC/USD|mom10|vt0.6,dev,BTC/USD,0.08309946285668147,-0.03523299109643119,-0.6012475409970339,1095,0.5108088598976055,0.12844972263522947,-0.7668092653528407,
2_trend,BTC/USD|mom10|vt0.6,val,BTC/USD,0.7599596999316618,0.23045590370678792,-0.35151363651726963,547,1.462928329195557,0.8595541646841409,-0.281763897489377,
2_trend,BTC/USD|mom10|vt0.6,hold,BTC/USD,-0.743839650620497,-0.20099550262788213,-0.36881477719800526,455,-0.2587910616271326,-0.18140541281540368,-0.5307008986819255,
2_trend,BTC/USD|mom20|vtNone,dev,BTC/USD,0.47465358767200605,0.11820258454490817,-0.6165369299702592,1095,0.5108088598976055,0.12844972263522947,-0.7668092653528407,
2_trend,BTC/USD|mom20|vtNone,val,BTC/USD,0.6815175302453812,0.20489406757210937,-0.373809497603268,547,1.462928329195557,0.8595541646841409,-0.281763897489377,
2_trend,BTC/USD|mom20|vtNone,hold,BTC/USD,-0.47092343574029355,-0.13996325688149547,-0.38188690199211495,455,-0.2587910616271326,-0.18140541281540368,-0.5307008986819255,
2_trend,BTC/USD|mom20|vt0.4,dev,BTC/USD,0.3285827031123959,0.054555660418664775,-0.5213707790396861,1095,0.5108088598976055,0.12844972263522947,-0.7668092653528407,
2_trend,BTC/USD|mom20|vt0.4,val,BTC/USD,0.8152920102621044,0.23078374897492604,-0.2863235255121881,547,1.462928329195557,0.8595541646841409,-0.281763897489377,
2_trend,BTC/USD|mom20|vt0.4,hold,BTC/USD,-0.3447997824136171,-0.10508891190589009,-0.35723340398221537,455,-0.2587910616271326,-0.18140541281540368,-0.5307008986819255,
2_trend,BTC/USD|mom20|vt0.6,dev,BTC/USD,0.4206303725019941,0.09091135337493217,-0.5873551002936331,1095,0.5108088598976055,0.12844972263522947,-0.7668092653528407,
2_trend,BTC/USD|mom20|vt0.6,val,BTC/USD,0.7320291543919538,0.22294966247404302,-0.3515110117985766,547,1.462928329195557,0.8595541646841409,-0.281763897489377,
2_trend,BTC/USD|mom20|vt0.6,hold,BTC/USD,-0.46696635313202456,-0.13908260005343498,-0.38109780390811854,455,-0.2587910616271326,-0.18140541281540368,-0.5307008986819255,
2_trend,BTC/USD|mom30|vtNone,dev,BTC/USD,0.8852216055957662,0.30536514983265883,-0.5066533723420168,1095,0.5108088598976055,0.12844972263522947,-0.7668092653528407,
2_trend,BTC/USD|mom30|vtNone,val,BTC/USD,0.5277472942494359,0.13833348088984554,-0.3725608589596583,547,1.462928329195557,0.8595541646841409,-0.281763897489377,
2_trend,BTC/USD|mom30|vtNone,hold,BTC/USD,-0.05585856300253786,-0.04785825023986423,-0.3682283198756414,455,-0.2587910616271326,-0.18140541281540368,-0.5307008986819255,
2_trend,BTC/USD|mom30|vt0.4,dev,BTC/USD,0.718556249493153,0.17591558633416016,-0.4532134431885053,1095,0.5108088598976055,0.12844972263522947,-0.7668092653528407,
2_trend,BTC/USD|mom30|vt0.4,val,BTC/USD,0.5633094844770024,0.13644484829421266,-0.32751785515417586,547,1.462928329195557,0.8595541646841409,-0.281763897489377,
2_trend,BTC/USD|mom30|vt0.4,hold,BTC/USD,0.030135676421078103,-0.02429371018210824,-0.3547753467444992,455,-0.2587910616271326,-0.18140541281540368,-0.5307008986819255,
2_trend,BTC/USD|mom30|vt0.6,dev,BTC/USD,0.8464214639810005,0.26433668386392806,-0.4930975627841707,1095,0.5108088598976055,0.12844972263522947,-0.7668092653528407,
2_trend,BTC/USD|mom30|vt0.6,val,BTC/USD,0.5206594488280941,0.13257756795072861,-0.3686678654554596,547,1.462928329195557,0.8595541646841409,-0.281763897489377,
2_trend,BTC/USD|mom30|vt0.6,hold,BTC/USD,-0.05585856300253786,-0.04785825023986423,-0.3682283198756414,455,-0.2587910616271326,-0.18140541281540368,-0.5307008986819255,
2_trend,BTC/USD|brk10|vtNone,dev,BTC/USD,-0.21008291586855316,-0.13193183032478828,-0.7179784192966041,1095,0.5108088598976055,0.12844972263522947,-0.7668092653528407,
2_trend,BTC/USD|brk10|vtNone,val,BTC/USD,0.6557607590852166,0.17764186430604578,-0.30656043935593946,547,1.462928329195557,0.8595541646841409,-0.281763897489377,
2_trend,BTC/USD|brk10|vtNone,hold,BTC/USD,-0.498585276853755,-0.12472112210669406,-0.2935561833594239,455,-0.2587910616271326,-0.18140541281540368,-0.5307008986819255,
2_trend,BTC/USD|brk10|vt0.4,dev,BTC/USD,-0.4114780096762178,-0.12353908181800854,-0.5809612268573736,1095,0.5108088598976055,0.12844972263522947,-0.7668092653528407,
2_trend,BTC/USD|brk10|vt0.4,val,BTC/USD,0.7372822414347945,0.18013829088175792,-0.2285625896572261,547,1.462928329195557,0.8595541646841409,-0.281763897489377,
2_trend,BTC/USD|brk10|vt0.4,hold,BTC/USD,-0.32306166849955364,-0.08426799767111082,-0.26683549618109204,455,-0.2587910616271326,-0.18140541281540368,-0.5307008986819255,
2_trend,BTC/USD|brk10|vt0.6,dev,BTC/USD,-0.3151202128389439,-0.13876362042104962,-0.6690987117767198,1095,0.5108088598976055,0.12844972263522947,-0.7668092653528407,
2_trend,BTC/USD|brk10|vt0.6,val,BTC/USD,0.7176508798249293,0.19769959441634444,-0.2805408839504345,547,1.462928329195557,0.8595541646841409,-0.281763897489377,
2_trend,BTC/USD|brk10|vt0.6,hold,BTC/USD,-0.498585276853755,-0.12472112210669406,-0.2935561833594239,455,-0.2587910616271326,-0.18140541281540368,-0.5307008986819255,
2_trend,BTC/USD|brk20|vtNone,dev,BTC/USD,0.4132890224782282,0.08909798056107587,-0.5737281299385101,1095,0.5108088598976055,0.12844972263522947,-0.7668092653528407,
2_trend,BTC/USD|brk20|vtNone,val,BTC/USD,1.390297850504731,0.4876783374757685,-0.30688812429922885,547,1.462928329195557,0.8595541646841409,-0.281763897489377,
2_trend,BTC/USD|brk20|vtNone,hold,BTC/USD,-0.16955217381004706,-0.05672287836031764,-0.23938876532733044,455,-0.2587910616271326,-0.18140541281540368,-0.5307008986819255,
2_trend,BTC/USD|brk20|vt0.4,dev,BTC/USD,0.26297801307649954,0.03515441276926712,-0.4814628850058321,1095,0.5108088598976055,0.12844972263522947,-0.7668092653528407,
2_trend,BTC/USD|brk20|vt0.4,val,BTC/USD,1.4971584281257704,0.45116142508890933,-0.2270754789714028,547,1.462928329195557,0.8595541646841409,-0.281763897489377,
2_trend,BTC/USD|brk20|vt0.4,hold,BTC/USD,-0.053028440285348075,-0.030370243050704016,-0.21602523750047542,455,-0.2587910616271326,-0.18140541281540368,-0.5307008986819255,
2_trend,BTC/USD|brk20|vt0.6,dev,BTC/USD,0.4011955370755544,0.08159458786558615,-0.5300703647640463,1095,0.5108088598976055,0.12844972263522947,-0.7668092653528407,
2_trend,BTC/USD|brk20|vt0.6,val,BTC/USD,1.427176320046519,0.49536971554303033,-0.2846406042670906,547,1.462928329195557,0.8595541646841409,-0.281763897489377,
2_trend,BTC/USD|brk20|vt0.6,hold,BTC/USD,-0.16955217381004706,-0.05672287836031764,-0.23938876532733044,455,-0.2587910616271326,-0.18140541281540368,-0.5307008986819255,
2_trend,BTC/USD|brk30|vtNone,dev,BTC/USD,0.36940546024659415,0.07001131530891391,-0.4765003427665948,1095,0.5108088598976055,0.12844972263522947,-0.7668092653528407,
2_trend,BTC/USD|brk30|vtNone,val,BTC/USD,1.2781057661618112,0.44325413232063604,-0.2844322234581721,547,1.462928329195557,0.8595541646841409,-0.281763897489377,
2_trend,BTC/USD|brk30|vtNone,hold,BTC/USD,-1.1065928623069532,-0.23034974735314928,-0.3721634191705553,455,-0.2587910616271326,-0.18140541281540368,-0.5307008986819255,
2_trend,BTC/USD|brk30|vt0.4,dev,BTC/USD,0.203502379392101,0.019713505363166073,-0.4290439151808867,1095,0.5108088598976055,0.12844972263522947,-0.7668092653528407,
2_trend,BTC/USD|brk30|vt0.4,val,BTC/USD,1.299572827578277,0.38204016232602345,-0.22945831640944692,547,1.462928329195557,0.8595541646841409,-0.281763897489377,
2_trend,BTC/USD|brk30|vt0.4,hold,BTC/USD,-1.0519988172823058,-0.20979427734662714,-0.35889334228343106,455,-0.2587910616271326,-0.18140541281540368,-0.5307008986819255,
2_trend,BTC/USD|brk30|vt0.6,dev,BTC/USD,0.3599031098102905,0.06553742896374648,-0.44208868518667166,1095,0.5108088598976055,0.12844972263522947,-0.7668092653528407,
2_trend,BTC/USD|brk30|vt0.6,val,BTC/USD,1.3175385611745436,0.4499506178463153,-0.2620476424845245,547,1.462928329195557,0.8595541646841409,-0.281763897489377,
2_trend,BTC/USD|brk30|vt0.6,hold,BTC/USD,-1.1065928623069532,-0.23034974735314928,-0.3721634191705553,455,-0.2587910616271326,-0.18140541281540368,-0.5307008986819255,
2_trend,ETH/USD|sma5|vtNone,dev,ETH/USD,-0.28621856030797077,-0.25994173197517123,-0.7762806751564653,1095,0.8727013852854931,0.4615182666162585,-0.7931468046062051,
2_trend,ETH/USD|sma5|vtNone,val,ETH/USD,-0.6488102986279226,-0.3359362888851609,-0.6848028436528302,547,0.42987108197128276,0.059491040777731596,-0.6379087264188619,
2_trend,ETH/USD|sma5|vtNone,hold,ETH/USD,-0.25817675542339924,-0.17916651929274863,-0.5683204064061318,455,0.41837664824352583,0.06417812651251276,-0.6760525059463334,
2_trend,ETH/USD|sma5|vt0.4,dev,ETH/USD,-0.2792031161766605,-0.11654138097844091,-0.5932567048264453,1095,0.8727013852854931,0.4615182666162585,-0.7931468046062051,
2_trend,ETH/USD|sma5|vt0.4,val,ETH/USD,-0.24448338358506508,-0.11380175526566061,-0.500676211333387,547,0.42987108197128276,0.059491040777731596,-0.6379087264188619,
2_trend,ETH/USD|sma5|vt0.4,hold,ETH/USD,-0.1579728589796969,-0.08968328840201778,-0.410378893356673,455,0.41837664824352583,0.06417812651251276,-0.6760525059463334,
2_trend,ETH/USD|sma5|vt0.6,dev,ETH/USD,-0.34763887831138895,-0.189743050527854,-0.7117910958530099,1095,0.8727013852854931,0.4615182666162585,-0.7931468046062051,
2_trend,ETH/USD|sma5|vt0.6,val,ETH/USD,-0.44315548162019125,-0.22794881255690003,-0.6054352265050952,547,0.42987108197128276,0.059491040777731596,-0.6379087264188619,
2_trend,ETH/USD|sma5|vt0.6,hold,ETH/USD,-0.01448320056822751,-0.07608878811730335,-0.49125894735447073,455,0.41837664824352583,0.06417812651251276,-0.6760525059463334,
2_trend,ETH/USD|sma10|vtNone,dev,ETH/USD,0.14821150330371588,-0.06435269427913681,-0.5950409861506211,1095,0.8727013852854931,0.4615182666162585,-0.7931468046062051,
2_trend,ETH/USD|sma10|vtNone,val,ETH/USD,-0.22158262198469966,-0.18962365699941663,-0.5821289086482944,547,0.42987108197128276,0.059491040777731596,-0.6379087264188619,
2_trend,ETH/USD|sma10|vtNone,hold,ETH/USD,0.1325731260399938,-0.02986604355052591,-0.5016020092175588,455,0.41837664824352583,0.06417812651251276,-0.6760525059463334,
2_trend,ETH/USD|sma10|vt0.4,dev,ETH/USD,0.3307546222479502,0.05616629524869543,-0.41696727626063146,1095,0.8727013852854931,0.4615182666162585,-0.7931468046062051,
2_trend,ETH/USD|sma10|vt0.4,val,ETH/USD,0.08568667920809842,-0.020508471119212945,-0.4349328562221494,547,0.42987108197128276,0.059491040777731596,-0.6379087264188619,
2_trend,ETH/USD|sma10|vt0.4,hold,ETH/USD,0.25526216398638296,0.03358923975893813,-0.33436820811885837,455,0.41837664824352583,0.06417812651251276,-0.6760525059463334,
2_trend,ETH/USD|sma10|vt0.6,dev,ETH/USD,0.26758045417595705,0.028532023744154422,-0.5323890542394969,1095,0.8727013852854931,0.4615182666162585,-0.7931468046062051,
2_trend,ETH/USD|sma10|vt0.6,val,ETH/USD,-0.16924902961929,-0.13974858931231338,-0.5409562836269932,547,0.42987108197128276,0.059491040777731596,-0.6379087264188619,
2_trend,ETH/USD|sma10|vt0.6,hold,ETH/USD,0.3640394987789335,0.07040059643206864,-0.42493259899245694,455,0.41837664824352583,0.06417812651251276,-0.6760525059463334,
2_trend,ETH/USD|sma20|vtNone,dev,ETH/USD,0.3621496638356688,0.04786883964482902,-0.575903631771026,1095,0.8727013852854931,0.4615182666162585,-0.7931468046062051,
2_trend,ETH/USD|sma20|vtNone,val,ETH/USD,0.33599842765018806,0.05107391560486252,-0.4723047782150598,547,0.42987108197128276,0.059491040777731596,-0.6379087264188619,
2_trend,ETH/USD|sma20|vtNone,hold,ETH/USD,0.5799261175879542,0.17843389639287954,-0.43102167724696794,455,0.41837664824352583,0.06417812651251276,-0.6760525059463334,
2_trend,ETH/USD|sma20|vt0.4,dev,ETH/USD,0.4317146773305291,0.09020613647529219,-0.4071795477983259,1095,0.8727013852854931,0.4615182666162585,-0.7931468046062051,
2_trend,ETH/USD|sma20|vt0.4,val,ETH/USD,0.3705197342667205,0.07204691275100816,-0.39946327506805046,547,0.42987108197128276,0.059491040777731596,-0.6379087264188619,
2_trend,ETH/USD|sma20|vt0.4,hold,ETH/USD,0.6431394029334127,0.17375385598670934,-0.2628218860450441,455,0.41837664824352583,0.06417812651251276,-0.6760525059463334,
2_trend,ETH/USD|sma20|vt0.6,dev,ETH/USD,0.347522366687209,0.05952434633189507,-0.5460069453137082,1095,0.8727013852854931,0.4615182666162585,-0.7931468046062051,
2_trend,ETH/USD|sma20|vt0.6,val,ETH/USD,0.18553042160025432,-0.011121213532709895,-0.4804666171378288,547,0.42987108197128276,0.059491040777731596,-0.6379087264188619,
2_trend,ETH/USD|sma20|vt0.6,hold,ETH/USD,0.6404407500042657,0.201864399238725,-0.37981378738535365,455,0.41837664824352583,0.06417812651251276,-0.6760525059463334,
2_trend,ETH/USD|sma30|vtNone,dev,ETH/USD,0.5509285366758935,0.1617904262480503,-0.5504030390317631,1095,0.8727013852854931,0.4615182666162585,-0.7931468046062051,
2_trend,ETH/USD|sma30|vtNone,val,ETH/USD,0.6955878129668474,0.24183657499470645,-0.3859637551491515,547,0.42987108197128276,0.059491040777731596,-0.6379087264188619,
2_trend,ETH/USD|sma30|vtNone,hold,ETH/USD,1.105901334020197,0.4882689665762139,-0.3765830870649465,455,0.41837664824352583,0.06417812651251276,-0.6760525059463334,
2_trend,ETH/USD|sma30|vt0.4,dev,ETH/USD,0.6566892378903965,0.17039119102347433,-0.375216685057438,1095,0.8727013852854931,0.4615182666162585,-0.7931468046062051,
2_trend,ETH/USD|sma30|vt0.4,val,ETH/USD,0.7062600475759101,0.19211061316325417,-0.3094796577254185,547,0.42987108197128276,0.059491040777731596,-0.6379087264188619,
2_trend,ETH/USD|sma30|vt0.4,hold,ETH/USD,1.096957167795386,0.356821295949036,-0.23460550127566715,455,0.41837664824352583,0.06417812651251276,-0.6760525059463334,
2_trend,ETH/USD|sma30|vt0.6,dev,ETH/USD,0.5637769964050018,0.16114250280231346,-0.5155117792081935,1095,0.8727013852854931,0.4615182666162585,-0.7931468046062051,
2_trend,ETH/USD|sma30|vt0.6,val,ETH/USD,0.5625655272093336,0.16263816309431323,-0.3627357638536959,547,0.42987108197128276,0.059491040777731596,-0.6379087264188619,
2_trend,ETH/USD|sma30|vt0.6,hold,ETH/USD,1.2064378939525064,0.5090502604415541,-0.3253550711535875,455,0.41837664824352583,0.06417812651251276,-0.6760525059463334,
2_trend,ETH/USD|mom1|vtNone,dev,ETH/USD,-0.6033029095313825,-0.4257016234352813,-0.897814084822508,1095,0.8727013852854931,0.4615182666162585,-0.7931468046062051,
2_trend,ETH/USD|mom1|vtNone,val,ETH/USD,-1.7791511044794845,-0.5766189099249904,-0.7840558521540881,547,0.42987108197128276,0.059491040777731596,-0.6379087264188619,
2_trend,ETH/USD|mom1|vtNone,hold,ETH/USD,-0.005360884771224779,-0.08146946833438018,-0.5310623739824345,455,0.41837664824352583,0.06417812651251276,-0.6760525059463334,
2_trend,ETH/USD|mom1|vt0.4,dev,ETH/USD,-0.8021631661252026,-0.25201905200382724,-0.6618298460914975,1095,0.8727013852854931,0.4615182666162585,-0.7931468046062051,
2_trend,ETH/USD|mom1|vt0.4,val,ETH/USD,-1.5336976973468308,-0.3786746969375152,-0.6000965426302565,547,0.42987108197128276,0.059491040777731596,-0.6379087264188619,
2_trend,ETH/USD|mom1|vt0.4,hold,ETH/USD,0.17145527865970264,0.007606154892188188,-0.3845457698168674,455,0.41837664824352583,0.06417812651251276,-0.6760525059463334,
2_trend,ETH/USD|mom1|vt0.6,dev,ETH/USD,-0.933729382478095,-0.37340603440803477,-0.7929993370296602,1095,0.8727013852854931,0.4615182666162585,-0.7931468046062051,
2_trend,ETH/USD|mom1|vt0.6,val,ETH/USD,-1.6715187924848691,-0.49619399992174684,-0.7064635180032242,547,0.42987108197128276,0.059491040777731596,-0.6379087264188619,
2_trend,ETH/USD|mom1|vt0.6,hold,ETH/USD,0.22654290236188435,0.016473896769112484,-0.4726515777623467,455,0.41837664824352583,0.06417812651251276,-0.6760525059463334,
2_trend,ETH/USD|mom3|vtNone,dev,ETH/USD,0.4316718910650289,0.09164347757221525,-0.46121531721164766,1095,0.8727013852854931,0.4615182666162585,-0.7931468046062051,
2_trend,ETH/USD|mom3|vtNone,val,ETH/USD,-0.7125103144668501,-0.3876630027862715,-0.7869281708972435,547,0.42987108197128276,0.059491040777731596,-0.6379087264188619,
2_trend,ETH/USD|mom3|vtNone,hold,ETH/USD,-0.05865703198392563,-0.1119227154701361,-0.5950525117203858,455,0.41837664824352583,0.06417812651251276,-0.6760525059463334,
2_trend,ETH/USD|mom3|vt0.4,dev,ETH/USD,0.35901015916674617,0.06419602750066589,-0.3766262612859359,1095,0.8727013852854931,0.4615182666162585,-0.7931468046062051,
2_trend,ETH/USD|mom3|vt0.4,val,ETH/USD,-0.36721708152249705,-0.17022926672655425,-0.597652100183991,547,0.42987108197128276,0.059491040777731596,-0.6379087264188619,
2_trend,ETH/USD|mom3|vt0.4,hold,ETH/USD,0.1623858225968355,0.00288750664206483,-0.4113958312497159,455,0.41837664824352583,0.06417812651251276,-0.6760525059463334,
2_trend,ETH/USD|mom3|vt0.6,dev,ETH/USD,0.37037002388112034,0.07164199461749243,-0.4387540537196851,1095,0.8727013852854931,0.4615182666162585,-0.7931468046062051,
2_trend,ETH/USD|mom3|vt0.6,val,ETH/USD,-0.600676735783327,-0.3139975671195525,-0.7207457672839858,547,0.42987108197128276,0.059491040777731596,-0.6379087264188619,
2_trend,ETH/USD|mom3|vt0.6,hold,ETH/USD,0.2216816675646592,0.010868010866906586,-0.508880953518202,455,0.41837664824352583,0.06417812651251276,-0.6760525059463334,
2_trend,ETH/USD|mom5|vtNone,dev,ETH/USD,-0.1388373358094948,-0.2092679677208109,-0.7898376765836481,1095,0.8727013852854931,0.4615182666162585,-0.7931468046062051,
2_trend,ETH/USD|mom5|vtNone,val,ETH/USD,-0.3432457918167994,-0.2522068277513628,-0.6683522259907555,547,0.42987108197128276,0.059491040777731596,-0.6379087264188619,
2_trend,ETH/USD|mom5|vtNone,hold,ETH/USD,-0.1707084154375516,-0.1346074873176022,-0.5636465816469791,455,0.41837664824352583,0.06417812651251276,-0.6760525059463334,
2_trend,ETH/USD|mom5|vt0.4,dev,ETH/USD,0.10103418381857998,-0.01577463452464667,-0.5391287866578964,1095,0.8727013852854931,0.4615182666162585,-0.7931468046062051,
2_trend,ETH/USD|mom5|vt0.4,val,ETH/USD,-0.07548940906978209,-0.07337110173130679,-0.49548378880499777,547,0.42987108197128276,0.059491040777731596,-0.6379087264188619,
2_trend,ETH/USD|mom5|vt0.4,hold,ETH/USD,-0.024707182840975967,-0.04679719738853838,-0.40311749436231903,455,0.41837664824352583,0.06417812651251276,-0.6760525059463334,
2_trend,ETH/USD|mom5|vt0.6,dev,ETH/USD,-0.03387220289970788,-0.09317794436004889,-0.6861020389174901,1095,0.8727013852854931,0.4615182666162585,-0.7931468046062051,
2_trend,ETH/USD|mom5|vt0.6,val,ETH/USD,-0.27575857131736403,-0.1875793300600298,-0.5942356137485457,547,0.42987108197128276,0.059491040777731596,-0.6379087264188619,
2_trend,ETH/USD|mom5|vt0.6,hold,ETH/USD,0.03924568267376732,-0.04955801196145315,-0.5079990621931851,455,0.41837664824352583,0.06417812651251276,-0.6760525059463334,
2_trend,ETH/USD|mom10|vtNone,dev,ETH/USD,0.6854727789421793,0.2582545916925767,-0.7066656578888111,1095,0.8727013852854931,0.4615182666162585,-0.7931468046062051,
2_trend,ETH/USD|mom10|vtNone,val,ETH/USD,0.737236246185421,0.27370239992098067,-0.42536672580157997,547,0.42987108197128276,0.059491040777731596,-0.6379087264188619,
2_trend,ETH/USD|mom10|vtNone,hold,ETH/USD,-0.2664882328965907,-0.20194332796671355,-0.6357183012880285,455,0.41837664824352583,0.06417812651251276,-0.6760525059463334,
2_trend,ETH/USD|mom10|vt0.4,dev,ETH/USD,0.5566157666598532,0.13400405918529779,-0.4951259808225268,1095,0.8727013852854931,0.4615182666162585,-0.7931468046062051,
2_trend,ETH/USD|mom10|vt0.4,val,ETH/USD,0.9366695754101725,0.2948391943222122,-0.28923628946917945,547,0.42987108197128276,0.059491040777731596,-0.6379087264188619,
2_trend,ETH/USD|mom10|vt0.4,hold,ETH/USD,-0.19574338061566585,-0.10829245453494318,-0.4654473136683742,455,0.41837664824352583,0.06417812651251276,-0.6760525059463334,
2_trend,ETH/USD|mom10|vt0.6,dev,ETH/USD,0.49515317591036184,0.1279711152190941,-0.631235664975561,1095,0.8727013852854931,0.4615182666162585,-0.7931468046062051,
2_trend,ETH/USD|mom10|vt0.6,val,ETH/USD,0.7332410178002245,0.2546773210024227,-0.3829039521376001,547,0.42987108197128276,0.059491040777731596,-0.6379087264188619,
2_trend,ETH/USD|mom10|vt0.6,hold,ETH/USD,-0.10042222307653835,-0.12095410156860043,-0.5753023602751604,455,0.41837664824352583,0.06417812651251276,-0.6760525059463334,
2_trend,ETH/USD|mom20|vtNone,dev,ETH/USD,0.17431682334186413,-0.06764171451963019,-0.7583548166202349,1095,0.8727013852854931,0.4615182666162585,-0.7931468046062051,
2_trend,ETH/USD|mom20|vtNone,val,ETH/USD,-0.2804771902343985,-0.1977432884648619,-0.6458078695606717,547,0.42987108197128276,0.059491040777731596,-0.6379087264188619,
2_trend,ETH/USD|mom20|vtNone,hold,ETH/USD,0.6534154034384481,0.2162620207278445,-0.4747405919832375,455,0.41837664824352583,0.06417812651251276,-0.6760525059463334,
2_trend,ETH/USD|mom20|vt0.4,dev,ETH/USD,0.11777437089493355,-0.012107186653207536,-0.5606357138336553,1095,0.8727013852854931,0.4615182666162585,-0.7931468046062051,
2_trend,ETH/USD|mom20|vt0.4,val,ETH/USD,-0.21021570864454495,-0.10529210660606769,-0.5278618973675817,547,0.42987108197128276,0.059491040777731596,-0.6379087264188619,
2_trend,ETH/USD|mom20|vt0.4,hold,ETH/USD,0.5515725645349577,0.13705931727516396,-0.35637754177256364,455,0.41837664824352583,0.06417812651251276,-0.6760525059463334,
2_trend,ETH/USD|mom20|vt0.6,dev,ETH/USD,0.06891737159960333,-0.061411424435913964,-0.6824559701875466,1095,0.8727013852854931,0.4615182666162585,-0.7931468046062051,
2_trend,ETH/USD|mom20|vt0.6,val,ETH/USD,-0.415663051927825,-0.21569873098738257,-0.6234724962626297,547,0.42987108197128276,0.059491040777731596,-0.6379087264188619,
2_trend,ETH/USD|mom20|vt0.6,hold,ETH/USD,0.6876482910049655,0.22130837403392967,-0.43845666071535394,455,0.41837664824352583,0.06417812651251276,-0.6760525059463334,
2_trend,ETH/USD|mom30|vtNone,dev,ETH/USD,0.8326259708776151,0.37076766354274926,-0.5030430023704775,1095,0.8727013852854931,0.4615182666162585,-0.7931468046062051,
2_trend,ETH/USD|mom30|vtNone,val,ETH/USD,0.6987641112030578,0.2469138562937121,-0.340358528902427,547,0.42987108197128276,0.059491040777731596,-0.6379087264188619,
2_trend,ETH/USD|mom30|vtNone,hold,ETH/USD,1.195288175541974,0.5611360276578095,-0.447588827615366,455,0.41837664824352583,0.06417812651251276,-0.6760525059463334,
2_trend,ETH/USD|mom30|vt0.4,dev,ETH/USD,1.0072122535754018,0.31474088306421466,-0.28237652292278215,1095,0.8727013852854931,0.4615182666162585,-0.7931468046062051,
2_trend,ETH/USD|mom30|vt0.4,val,ETH/USD,0.6618854138025441,0.17666453150128825,-0.28614002035768427,547,0.42987108197128276,0.059491040777731596,-0.6379087264188619,
2_trend,ETH/USD|mom30|vt0.4,hold,ETH/USD,1.156681252494239,0.3907950130231197,-0.33187321078243603,455,0.41837664824352583,0.06417812651251276,-0.6760525059463334,
2_trend,ETH/USD|mom30|vt0.6,dev,ETH/USD,0.9436244812313128,0.3763667861336941,-0.3704246876507604,1095,0.8727013852854931,0.4615182666162585,-0.7931468046062051,
2_trend,ETH/USD|mom30|vt0.6,val,ETH/USD,0.5659721337866528,0.16493745210686317,-0.33105124688702636,547,0.42987108197128276,0.059491040777731596,-0.6379087264188619,
2_trend,ETH/USD|mom30|vt0.6,hold,ETH/USD,1.2004524942500852,0.520013220442394,-0.43402232448838396,455,0.41837664824352583,0.06417812651251276,-0.6760525059463334,
2_trend,ETH/USD|brk10|vtNone,dev,ETH/USD,0.5409582727045685,0.1559451875544351,-0.5363003984957079,1095,0.8727013852854931,0.4615182666162585,-0.7931468046062051,
2_trend,ETH/USD|brk10|vtNone,val,ETH/USD,0.3056647889861945,0.043384011160494396,-0.45113504803700344,547,0.42987108197128276,0.059491040777731596,-0.6379087264188619,
2_trend,ETH/USD|brk10|vtNone,hold,ETH/USD,0.42889843404213956,0.09702525574114751,-0.4554663038455503,455,0.41837664824352583,0.06417812651251276,-0.6760525059463334,
2_trend,ETH/USD|brk10|vt0.4,dev,ETH/USD,0.6111178307189259,0.13940524527845133,-0.3367982930225334,1095,0.8727013852854931,0.4615182666162585,-0.7931468046062051,
2_trend,ETH/USD|brk10|vt0.4,val,ETH/USD,0.6934329170852649,0.18169171470408507,-0.30633886453514736,547,0.42987108197128276,0.059491040777731596,-0.6379087264188619,
2_trend,ETH/USD|brk10|vt0.4,hold,ETH/USD,0.4450836501699922,0.08954614493814672,-0.3150487647648026,455,0.41837664824352583,0.06417812651251276,-0.6760525059463334,
2_trend,ETH/USD|brk10|vt0.6,dev,ETH/USD,0.5343058227293107,0.137628153917005,-0.45742527275977196,1095,0.8727013852854931,0.4615182666162585,-0.7931468046062051,
2_trend,ETH/USD|brk10|vt0.6,val,ETH/USD,0.3920944546790273,0.08325140643410123,-0.39676148792024246,547,0.42987108197128276,0.059491040777731596,-0.6379087264188619,
2_trend,ETH/USD|brk10|vt0.6,hold,ETH/USD,0.6034205165489142,0.16235115339263917,-0.3938564763699377,455,0.41837664824352583,0.06417812651251276,-0.6760525059463334,
2_trend,ETH/USD|brk20|vtNone,dev,ETH/USD,0.8603311247373411,0.3536895555047541,-0.4028790443848813,1095,0.8727013852854931,0.4615182666162585,-0.7931468046062051,
2_trend,ETH/USD|brk20|vtNone,val,ETH/USD,0.28207837803768004,0.036640561285180784,-0.49332226943005286,547,0.42987108197128276,0.059491040777731596,-0.6379087264188619,
2_trend,ETH/USD|brk20|vtNone,hold,ETH/USD,-0.20468949612382445,-0.13194830879322084,-0.533397917367166,455,0.41837664824352583,0.06417812651251276,-0.6760525059463334,
2_trend,ETH/USD|brk20|vt0.4,dev,ETH/USD,0.8496796778625527,0.22552760000476169,-0.24013586612778004,1095,0.8727013852854931,0.4615182666162585,-0.7931468046062051,
2_trend,ETH/USD|brk20|vt0.4,val,ETH/USD,0.3291259637690351,0.05537765425263741,-0.3917819396527743,547,0.42987108197128276,0.059491040777731596,-0.6379087264188619,
2_trend,ETH/USD|brk20|vt0.4,hold,ETH/USD,-0.20155442554112077,-0.07815913319591006,-0.3525198707605315,455,0.41837664824352583,0.06417812651251276,-0.6760525059463334,
2_trend,ETH/USD|brk20|vt0.6,dev,ETH/USD,0.7650246929860014,0.2477391341784152,-0.34167485959253696,1095,0.8727013852854931,0.4615182666162585,-0.7931468046062051,
2_trend,ETH/USD|brk20|vt0.6,val,ETH/USD,0.13796623492854923,-0.010698030959535476,-0.46842876293511937,547,0.42987108197128276,0.059491040777731596,-0.6379087264188619,
2_trend,ETH/USD|brk20|vt0.6,hold,ETH/USD,-0.11419244444397386,-0.09082713026491251,-0.47896032610896677,455,0.41837664824352583,0.06417812651251276,-0.6760525059463334,
2_trend,ETH/USD|brk30|vtNone,dev,ETH/USD,0.7354820345772389,0.2733957137324601,-0.4171047089595854,1095,0.8727013852854931,0.4615182666162585,-0.7931468046062051,
2_trend,ETH/USD|brk30|vtNone,val,ETH/USD,0.12902429022224138,-0.028920136087827064,-0.5085136311740133,547,0.42987108197128276,0.059491040777731596,-0.6379087264188619,
2_trend,ETH/USD|brk30|vtNone,hold,ETH/USD,0.8866552762390678,0.3081531231547392,-0.35684760380929004,455,0.41837664824352583,0.06417812651251276,-0.6760525059463334,
2_trend,ETH/USD|brk30|vt0.4,dev,ETH/USD,0.773261279196636,0.19782462931134814,-0.21114281985462258,1095,0.8727013852854931,0.4615182666162585,-0.7931468046062051,
2_trend,ETH/USD|brk30|vt0.4,val,ETH/USD,0.05666317428433432,-0.024023610064365486,-0.4298994064697048,547,0.42987108197128276,0.059491040777731596,-0.6379087264188619,
2_trend,ETH/USD|brk30|vt0.4,hold,ETH/USD,0.9248694587334869,0.24775845841075372,-0.25741413108707245,455,0.41837664824352583,0.06417812651251276,-0.6760525059463334,
2_trend,ETH/USD|brk30|vt0.6,dev,ETH/USD,0.7389660261990131,0.2347883557429704,-0.278413855121154,1095,0.8727013852854931,0.4615182666162585,-0.7931468046062051,
2_trend,ETH/USD|brk30|vt0.6,val,ETH/USD,-0.07058892495520112,-0.08899585838387303,-0.5035496599303723,547,0.42987108197128276,0.059491040777731596,-0.6379087264188619,
2_trend,ETH/USD|brk30|vt0.6,hold,ETH/USD,0.9389217047533845,0.30331844893116666,-0.32737621364984404,455,0.41837664824352583,0.06417812651251276,-0.6760525059463334,
3_xsec,mom7d_top3|vsBTC,dev,BTC/USD,0.06148527267947891,-0.355018065697968,-0.9631220013835222,1036,0.5108088598976055,0.12844972263522947,-0.7668092653528407,
3_xsec,mom7d_top3|vsBTC,val,BTC/USD,0.038443497231522336,-0.2438365163590116,-0.6702858205758847,547,1.462928329195557,0.8595541646841409,-0.281763897489377,
3_xsec,mom7d_top3|vsBTC,hold,BTC/USD,-0.6197478823076512,-0.4763526418463878,-0.7884549590853328,455,-0.2587910616271326,-0.18140541281540368,-0.5307008986819255,
3_xsec_ewbench,mom7d_top3,all,EW basket,-0.06130479526297087,-0.35749178650368263,-0.9840229006002862,2038,0.38542218889756186,-0.010735635710720559,-0.8571201641074153,79.77666507709425
3_xsec,rev7d_top3|vsBTC,dev,BTC/USD,0.0831963965254306,-0.29636740893027247,-0.8921047205834304,1036,0.5108088598976055,0.12844972263522947,-0.7668092653528407,
3_xsec,rev7d_top3|vsBTC,val,BTC/USD,0.33541782827744554,-0.06927791107065318,-0.6555572151256439,547,1.462928329195557,0.8595541646841409,-0.281763897489377,
3_xsec,rev7d_top3|vsBTC,hold,BTC/USD,-0.536189964767037,-0.4771204304052602,-0.8132085051657415,455,-0.2587910616271326,-0.18140541281540368,-0.5307008986819255,
3_xsec_ewbench,rev7d_top3,all,EW basket,0.03380277893645849,-0.29015785134989414,-0.9596824971551894,2038,0.38542218889756186,-0.010735635710720559,-0.8571201641074153,82.67763471626134
3_xsec,mom7d_top5|vsBTC,dev,BTC/USD,-0.43825366067497973,-0.44648071736246864,-0.9177216966884384,1036,0.5108088598976055,0.12844972263522947,-0.7668092653528407,
3_xsec,mom7d_top5|vsBTC,val,BTC/USD,0.12655830677368174,-0.1692988189760507,-0.6124899916546647,547,1.462928329195557,0.8595541646841409,-0.281763897489377,
3_xsec,mom7d_top5|vsBTC,hold,BTC/USD,-0.34967737114769115,-0.35766453467732007,-0.7311800026292719,455,-0.2587910616271326,-0.18140541281540368,-0.5307008986819255,
3_xsec_ewbench,mom7d_top5,all,EW basket,-0.2620381450498037,-0.3619070230959015,-0.9477599024680781,2038,0.38542218889756186,-0.010735635710720559,-0.8571201641074153,60.81592751549834
3_xsec,rev7d_top5|vsBTC,dev,BTC/USD,-0.40080908457044134,-0.43396381921936855,-0.9003654010516923,1036,0.5108088598976055,0.12844972263522947,-0.7668092653528407,
3_xsec,rev7d_top5|vsBTC,val,BTC/USD,0.527818364397833,0.10415762670239537,-0.6386111986555201,547,1.462928329195557,0.8595541646841409,-0.281763897489377,
3_xsec,rev7d_top5|vsBTC,hold,BTC/USD,-0.5904041409909975,-0.4769303792312959,-0.8248361293659899,455,-0.2587910616271326,-0.18140541281540368,-0.5307008986819255,
3_xsec_ewbench,rev7d_top5,all,EW basket,-0.1639582637482752,-0.3346102138338386,-0.959449808902417,2038,0.38542218889756186,-0.010735635710720559,-0.8571201641074153,63.04387219837865
3_xsec,mom14d_top3|vsBTC,dev,BTC/USD,0.4354736250227432,-0.0465915456307443,-0.9204769128267004,1036,0.5108088598976055,0.12844972263522947,-0.7668092653528407,
3_xsec,mom14d_top3|vsBTC,val,BTC/USD,0.6896614922944633,0.26306565746416344,-0.6122581733128436,547,1.462928329195557,0.8595541646841409,-0.281763897489377,
3_xsec,mom14d_top3|vsBTC,hold,BTC/USD,-0.7147428943145414,-0.5285635363412948,-0.7977270133167282,455,-0.2587910616271326,-0.18140541281540368,-0.5307008986819255,
3_xsec_ewbench,mom14d_top3,all,EW basket,0.2890583433302271,-0.12142570587977453,-0.9282091695879957,2038,0.38542218889756186,-0.010735635710720559,-0.8571201641074153,52.73962804005723
3_xsec,rev14d_top3|vsBTC,dev,BTC/USD,0.13126166548775023,-0.2670995200724765,-0.9260934595796732,1036,0.5108088598976055,0.12844972263522947,-0.7668092653528407,
3_xsec,rev14d_top3|vsBTC,val,BTC/USD,0.3405091870275805,-0.06766988875477775,-0.6419217949161415,547,1.462928329195557,0.8595541646841409,-0.281763897489377,
3_xsec,rev14d_top3|vsBTC,hold,BTC/USD,-0.5391322154657597,-0.4837202810601645,-0.8443204122199718,455,-0.2587910616271326,-0.18140541281540368,-0.5307008986819255,
3_xsec_ewbench,rev14d_top3,all,EW basket,0.059943253969657245,-0.2770162449953316,-0.9703557086496372,2038,0.38542218889756186,-0.010735635710720559,-0.8571201641074153,60.28214910189159
3_xsec,mom14d_top5|vsBTC,dev,BTC/USD,-0.16897837842765562,-0.3182099556208574,-0.8576295578710963,1036,0.5108088598976055,0.12844972263522947,-0.7668092653528407,
3_xsec,mom14d_top5|vsBTC,val,BTC/USD,0.4522290620663154,0.056272026267102815,-0.6121054493055915,547,1.462928329195557,0.8595541646841409,-0.281763897489377,
3_xsec,mom14d_top5|vsBTC,hold,BTC/USD,-0.40160038321996167,-0.38311097580760634,-0.7250574975864333,455,-0.2587910616271326,-0.18140541281540368,-0.5307008986819255,
3_xsec_ewbench,mom14d_top5,all,EW basket,-0.03975839734918386,-0.25013829528800235,-0.8576295578710963,2038,0.38542218889756186,-0.010735635710720559,-0.8571201641074153,40.34668574153553
3_xsec,rev14d_top5|vsBTC,dev,BTC/USD,-0.44938811186367567,-0.4440348728916468,-0.9175999042955314,1036,0.5108088598976055,0.12844972263522947,-0.7668092653528407,
3_xsec,rev14d_top5|vsBTC,val,BTC/USD,0.33443013222178114,-0.059789991529705766,-0.6376443506204985,547,1.462928329195557,0.8595541646841409,-0.281763897489377,
3_xsec,rev14d_top5|vsBTC,hold,BTC/USD,-0.7586344875395097,-0.5387147232654332,-0.8418022823437166,455,-0.2587910616271326,-0.18140541281540368,-0.5307008986819255,
3_xsec_ewbench,rev14d_top5,all,EW basket,-0.2798332315067937,-0.3859706611500824,-0.9723286596676096,2038,0.38542218889756186,-0.010735635710720559,-0.8571201641074153,42.99237005245589
3_xsec,mom28d_top3|vsBTC,dev,BTC/USD,0.802207107614332,0.35901238723074136,-0.8899680893053996,1036,0.5108088598976055,0.12844972263522947,-0.7668092653528407,
3_xsec,mom28d_top3|vsBTC,val,BTC/USD,0.43385677660098226,0.03450461441614605,-0.5713145062277281,547,1.462928329195557,0.8595541646841409,-0.281763897489377,
3_xsec,mom28d_top3|vsBTC,hold,BTC/USD,-1.0575274839693733,-0.6293807312299016,-0.8293342054845134,455,-0.2587910616271326,-0.18140541281540368,-0.5307008986819255,
3_xsec_ewbench,mom28d_top3,all,EW basket,0.3708319223686699,-0.054988991496478734,-0.8997727702575926,2038,0.38542218889756186,-0.010735635710720559,-0.8571201641074153,39.859322842155464
3_xsec,rev28d_top3|vsBTC,dev,BTC/USD,0.028032667172900996,-0.3424024885674385,-0.8997243940475327,1036,0.5108088598976055,0.12844972263522947,-0.7668092653528407,
3_xsec,rev28d_top3|vsBTC,val,BTC/USD,0.1868120438014499,-0.18194707889797923,-0.6779759417023034,547,1.462928329195557,0.8595541646841409,-0.281763897489377,
3_xsec,rev28d_top3|vsBTC,hold,BTC/USD,-0.14550808721936304,-0.3301519648779272,-0.8214164183596964,455,-0.2587910616271326,-0.18140541281540368,-0.5307008986819255,
3_xsec_ewbench,rev28d_top3,all,EW basket,0.0354187205976172,-0.29983582777116824,-0.9677839088350751,2038,0.38542218889756186,-0.010735635710720559,-0.8571201641074153,46.821649976156415
3_xsec,mom28d_top5|vsBTC,dev,BTC/USD,0.0421681324911141,-0.20579249934994914,-0.8540967295255445,1036,0.5108088598976055,0.12844972263522947,-0.7668092653528407,
3_xsec,mom28d_top5|vsBTC,val,BTC/USD,0.5499961612883648,0.14368148387194624,-0.5313956242717162,547,1.462928329195557,0.8595541646841409,-0.281763897489377,
3_xsec,mom28d_top5|vsBTC,hold,BTC/USD,-0.891716187829946,-0.5529359590297475,-0.7988835568971798,455,-0.2587910616271326,-0.18140541281540368,-0.5307008986819255,
3_xsec_ewbench,mom28d_top5,all,EW basket,-0.010030120044855989,-0.22958698130403332,-0.8540967295255445,2038,0.38542218889756186,-0.010735635710720559,-0.8571201641074153,27.327134000953745
3_xsec,rev28d_top5|vsBTC,dev,BTC/USD,-0.3975112470443578,-0.42717289573419004,-0.9071685488889397,1036,0.5108088598976055,0.12844972263522947,-0.7668092653528407,
3_xsec,rev28d_top5|vsBTC,val,BTC/USD,0.2623083323451064,-0.11298536424295336,-0.6638933043660233,547,1.462928329195557,0.8595541646841409,-0.281763897489377,
3_xsec,rev28d_top5|vsBTC,hold,BTC/USD,-0.036827640404804636,-0.24818439291194583,-0.7666582515267344,455,-0.2587910616271326,-0.18140541281540368,-0.5307008986819255,
3_xsec_ewbench,rev28d_top5,all,EW basket,-0.12628946011961342,-0.3155231160353247,-0.956676441769814,2038,0.38542218889756186,-0.010735635710720559,-0.8571201641074153,32.27038626609443
3_xsec,mom84d_top3|vsBTC,dev,BTC/USD,0.42944652855929527,-0.036950602155320755,-0.9203448096968037,1036,0.5108088598976055,0.12844972263522947,-0.7668092653528407,
3_xsec,mom84d_top3|vsBTC,val,BTC/USD,0.663762763910718,0.23573425572994244,-0.5946972287811467,547,1.462928329195557,0.8595541646841409,-0.281763897489377,
3_xsec,mom84d_top3|vsBTC,hold,BTC/USD,-0.5517942197749315,-0.44005636804772796,-0.8083353887995053,455,-0.2587910616271326,-0.18140541281540368,-0.5307008986819255,
3_xsec_ewbench,mom84d_top3,all,EW basket,0.3157061311976083,-0.08771235440069425,-0.9327742490028369,2038,0.38542218889756186,-0.010735635710720559,-0.8571201641074153,23.265776506119852
3_xsec,rev84d_top3|vsBTC,dev,BTC/USD,0.22709054312017454,-0.20322977612179127,-0.8623469678681422,1036,0.5108088598976055,0.12844972263522947,-0.7668092653528407,
3_xsec,rev84d_top3|vsBTC,val,BTC/USD,0.8253679091619495,0.40892881218244415,-0.5711384512878699,547,1.462928329195557,0.8595541646841409,-0.281763897489377,
3_xsec,rev84d_top3|vsBTC,hold,BTC/USD,0.157318783973558,-0.16056338775258694,-0.7256325988464611,455,-0.2587910616271326,-0.18140541281540368,-0.5307008986819255,
3_xsec_ewbench,rev84d_top3,all,EW basket,0.36339287312557683,-0.06063347183669954,-0.8623469678681422,2038,0.38542218889756186,-0.010735635710720559,-0.8571201641074153,28.60356064218725
3_xsec,mom84d_top5|vsBTC,dev,BTC/USD,-0.23092520859942386,-0.31947448565608993,-0.8898701453972229,1036,0.5108088598976055,0.12844972263522947,-0.7668092653528407,
3_xsec,mom84d_top5|vsBTC,val,BTC/USD,0.324312471311247,-0.04378522711481103,-0.6245168982758454,547,1.462928329195557,0.8595541646841409,-0.281763897489377,
3_xsec,mom84d_top5|vsBTC,hold,BTC/USD,-0.552115957256688,-0.42603360352395836,-0.7841087513200936,455,-0.2587910616271326,-0.18140541281540368,-0.5307008986819255,
3_xsec_ewbench,mom84d_top5,all,EW basket,-0.13155167554360947,-0.28224140378201457,-0.9365666638127672,2038,0.38542218889756186,-0.010735635710720559,-0.8571201641074153,18.206485455412498
3_xsec,rev84d_top5|vsBTC,dev,BTC/USD,-0.15446175736854337,-0.31743701999103224,-0.8670553817139323,1036,0.5108088598976055,0.12844972263522947,-0.7668092653528407,
3_xsec,rev84d_top5|vsBTC,val,BTC/USD,0.8555451630281712,0.44118648869654686,-0.582980095833457,547,1.462928329195557,0.8595541646841409,-0.281763897489377,
3_xsec,rev84d_top5|vsBTC,hold,BTC/USD,0.08608683218001977,-0.18591646134740536,-0.7324636945824823,455,-0.2587910616271326,-0.18140541281540368,-0.5307008986819255,
3_xsec_ewbench,rev84d_top5,all,EW basket,0.1872986023974097,-0.13235004464461197,-0.8670553817139323,2038,0.38542218889756186,-0.010735635710720559,-0.8571201641074153,19.738197424892707
4_leadlag,BTC/USD|crypto_on_if_spy_last15_up,dev,BTC/USD,-0.6341565270181152,-0.22979587574686988,-0.6711873053723962,1092,0.5108088598976055,0.12844972263522947,-0.7668092653528407,
4_leadlag,BTC/USD|crypto_on_if_spy_last15_up,val,BTC/USD,-0.9123612930025851,-0.29380271548298287,-0.48528292587943167,547,1.462928329195557,0.8595541646841409,-0.281763897489377,
4_leadlag,BTC/USD|crypto_on_if_spy_last15_up,hold,BTC/USD,-2.8479390220113285,-0.4654539426085098,-0.5530092167726317,451,-0.2587910616271326,-0.18140541281540368,-0.5307008986819255,
4_leadlag,BTC/USD|crypto_on_if_spy_last15_down,dev,BTC/USD,-1.6597510434983775,-0.5523801615403447,-0.9312954408212151,1092,0.5108088598976055,0.12844972263522947,-0.7668092653528407,
4_leadlag,BTC/USD|crypto_on_if_spy_last15_down,val,BTC/USD,-1.3275187902657968,-0.2966722943692748,-0.4716759606262081,547,1.462928329195557,0.8595541646841409,-0.281763897489377,
4_leadlag,BTC/USD|crypto_on_if_spy_last15_down,hold,BTC/USD,-2.6266822238791048,-0.4840960434559882,-0.5872866249186106,451,-0.2587910616271326,-0.18140541281540368,-0.5307008986819255,
4_leadlag,BTC/USD|spy_pre0700_to_open_if_crypto_on_up,dev,SPY,-2.136011611119399,-0.10610929155657156,-0.2853860320535281,1092,0.569813121781844,0.08848381042480469,-0.2537047863006592,
4_leadlag,BTC/USD|spy_pre0700_to_open_if_crypto_on_up,val,SPY,-1.0713588609068239,-0.037543731432071126,-0.06516484554627722,547,1.1001135665119024,0.1912325620651245,-0.18952536582946777,
4_leadlag,BTC/USD|spy_pre0700_to_open_if_crypto_on_up,hold,SPY,-2.391571466296708,-0.04884918270292582,-0.06660087198647513,452,1.5235093292602873,0.19613432884216309,-0.09132462739944458,
4_leadlag,BTC/USD|spy_open_60min_if_crypto_on_up,dev,SPY,-0.46968974579256995,-0.023135401830726154,-0.10908128498229419,1092,0.569813121781844,0.08848381042480469,-0.2537047863006592,
4_leadlag,BTC/USD|spy_open_60min_if_crypto_on_up,val,SPY,-2.607445395535552,-0.10392022636222897,-0.16204267929832195,547,1.1001135665119024,0.1912325620651245,-0.18952536582946777,
4_leadlag,BTC/USD|spy_open_60min_if_crypto_on_up,hold,SPY,-1.0847405332410858,-0.037392836832607745,-0.04874685854664762,452,1.5235093292602873,0.19613432884216309,-0.09132462739944458,
4_leadlag,BTC/USD|spy_open_60min_if_crypto_on_down,dev,SPY,-0.8752911056406028,-0.04335938269631878,-0.17913784186152093,1092,0.569813121781844,0.08848381042480469,-0.2537047863006592,
4_leadlag,BTC/USD|spy_open_60min_if_crypto_on_down,val,SPY,0.18346068763075385,0.006674514492202466,-0.04444941751069775,547,1.1001135665119024,0.1912325620651245,-0.18952536582946777,
4_leadlag,BTC/USD|spy_open_60min_if_crypto_on_down,hold,SPY,-0.8275431886642316,-0.0331601706942547,-0.05474121987409397,452,1.5235093292602873,0.19613432884216309,-0.09132462739944458,
4_leadlag,ETH/USD|crypto_on_if_spy_last15_up,dev,ETH/USD,-0.10502616644727349,-0.11029449977380912,-0.5671169916121872,1092,0.8727013852854931,0.4615182666162585,-0.7931468046062051,
4_leadlag,ETH/USD|crypto_on_if_spy_last15_up,val,ETH/USD,-0.5902083670125609,-0.3203832700685393,-0.5334613855867072,547,0.42987108197128276,0.059491040777731596,-0.6379087264188619,
4_leadlag,ETH/USD|crypto_on_if_spy_last15_up,hold,ETH/USD,-1.1242647771286067,-0.3322804139059238,-0.5372997485764319,451,0.41837664824352583,0.06417812651251276,-0.6760525059463334,
4_leadlag,ETH/USD|crypto_on_if_spy_last15_down,dev,ETH/USD,-1.5947027444865665,-0.6441245656447864,-0.9666022707546142,1092,0.8727013852854931,0.4615182666162585,-0.7931468046062051,
4_leadlag,ETH/USD|crypto_on_if_spy_last15_down,val,ETH/USD,-0.8289767029368177,-0.3056352304790221,-0.6043148862137095,547,0.42987108197128276,0.059491040777731596,-0.6379087264188619,
4_leadlag,ETH/USD|crypto_on_if_spy_last15_down,hold,ETH/USD,-1.488309582428897,-0.4017989380608231,-0.5552071963957408,451,0.41837664824352583,0.06417812651251276,-0.6760525059463334,
4_leadlag,ETH/USD|spy_pre0700_to_open_if_crypto_on_up,dev,SPY,-1.8625353677730314,-0.0913723280673493,-0.2497128506675147,1092,0.569813121781844,0.08848381042480469,-0.2537047863006592,
4_leadlag,ETH/USD|spy_pre0700_to_open_if_crypto_on_up,val,SPY,-1.6889485960333686,-0.06363822101023786,-0.09579805865462854,547,1.1001135665119024,0.1912325620651245,-0.18952536582946777,
4_leadlag,ETH/USD|spy_pre0700_to_open_if_crypto_on_up,hold,SPY,-2.270248687599324,-0.0523069031579636,-0.0681198622702337,452,1.5235093292602873,0.19613432884216309,-0.09132462739944458,
4_leadlag,ETH/USD|spy_open_60min_if_crypto_on_up,dev,SPY,-0.3461554685954603,-0.017494836009746884,-0.08458417923801875,1092,0.569813121781844,0.08848381042480469,-0.2537047863006592,
4_leadlag,ETH/USD|spy_open_60min_if_crypto_on_up,val,SPY,-2.4818576978153364,-0.09657213252489438,-0.15036361643954343,547,1.1001135665119024,0.1912325620651245,-0.18952536582946777,
4_leadlag,ETH/USD|spy_open_60min_if_crypto_on_up,hold,SPY,-0.9795797858422681,-0.03466212992081519,-0.04982760651829454,452,1.5235093292602873,0.19613432884216309,-0.09132462739944458,
4_leadlag,ETH/USD|spy_open_60min_if_crypto_on_down,dev,SPY,-0.9977372017393503,-0.048851460058037977,-0.15435183655019746,1092,0.569813121781844,0.08848381042480469,-0.2537047863006592,
4_leadlag,ETH/USD|spy_open_60min_if_crypto_on_down,val,SPY,-0.01512230133972026,-0.0015133431801720443,-0.07027005925521024,547,1.1001135665119024,0.1912325620651245,-0.18952536582946777,
4_leadlag,ETH/USD|spy_open_60min_if_crypto_on_down,hold,SPY,-0.9155835573173392,-0.03589512628474112,-0.06529476018704428,452,1.5235093292602873,0.19613432884216309,-0.09132462739944458,
