section,note,n,share,ic,sample,variant,side,period,sharpe,maxdd,target,ic_daily,ic_daily_t,ic_days,trades,trades_yr,days_active,avg_names,net_bp_tr,ex_bp_tr,ann_ret,t,ex_med_bp,ex_trim_bp,top10_share,net_ex_top10_bp
coverage,15:45 price: m5snap rows dropped by the 09:30 open check (all tickers),19292.0,,,,,,,,,,,,,,,,,,,,,,,,
coverage,15:45 price: cells filled from m5snapx (all tickers),426532.0,,,,,,,,,,,,,,,,,,,,,,,,
check,"fast builder, no substitution vs ml_frame 2024-01-18",11.0,1.0,6.0498714447021484e-06,,,,,,,,,,,,,,,,,,,,,,
check,fast builder vs full frame_1545 2024-01-18,11.0,1.0,0.0,,,,,,,,,,,,,,,,,,,,,,
check,"fast builder, no substitution vs ml_frame 2025-05-14",14.0,1.0,1.3113021850585938e-06,,,,,,,,,,,,,,,,,,,,,,
check,fast builder vs full frame_1545 2025-05-14,14.0,1.0,0.0,,,,,,,,,,,,,,,,,,,,,,
check,"fast builder, no substitution vs ml_frame 2026-08-24",5.0,1.0,5.960464477539062e-07,,,,,,,,,,,,,,,,,,,,,,
check,fast builder vs full frame_1545 2026-08-24,5.0,1.0,0.0,,,,,,,,,,,,,,,,,,,,,,
book,,,,,blend,overnight_blend_top10,long,2024-26,2.8497863853530663,-0.20631694793701172,,,,,,,,,,,,,,,,
coverage,events 2024-01..2026-09 with a 15:45 price (scorable),14770.0,0.9932972241029113,,news,,,,,,,,,,,,,,,,,,,,,
ic,,14671.0,,,news,close_close,,2024-26,,,rank,0.02526212273194238,1.7633038790795257,410.0,,,,,,,,,,,,
book,,,,,news,close_close,ls,2024,1.307855450191096,-0.28144556283950806,rank,,,,1256.0,1261.003984063745,138.0,9.101449275362318,33.21294660628981,41.95602358678344,0.4445430040359497,1.305257919424042,,,,
book,,,,,news,close_close,long,2024,2.1581123635127644,-0.1413121223449707,rank,,,,632.0,634.5179282868526,138.0,4.579710144927536,88.56551621835443,84.94380439082279,0.6952575445175171,2.153826138102942,,,,
book,,,,,news,close_close,short,2024,-0.664572885219301,-0.2911333441734314,rank,,,,624.0,626.4860557768924,137.0,4.554744525547445,-22.849274464142628,-1.5828739068447015,-0.1534150242805481,-0.6632529774909243,,,,
book,,,,,news,close_close,long_only_liquid,2024,2.1581123635127644,-0.1413121223449707,rank,,,,632.0,634.5179282868526,138.0,4.579710144927536,88.56551621835443,84.94380439082279,0.6952575445175171,2.153826138102942,,,,
book,,,,,news,close_close,ls,2025,0.3665057110138816,-0.329576313495636,rank,,,,1337.0,1347.696,152.0,8.796052631578947,8.357177186565071,17.28031945353403,0.0674673318862915,0.365048426073529,,,,
book,,,,,news,close_close,long,2025,0.8492177553192766,-0.2413983941078186,rank,,,,673.0,678.384,152.0,4.427631578947368,32.373966846211,31.421140764301633,0.20475471019744873,0.8458411305936119,,,,
book,,,,,news,close_close,short,2025,-0.4333938195883513,-0.37367987632751465,rank,,,,664.0,669.312,149.0,4.456375838926174,-15.985141248588102,2.9478303840361444,-0.12843334674835205,-0.4316705769005885,,,,
book,,,,,news,close_close,long_only_liquid,2025,0.8492177553192766,-0.2413983941078186,rank,,,,673.0,678.384,152.0,4.427631578947368,32.373966846211,31.421140764301633,0.20475471019744873,0.8458411305936119,,,,
book,,,,,news,close_close,ls,2026,1.1429538724907677,-0.2480965256690979,rank,,,,1114.0,1525.6956521739132,120.0,9.283333333333333,33.3298782540395,42.29833721386894,0.5082582235336304,0.9766463797138568,,,,
book,,,,,news,close_close,long,2026,1.0835409066749688,-0.22725242376327515,rank,,,,561.0,768.3260869565217,120.0,4.675,46.410943070409985,45.6738907921123,0.354392409324646,0.9258784009102925,,,,
book,,,,,news,close_close,short,2026,0.5435207947075504,-0.2353276014328003,rank,,,,553.0,757.3695652173914,119.0,4.647058823529412,20.059575610307416,38.8739475022604,0.11969244480133057,0.46443485535731044,,,,
book,,,,,news,close_close,long_only_liquid,2026,1.0835409066749688,-0.22725242376327515,rank,,,,561.0,768.3260869565217,120.0,4.675,46.410943070409985,45.6738907921123,0.354392409324646,0.9258784009102925,,,,
book,,,,,news,close_close,ls,2024-26,0.936922879960047,-0.3690296411514282,rank,,,,3707.0,1363.7430656934307,410.0,9.041463414634146,24.283378574318856,33.15913305907742,0.30863380432128906,1.5447167650819358,29.37693214416504,34.99436950683594,0.45211195945739746,13.340559959411621
book,,,,,news,close_close,long,2024-26,1.365576738689775,-0.34148240089416504,rank,,,,1866.0,686.4700729927007,410.0,4.5512195121951216,55.625736870310824,53.833852491961416,0.40899837017059326,2.2514438780168984,44.08382797241211,56.1127815246582,0.30995413661003113,38.591121673583984
book,,,,,news,close_close,short,2024-26,-0.20676036057206507,-0.3764733076095581,rank,,,,1841.0,677.2729927007299,405.0,4.545679012345679,-7.484597789923955,12.20365863491309,-0.07764655351638794,-0.3408884574829409,17.17112922668457,13.5673246383667,,-29.298725128173828
book,,,,,news,close_close,long_only_liquid,2024-26,1.365576738689775,-0.34148240089416504,rank,,,,1866.0,686.4700729927007,410.0,4.5512195121951216,55.625736870310824,53.833852491961416,0.40899837017059326,2.2514438780168984,44.08382797241211,56.1127815246582,0.30995413661003113,38.591121673583984
ic,,14671.0,,,news,close_1545,,2024-26,,,rank,0.022243028697076863,1.5201555321202387,410.0,,,,,,,,,,,,
book,,,,,news,close_1545,ls,2024,0.7794409448029763,-0.24658221006393433,rank,,,,1257.0,1262.0079681274901,138.0,9.108695652173912,20.81661290523071,29.557353818615752,0.22856807708740234,0.7778928977042456,,,,
book,,,,,news,close_1545,long,2024,1.85400761153161,-0.10852569341659546,rank,,,,632.0,634.5179282868526,138.0,4.579710144927536,75.7806504647943,72.16367311115506,0.5634447336196899,1.850325368350529,,,,
book,,,,,news,close_1545,short,2024,-1.0320378895143005,-0.29306888580322266,rank,,,,625.0,627.4900398406375,137.0,4.562043795620438,-34.763003125,-13.526153125,-0.2140117883682251,-1.0299881598057252,,,,
book,,,,,news,close_1545,long_only_liquid,2024,1.8313909632805954,-0.10852569341659546,rank,,,,632.0,634.5179282868526,138.0,4.579710144927536,74.91220208662975,71.29437796677215,0.5547902584075928,1.827753639008306,,,,
book,,,,,news,close_1545,ls,2025,0.598073928661377,-0.25708723068237305,rank,,,,1336.0,1346.6879999999999,152.0,8.789473684210526,14.686324616392216,23.63045296126497,0.1538102626800537,0.5956958916942457,,,,
book,,,,,news,close_1545,long,2025,1.158030652372275,-0.20864248275756836,rank,,,,673.0,678.384,152.0,4.427631578947368,45.38152105776374,44.45523483933878,0.31332528591156006,1.1534261385012623,,,,
book,,,,,news,close_1545,short,2025,-0.4177579866579245,-0.33505696058273315,rank,,,,663.0,668.304,148.0,4.47972972972973,-16.471852022058822,2.4915603936887254,-0.13492441177368164,-0.41609691452623937,,,,
book,,,,,news,close_1545,long_only_liquid,2025,1.1875586593610292,-0.20864230394363403,rank,,,,673.0,678.384,152.0,4.427631578947368,46.40064891344725,45.472923244799404,0.3227095603942871,1.1828367374425832,,,,
book,,,,,news,close_1545,ls,2026,0.8383834745893517,-0.3230394721031189,rank,,,,1115.0,1527.0652173913045,120.0,9.291666666666666,25.444445417600896,34.48808856502242,0.3264249563217163,0.716393027730197,,,,
book,,,,,news,close_1545,long,2026,0.6600501351131696,-0.2871045470237732,rank,,,,561.0,768.3260869565217,120.0,4.675,29.254940257352942,28.533868092691623,0.18266916275024414,0.5640083912425138,,,,
book,,,,,news,close_1545,short,2026,0.5447467669672585,-0.193509042263031,rank,,,,554.0,758.7391304347826,119.0,4.65546218487395,21.585800005640795,40.5175428700361,0.1260082721710205,0.465482440389298,,,,
book,,,,,news,close_1545,long_only_liquid,2026,0.709256442773559,-0.2871045470237732,rank,,,,561.0,768.3260869565217,120.0,4.675,31.76137408088235,31.038108567290553,0.20431721210479736,0.6060548494524831,,,,
book,,,,,news,close_1545,ls,2024-26,0.7322226507190956,-0.4004530906677246,rank,,,,3708.0,1364.1109489051094,410.0,9.04390243902439,19.999452197950376,28.90455602750809,0.22571337223052979,1.207224872538873,29.55353355407715,31.976085662841797,0.5209481120109558,9.606683731079102
book,,,,,news,close_1545,long,2024-26,1.2231101399152084,-0.3579842448234558,rank,,,,1866.0,686.4700729927007,410.0,4.5512195121951216,50.829134009914256,49.053226319667736,0.3610997200012207,2.016557369961231,41.278350830078125,52.22032928466797,0.32640525698661804,34.422706604003906
book,,,,,news,close_1545,short,2024-26,-0.2965314711218138,-0.3901903033256531,rank,,,,1842.0,677.6408759124088,404.0,4.5594059405940595,-11.231913977673724,8.493362874083877,-0.10350114107131958,-0.48889523845955024,17.496856689453125,11.378591537475586,,-32.19417190551758
book,,,,,news,close_1545,long_only_liquid,2024-26,1.2390380216616386,-0.3579838275909424,rank,,,,1866.0,686.4700729927007,410.0,4.5512195121951216,51.656103463290464,49.87873040594855,0.36852025985717773,2.0428178728182034,42.502403259277344,53.06208419799805,0.3211798071861267,35.25413131713867
overlap,"long picks in blend top10 0.074; short picks in blend top10 0.021; corr daily net on report nights 0.096, all nights 0.074; report nights 410",1866.0,0.0744908896034298,0.09601704694469902,news,close_1545,ls,2024-26,,,rank,0.07402034509124968,,,,,410.0,,,,,,,,,
combo,,,0.0,,news,close_1545,ls,2024,2.7904460399576485,-0.13712447881698608,rank,,,,,,,,,,1.3836939334869385,,,,,
combo,,,0.0,,news,close_1545,ls,2025,3.3496024606156003,-0.16196876764297485,rank,,,,,,,,,,3.1346545219421387,,,,,
combo,,,0.0,,news,close_1545,ls,2026,2.2342121772599866,-0.2063167691230774,rank,,,,,,,,,,1.2542212009429932,,,,,
combo,,,0.0,,news,close_1545,ls,2024-26,2.8498519093154298,-0.20631694793701172,rank,,,,,,,,,,1.8709840774536133,,,,,
combo,,,0.25,,news,close_1545,ls,2024,2.869617200734932,-0.0998835563659668,rank,,,,,,,,,,1.2501330375671387,,,,,
combo,,,0.25,,news,close_1545,ls,2025,3.312473792266987,-0.13695645332336426,rank,,,,,,,,,,2.543025255203247,,,,,
combo,,,0.25,,news,close_1545,ls,2026,2.3429495476250195,-0.19669675827026367,rank,,,,,,,,,,1.2234752178192139,,,,,
combo,,,0.25,,news,close_1545,ls,2024-26,2.8838545879072455,-0.19669663906097412,rank,,,,,,,,,,1.6471359729766846,,,,,
combo,,,0.5,,news,close_1545,ls,2024,2.624551194683443,-0.13131529092788696,rank,,,,,,,,,,1.101058006286621,,,,,
combo,,,0.5,,news,close_1545,ls,2025,3.0140554320954167,-0.1557043194770813,rank,,,,,,,,,,1.9948062896728516,,,,,
combo,,,0.5,,news,close_1545,ls,2026,2.198711672929235,-0.22394704818725586,rank,,,,,,,,,,1.1584584712982178,,,,,
combo,,,0.5,,news,close_1545,ls,2024-26,2.64137595044901,-0.2239469289779663,rank,,,,,,,,,,1.4085819721221924,,,,,
overlap,"long picks in blend top10 0.076; short picks in blend top10 0.021; corr daily net on report nights 0.266, all nights 0.205; report nights 410",1866.0,0.07556270096463022,0.2661032528911745,news,close_1545,long_only_liquid,2024-26,,,rank,0.20517234445275134,,,,,410.0,,,,,,,,,
combo,,,0.0,,news,close_1545,long_only_liquid,2024,2.7904460399576485,-0.13712447881698608,rank,,,,,,,,,,1.3836939334869385,,,,,
combo,,,0.0,,news,close_1545,long_only_liquid,2025,3.3496024606156003,-0.16196876764297485,rank,,,,,,,,,,3.1346545219421387,,,,,
combo,,,0.0,,news,close_1545,long_only_liquid,2026,2.2342121772599866,-0.2063167691230774,rank,,,,,,,,,,1.2542212009429932,,,,,
combo,,,0.0,,news,close_1545,long_only_liquid,2024-26,2.8498519093154298,-0.20631694793701172,rank,,,,,,,,,,1.8709840774536133,,,,,
combo,,,0.25,,news,close_1545,long_only_liquid,2024,3.05037841591042,-0.09683108329772949,rank,,,,,,,,,,1.372666835784912,,,,,
combo,,,0.25,,news,close_1545,long_only_liquid,2025,3.336225164155032,-0.1530146598815918,rank,,,,,,,,,,2.6389143466949463,,,,,
combo,,,0.25,,news,close_1545,long_only_liquid,2026,2.2651018762680377,-0.20424818992614746,rank,,,,,,,,,,1.147279977798462,,,,,
combo,,,0.25,,news,close_1545,long_only_liquid,2024-26,2.928406151342374,-0.2042483687400818,rank,,,,,,,,,,1.700096845626831,,,,,
combo,,,0.5,,news,close_1545,long_only_liquid,2024,3.120631221348258,-0.10478973388671875,rank,,,,,,,,,,1.3450815677642822,,,,,
combo,,,0.5,,news,close_1545,long_only_liquid,2025,3.1660194571836735,-0.15138590335845947,rank,,,,,,,,,,2.1746716499328613,,,,,
combo,,,0.5,,news,close_1545,long_only_liquid,2026,2.1554715349357774,-0.21536648273468018,rank,,,,,,,,,,1.027388095855713,,,,,
combo,,,0.5,,news,close_1545,long_only_liquid,2024-26,2.847420189701364,-0.21536660194396973,rank,,,,,,,,,,1.518740177154541,,,,,
ic,,14671.0,,,news,lag1_lag1,,2024-26,,,rank,0.00414182751038515,0.25236595266195927,410.0,,,,,,,,,,,,
book,,,,,news,lag1_lag1,ls,2024,-0.37107887554051383,-0.31949156522750854,rank,,,,1259.0,1264.01593625498,138.0,9.123188405797102,-8.587331370383241,0.12051217076890142,-0.14034032821655273,-0.3703418760532391,,,,
book,,,,,news,lag1_lag1,long,2024,0.8262832448862191,-0.2184320092201233,rank,,,,632.0,634.5179282868526,138.0,4.579710144927536,32.832615333267405,29.231188810324365,0.19315874576568604,0.8246421643290524,,,,
book,,,,,news,lag1_lag1,short,2024,-1.6210554958649375,-0.3172649145126343,rank,,,,627.0,629.4980079681275,137.0,4.576642335766423,-50.337576006778306,-29.222304251395535,-0.2856876254081726,-1.617835918712894,,,,
book,,,,,news,lag1_lag1,long_only_liquid,2024,0.8262832448862191,-0.2184320092201233,rank,,,,632.0,634.5179282868526,138.0,4.579710144927536,32.832615333267405,29.231188810324365,0.19315874576568604,0.8246421643290524,,,,
book,,,,,news,lag1_lag1,ls,2025,-0.30011740006388354,-0.3428122401237488,rank,,,,1330.0,1340.6399999999999,152.0,8.75,-8.225283423402256,0.9387920178865131,-0.16245371103286743,-0.29892408559617445,,,,
book,,,,,news,lag1_lag1,long,2025,0.11919675852374143,-0.1785324215888977,rank,,,,673.0,678.384,152.0,4.427631578947368,4.562513422292905,3.677569317073737,-0.002714395523071289,0.11872281327291583,,,,
book,,,,,news,lag1_lag1,short,2025,-0.524741615266758,-0.3663904070854187,rank,,,,657.0,662.256,147.0,4.469387755102041,-21.324495219748858,-1.8666841689854452,-0.1625576615333557,-0.5226551592293087,,,,
book,,,,,news,lag1_lag1,long_only_liquid,2025,0.11919675852374143,-0.1785324215888977,rank,,,,673.0,678.384,152.0,4.427631578947368,4.562513422292905,3.677569317073737,-0.002714395523071289,0.11872281327291583,,,,
book,,,,,news,lag1_lag1,ls,2026,1.5235189382864438,-0.22844326496124268,rank,,,,1109.0,1518.8478260869565,120.0,9.241666666666667,49.40387243575293,58.44459394724977,0.8826526403427124,1.301836663154552,,,,
book,,,,,news,lag1_lag1,long,2026,0.9721349724095295,-0.24479597806930542,rank,,,,561.0,768.3260869565217,120.0,4.675,46.96182528409091,46.20490056818182,0.3414931297302246,0.8306827810364379,,,,
book,,,,,news,lag1_lag1,short,2026,1.6364168437129547,-0.08678245544433594,rank,,,,548.0,750.5217391304349,118.0,4.6440677966101696,51.90384779881387,70.97465214416059,0.4351933002471924,1.3983071623285857,,,,
book,,,,,news,lag1_lag1,long_only_liquid,2026,0.9721349724095295,-0.24479597806930542,rank,,,,561.0,768.3260869565217,120.0,4.675,46.96182528409091,46.20490056818182,0.3414931297302246,0.8306827810364379,,,,
book,,,,,news,lag1_lag1,ls,2024-26,0.31819849501575975,-0.3928301930427551,rank,,,,3698.0,1360.432116788321,410.0,9.019512195121951,8.933967685235263,17.905723955516496,0.05109882354736328,0.5246179385603701,13.42809772491455,18.745439529418945,1.1601643562316895,-1.4347833395004272
book,,,,,news,lag1_lag1,long,2024-26,0.6341146508587264,-0.3103877305984497,rank,,,,1866.0,686.4700729927007,410.0,4.5512195121951216,26.884441150857448,25.117936930600216,0.15330779552459717,1.0454729552632154,9.587244987487793,26.731103897094727,0.6762449741363525,8.750868797302246
book,,,,,news,lag1_lag1,short,2024-26,-0.26671907357800023,-0.4779316782951355,rank,,,,1832.0,673.9620437956204,402.0,4.557213930348259,-9.349640292371724,10.55966732908024,-0.08695769309997559,-0.4397431563851108,14.433676719665527,11.05079174041748,,-28.834630966186523
book,,,,,news,lag1_lag1,long_only_liquid,2024-26,0.6341146508587264,-0.3103877305984497,rank,,,,1866.0,686.4700729927007,410.0,4.5512195121951216,26.884441150857448,25.117936930600216,0.15330779552459717,1.0454729552632154,9.587244987487793,26.731103897094727,0.6762449741363525,8.750868797302246
ic,,14671.0,,,news,lag1_1545,,2024-26,,,rank,-0.01528125711369672,-0.9171825870262061,410.0,,,,,,,,,,,,
book,,,,,news,lag1_1545,ls,2024,1.385769355156243,-0.22479248046875,rank,,,,1260.0,1265.019920318725,138.0,9.130434782608695,33.920644221230155,42.640879216269845,0.4643594026565552,1.3830170796386905,,,,
book,,,,,news,lag1_1545,long,2024,1.5957782672287864,-0.19120752811431885,rank,,,,632.0,634.5179282868526,138.0,4.579710144927536,62.571913320806964,58.989702828322784,0.44141530990600586,1.5926088931623197,,,,
book,,,,,news,lag1_1545,short,2024,0.15346714360213123,-0.1444634199142456,rank,,,,628.0,630.5019920318725,137.0,4.583941605839416,5.086885294337182,26.187922969745223,0.010350346565246582,0.15316234261882672,,,,
book,,,,,news,lag1_1545,long_only_liquid,2024,1.5570517130831873,-0.19120770692825317,rank,,,,632.0,634.5179282868526,138.0,4.579710144927536,61.11671158030063,57.53089151503165,0.4280956983566284,1.553959253797999,,,,
book,,,,,news,lag1_1545,ls,2025,0.03984408365622401,-0.38714444637298584,rank,,,,1337.0,1347.696,152.0,8.796052631578947,1.1212378240113126,10.056883852608452,-0.05494093894958496,0.03968565724885988,,,,
book,,,,,news,lag1_1545,long,2025,1.239678831820637,-0.14436882734298706,rank,,,,673.0,678.384,152.0,4.427631578947368,49.831764255200596,48.886254411218424,0.35146522521972656,1.2347496718152213,,,,
book,,,,,news,lag1_1545,short,2025,-1.2582012968926393,-0.42037731409072876,rank,,,,664.0,669.312,150.0,4.426666666666667,-48.24952054310994,-29.298786944653614,-0.29971975088119507,-1.2531984886230996,,,,
book,,,,,news,lag1_1545,long_only_liquid,2025,1.272917813255448,-0.14557653665542603,rank,,,,673.0,678.384,152.0,4.427631578947368,51.38868638558692,50.442874721396734,0.3653595447540283,1.2678564897785718,,,,
book,,,,,news,lag1_1545,ls,2026,0.5033546649159106,-0.32099252939224243,rank,,,,1110.0,1520.217391304348,120.0,9.25,13.669840934684684,22.42747923704955,0.13129067420959473,0.43011316819889994,,,,
book,,,,,news,lag1_1545,long,2026,0.6853457554030166,-0.30031925439834595,rank,,,,561.0,768.3260869565217,120.0,4.675,28.88805738914884,28.144433767825312,0.18605351448059082,0.5856233282695503,,,,
book,,,,,news,lag1_1545,short,2026,-0.06453861177554043,-0.1807926893234253,rank,,,,549.0,751.8913043478261,119.0,4.61344537815126,-1.8810292506261383,16.585567509107467,-0.037376224994659424,-0.05514780872563061,,,,
book,,,,,news,lag1_1545,long_only_liquid,2026,0.6996431667827299,-0.30031925439834595,rank,,,,561.0,768.3260869565217,120.0,4.675,29.602544284759357,28.862443947749554,0.19213688373565674,0.5978403699187,,,,
book,,,,,news,lag1_1545,ls,2024-26,0.5990308268879139,-0.4531938433647156,rank,,,,3707.0,1363.7430656934307,410.0,9.041463414634146,16.027146698813056,24.83627259239277,0.16447806358337402,0.9876298048502287,21.469057083129883,25.01544761657715,0.6660829186439514,5.366213798522949
book,,,,,news,lag1_1545,long,2024-26,1.17783710324828,-0.3003193140029907,rank,,,,1866.0,686.4700729927007,410.0,4.5512195121951216,47.850172494640944,46.07233470659164,0.33606719970703125,1.9419151339336984,39.78194808959961,44.09881591796875,0.3994804918766022,28.889787673950195
book,,,,,news,lag1_1545,short,2024-26,-0.47786477908782904,-0.45518583059310913,rank,,,,1841.0,677.2729927007299,406.0,4.5344827586206895,-16.2280297307849,3.3118390565589353,-0.12758177518844604,-0.7878617882942752,10.538166046142578,6.19743537902832,,-35.548927307128906
book,,,,,news,lag1_1545,long_only_liquid,2024-26,1.1810862165516844,-0.3003193736076355,rank,,,,1866.0,686.4700729927007,410.0,4.5512195121951216,48.13364147909968,46.35552317792069,0.3383476734161377,1.9472719886959962,38.90134811401367,44.38756561279297,0.3971278965473175,29.174781799316406
overlap,"long picks in blend top10 0.077; short picks in blend top10 0.023; corr daily net on report nights 0.026, all nights 0.020; report nights 410",1866.0,0.07717041800643087,0.026451533059632014,news,lag1_1545,ls,2024-26,,,rank,0.020242761168854016,,,,,410.0,,,,,,,,,
combo,,,0.0,,news,lag1_1545,ls,2024,2.7904460399576485,-0.13712447881698608,rank,,,,,,,,,,1.3836939334869385,,,,,
combo,,,0.0,,news,lag1_1545,ls,2025,3.3496024606156003,-0.16196876764297485,rank,,,,,,,,,,3.1346545219421387,,,,,
combo,,,0.0,,news,lag1_1545,ls,2026,2.2342121772599866,-0.2063167691230774,rank,,,,,,,,,,1.2542212009429932,,,,,
combo,,,0.0,,news,lag1_1545,ls,2024-26,2.8498519093154298,-0.20631694793701172,rank,,,,,,,,,,1.8709840774536133,,,,,
combo,,,0.25,,news,lag1_1545,ls,2024,3.0455393411881495,-0.09645736217498779,rank,,,,,,,,,,1.3479321002960205,,,,,
combo,,,0.25,,news,lag1_1545,ls,2025,3.226688022971404,-0.14447730779647827,rank,,,,,,,,,,2.3899786472320557,,,,,
combo,,,0.25,,news,lag1_1545,ls,2026,2.270006711501272,-0.20308589935302734,rank,,,,,,,,,,1.1314082145690918,,,,,
combo,,,0.25,,news,lag1_1545,ls,2024-26,2.883755474043598,-0.20308619737625122,rank,,,,,,,,,,1.6158599853515625,,,,,
combo,,,0.5,,news,lag1_1545,ls,2024,3.0009451990049145,-0.09952950477600098,rank,,,,,,,,,,1.2895517349243164,,,,,
combo,,,0.5,,news,lag1_1545,ls,2025,2.7589488841432823,-0.17360109090805054,rank,,,,,,,,,,1.7311921119689941,,,,,
combo,,,0.5,,news,lag1_1545,ls,2026,2.072408440032986,-0.20738369226455688,rank,,,,,,,,,,0.9866423606872559,,,,,
combo,,,0.5,,news,lag1_1545,ls,2024-26,2.621446257752098,-0.20738375186920166,rank,,,,,,,,,,1.350456953048706,,,,,
overlap,"long picks in blend top10 0.077; short picks in blend top10 0.023; corr daily net on report nights 0.182, all nights 0.140; report nights 410",1866.0,0.07717041800643087,0.18175251710245868,news,lag1_1545,long_only_liquid,2024-26,,,rank,0.14003255735883272,,,,,410.0,,,,,,,,,
combo,,,0.0,,news,lag1_1545,long_only_liquid,2024,2.7904460399576485,-0.13712447881698608,rank,,,,,,,,,,1.3836939334869385,,,,,
combo,,,0.0,,news,lag1_1545,long_only_liquid,2025,3.3496024606156003,-0.16196876764297485,rank,,,,,,,,,,3.1346545219421387,,,,,
combo,,,0.0,,news,lag1_1545,long_only_liquid,2026,2.2342121772599866,-0.2063167691230774,rank,,,,,,,,,,1.2542212009429932,,,,,
combo,,,0.0,,news,lag1_1545,long_only_liquid,2024-26,2.8498519093154298,-0.20631694793701172,rank,,,,,,,,,,1.8709840774536133,,,,,
combo,,,0.25,,news,lag1_1545,long_only_liquid,2024,3.0076683833308846,-0.09025508165359497,rank,,,,,,,,,,1.3235161304473877,,,,,
combo,,,0.25,,news,lag1_1545,long_only_liquid,2025,3.399829298076085,-0.14207547903060913,rank,,,,,,,,,,2.677321672439575,,,,,
combo,,,0.25,,news,lag1_1545,long_only_liquid,2026,2.283428715647352,-0.19723409414291382,rank,,,,,,,,,,1.1419222354888916,,,,,
combo,,,0.25,,news,lag1_1545,long_only_liquid,2024-26,2.9472382585325487,-0.19723409414291382,rank,,,,,,,,,,1.6879491806030273,,,,,
combo,,,0.5,,news,lag1_1545,long_only_liquid,2024,3.0284413717889005,-0.08981955051422119,rank,,,,,,,,,,1.2485010623931885,,,,,
combo,,,0.5,,news,lag1_1545,long_only_liquid,2025,3.263587475726046,-0.16222232580184937,rank,,,,,,,,,,2.2365610599517822,,,,,
combo,,,0.5,,news,lag1_1545,long_only_liquid,2026,2.1908156806415393,-0.1937030553817749,rank,,,,,,,,,,1.0172080993652344,,,,,
combo,,,0.5,,news,lag1_1545,long_only_liquid,2024-26,2.8704020689916896,-0.19370299577713013,rank,,,,,,,,,,1.4943883419036865,,,,,
book,mean over seeds; column t = 95th percentile of the seeds' Sharpe,,,,news,random_50seeds,ls,2024,-0.5771431096916646,,rank,,,,,,,,-12.312056691220294,-3.5533816080065206,,1.0021822479294413,,,,
book,mean over seeds; column t = 95th percentile of the seeds' Sharpe,,,,news,random_50seeds,long,2024,0.08099362672120694,,rank,,,,,,,,2.214913713479344,-1.4897861529000198,,1.3712590086399936,,,,
book,mean over seeds; column t = 95th percentile of the seeds' Sharpe,,,,news,random_50seeds,short,2024,-0.9002289537321728,,rank,,,,,,,,-26.92265753554521,-5.624398526941024,,0.7849052204334628,,,,
book,mean over seeds; column t = 95th percentile of the seeds' Sharpe,,,,news,random_50seeds,ls,2025,-0.10916105554581775,,rank,,,,,,,,-2.4720354704264356,6.3259689278523705,,1.1972357916465877,,,,
book,mean over seeds; column t = 95th percentile of the seeds' Sharpe,,,,news,random_50seeds,long,2025,0.40555447998361716,,rank,,,,,,,,11.75267565065472,10.736216088758361,,1.9645817108156443,,,,
book,mean over seeds; column t = 95th percentile of the seeds' Sharpe,,,,news,random_50seeds,short,2025,-0.5448877253173713,,rank,,,,,,,,-16.84027320874518,1.864979313634525,,0.6348598853974552,,,,
book,mean over seeds; column t = 95th percentile of the seeds' Sharpe,,,,news,random_50seeds,ls,2026,-0.6593259032811584,,rank,,,,,,,,-13.861838931210519,-5.028295177457515,,1.5265533068565174,,,,
book,mean over seeds; column t = 95th percentile of the seeds' Sharpe,,,,news,random_50seeds,long,2026,-0.6449443391084531,,rank,,,,,,,,-18.934179176697754,-19.839968373779733,,0.516524688622069,,,,
book,mean over seeds; column t = 95th percentile of the seeds' Sharpe,,,,news,random_50seeds,short,2026,-0.2629378408433831,,rank,,,,,,,,-8.729328056500016,9.96359571457423,,1.379742587651555,,,,
book,mean over seeds; column t = 95th percentile of the seeds' Sharpe,,,,news,random_50seeds,ls,2024-26,-0.4369031232683105,,rank,,,,,,,,-9.229670953857454,-0.43433230390075794,,0.4468606585648152,,,,
book,mean over seeds; column t = 95th percentile of the seeds' Sharpe,,,,news,random_50seeds,long,2024-26,-0.02134372922544761,,rank,,,,,,,,-0.7034826254563572,-2.5971557191969374,,0.809402125502846,,,,
book,mean over seeds; column t = 95th percentile of the seeds' Sharpe,,,,news,random_50seeds,short,2024-26,-0.5822588190208705,,rank,,,,,,,,-17.833670674770598,1.7487301565633337,,0.3045461413208541,,,,
coverage,events 2024-01..2026-09 with a 15:45 price (scorable),12434.0,0.9932443300627313,,gap,,,,,,,,,,,,,,,,,,,,,
ic,,12350.0,,,gap,close_close,,2024-26,,,rank,0.01789807861409611,1.128461654806832,379.0,,,,,,,,,,,,
book,,,,,gap,close_close,ls,2024,0.358266989372506,-0.2773898243904114,rank,,,,1175.0,1179.6812749003984,132.0,8.901515151515152,9.319788065159575,18.06406914893617,0.06475484371185303,0.3575554355631161,,,,
book,,,,,gap,close_close,long,2024,1.7077329351104444,-0.1504429578781128,rank,,,,590.0,592.3505976095618,132.0,4.46969696969697,70.20305217161017,68.61130826271186,0.47110140323638916,1.7043412079587836,,,,
book,,,,,gap,close_close,short,2024,-1.41203914172047,-0.3046010136604309,rank,,,,585.0,587.3306772908367,130.0,4.5,-52.08384415064103,-32.91520766559829,-0.28088080883026123,-1.4092346917987548,,,,
book,,,,,gap,close_close,long_only_liquid,2024,1.7077329351104444,-0.1504429578781128,rank,,,,590.0,592.3505976095618,132.0,4.46969696969697,70.20305217161017,68.61130826271186,0.47110140323638916,1.7043412079587836,,,,
book,,,,,gap,close_close,ls,2025,1.9006132447399624,-0.21743732690811157,rank,,,,1222.0,1231.776,139.0,8.79136690647482,58.56877173690671,67.40106510842881,0.915502667427063,1.893056104494229,,,,
book,,,,,gap,close_close,long,2025,2.2933221243184296,-0.10509103536605835,rank,,,,613.0,617.904,139.0,4.410071942446043,111.83301896411093,109.9294580954323,0.9074099063873291,2.2842035111707615,,,,
book,,,,,gap,close_close,short,2025,0.10831229252977262,-0.365725576877594,rank,,,,609.0,613.872,139.0,4.381294964028777,4.954676836386494,24.593334680316094,-0.00849825143814087,0.10788162564515014,,,,
book,,,,,gap,close_close,long_only_liquid,2025,2.2933221243184296,-0.10509103536605835,rank,,,,613.0,617.904,139.0,4.410071942446043,111.83301896411093,109.9294580954323,0.9074099063873291,2.2842035111707615,,,,
book,,,,,gap,close_close,ls,2026,0.9875393129657039,-0.28969240188598633,rank,,,,990.0,1355.8695652173915,108.0,9.166666666666666,33.74457465277778,42.625398516414144,0.4233570098876953,0.8438456862053764,,,,
book,,,,,gap,close_close,long,2026,0.625204870406052,-0.30563783645629883,rank,,,,501.0,686.1521739130435,108.0,4.638888888888889,30.910419395583833,28.817776556262476,0.168495774269104,0.5342333474323776,,,,
book,,,,,gap,close_close,short,2026,0.914054721409455,-0.1308457851409912,rank,,,,489.0,669.7173913043479,106.0,4.613207547169812,36.64826974693251,56.77185982234151,0.23352348804473877,0.7810535980594554,,,,
book,,,,,gap,close_close,long_only_liquid,2026,0.625204870406052,-0.30563783645629883,rank,,,,501.0,686.1521739130435,108.0,4.638888888888889,30.910419395583833,28.817776556262476,0.168495774269104,0.5342333474323776,,,,
book,,,,,gap,close_close,ls,2024-26,1.1216531441048354,-0.28969240188598633,rank,,,,3387.0,1246.0204379562044,379.0,8.936675461741425,34.22760970253912,43.0435534765279,0.4262305498123169,1.849283920123168,89.12554168701172,42.22510528564453,0.39191943407058716,20.874778747558594
book,,,,,gap,close_close,long,2024-26,1.576976674808088,-0.3056378960609436,rank,,,,1704.0,626.8729927007299,379.0,4.496042216358839,73.62651298415493,71.77532185299296,0.520356297492981,2.5999816631899253,158.1068878173828,70.16299438476562,0.3010537028312683,51.76475524902344
book,,,,,gap,close_close,short,2024-26,-0.13715716194431035,-0.3888975977897644,rank,,,,1683.0,619.1474452554744,375.0,4.488,-5.6628886521464645,13.953286309789068,-0.06532800197601318,-0.2261327714779139,-6.613759517669678,14.151926040649414,,-29.915822982788086
book,,,,,gap,close_close,long_only_liquid,2024-26,1.576976674808088,-0.3056378960609436,rank,,,,1704.0,626.8729927007299,379.0,4.496042216358839,73.62651298415493,71.77532185299296,0.520356297492981,2.5999816631899253,158.1068878173828,70.16299438476562,0.3010537028312683,51.76475524902344
ic,,12350.0,,,gap,close_1545,,2024-26,,,rank,0.013056884155560682,0.7929120240381888,379.0,,,,,,,,,,,,
book,,,,,gap,close_1545,ls,2024,-0.20532023790738535,-0.3376971483230591,rank,,,,1175.0,1179.6812749003984,132.0,8.901515151515152,-5.41114611037234,3.3135515708111702,-0.10649704933166504,-0.20491245153085166,,,,
book,,,,,gap,close_1545,long,2024,1.2250581176410673,-0.19484412670135498,rank,,,,590.0,592.3505976095618,132.0,4.46969696969697,54.528667902542374,52.92188493114407,0.3340984582901001,1.222625030596519,,,,
book,,,,,gap,close_1545,short,2024,-1.7783567670283076,-0.3573843836784363,rank,,,,585.0,587.3306772908367,130.0,4.5,-65.86326121794872,-46.71877670940171,-0.33701789379119873,-1.7748247739349732,,,,
book,,,,,gap,close_1545,long_only_liquid,2024,1.2250581176410673,-0.19484412670135498,rank,,,,590.0,592.3505976095618,132.0,4.46969696969697,54.528667902542374,52.92188493114407,0.3340984582901001,1.222625030596519,,,,
book,,,,,gap,close_1545,ls,2025,1.9280279265310452,-0.24648958444595337,rank,,,,1222.0,1231.776,139.0,8.79136690647482,61.2436835106383,70.04052654459902,0.9716246128082275,1.920361781154646,,,,
book,,,,,gap,close_1545,long,2025,2.185893340811861,-0.11943012475967407,rank,,,,613.0,617.904,139.0,4.410071942446043,105.64167643760196,103.69445223287113,0.8372999429702759,2.17720188157656,,,,
book,,,,,gap,close_1545,short,2025,0.3763091425110101,-0.29788291454315186,rank,,,,609.0,613.872,139.0,4.381294964028777,16.554063718698686,36.165550595238095,0.06791961193084717,0.3748128775693773,,,,
book,,,,,gap,close_1545,long_only_liquid,2025,2.111291825900776,-0.11943012475967407,rank,,,,613.0,617.904,139.0,4.410071942446043,102.71478639885808,100.76650438417619,0.803352952003479,2.1028969941420477,,,,
book,,,,,gap,close_1545,ls,2026,1.4917937496211089,-0.3049957752227783,rank,,,,989.0,1354.5,108.0,9.157407407407407,54.23502275025278,63.21586277173913,0.8542917966842651,1.2747277032905668,,,,
book,,,,,gap,close_1545,long,2026,1.2203785949498949,-0.2529370188713074,rank,,,,501.0,686.1521739130435,108.0,4.638888888888889,62.23713900324351,60.17507952844311,0.4434100389480591,1.0428052831569767,,,,
book,,,,,gap,close_1545,short,2026,1.080595166951821,-0.1293259859085083,rank,,,,488.0,668.3478260869566,106.0,4.60377358490566,46.01975938140369,66.33765849129098,0.3069121837615967,0.9233612861732629,,,,
book,,,,,gap,close_1545,long_only_liquid,2026,1.2155046293090372,-0.2529370188713074,rank,,,,501.0,686.1521739130435,108.0,4.638888888888889,61.85024482285429,59.78489115518962,0.4399433135986328,1.0386405123708908,,,,
book,,,,,gap,close_1545,ls,2024-26,1.1354803560037259,-0.3376971483230591,rank,,,,3386.0,1245.6525547445256,379.0,8.934036939313984,36.066191671588896,44.89174173065564,0.4511643648147583,1.8720810216684596,96.19252014160156,44.07880401611328,0.3700656294822693,22.786630630493164
book,,,,,gap,close_1545,long,2024-26,1.564800926964217,-0.2529368996620178,rank,,,,1704.0,626.8729927007299,379.0,4.496042216358839,75.1825575850939,73.31943221830986,0.5314469337463379,2.579907351606628,173.29998779296875,71.37554168701172,0.2958083152770996,53.25545883178711
book,,,,,gap,close_1545,short,2024-26,-0.0858880248203316,-0.3722502589225769,rank,,,,1682.0,618.7795620437956,375.0,4.485333333333333,-3.561795737031807,16.09221954890012,-0.053250670433044434,-0.1416046877469757,-7.756352424621582,16.79116439819336,,-27.273170471191406
book,,,,,gap,close_1545,long_only_liquid,2024-26,1.5381621245830694,-0.2529369592666626,rank,,,,1704.0,626.8729927007299,379.0,4.496042216358839,74.01587257922536,72.15141762030517,0.5200767517089844,2.5359876165675845,173.29998779296875,70.2064208984375,0.3004710376262665,52.08189010620117
overlap,"long picks in blend top10 0.087; short picks in blend top10 0.015; corr daily net on report nights 0.037, all nights 0.027; report nights 379",1704.0,0.08685446009389672,0.0372747275741928,gap,close_1545,ls,2024-26,,,rank,0.026770597739613416,,,,,379.0,,,,,,,,,
combo,,,0.0,,gap,close_1545,ls,2024,2.7904460399576485,-0.13712447881698608,rank,,,,,,,,,,1.3836939334869385,,,,,
combo,,,0.0,,gap,close_1545,ls,2025,3.3496024606156003,-0.16196876764297485,rank,,,,,,,,,,3.1346545219421387,,,,,
combo,,,0.0,,gap,close_1545,ls,2026,2.2342121772599866,-0.2063167691230774,rank,,,,,,,,,,1.2542212009429932,,,,,
combo,,,0.0,,gap,close_1545,ls,2024-26,2.8498519093154298,-0.20631694793701172,rank,,,,,,,,,,1.8709840774536133,,,,,
combo,,,0.25,,gap,close_1545,ls,2024,2.779827609825762,-0.10502409934997559,rank,,,,,,,,,,1.1402442455291748,,,,,
combo,,,0.25,,gap,close_1545,ls,2025,3.774867405818975,-0.14434266090393066,rank,,,,,,,,,,3.3131818771362305,,,,,
combo,,,0.25,,gap,close_1545,ls,2026,2.571384294666224,-0.1757751703262329,rank,,,,,,,,,,1.4147493839263916,,,,,
combo,,,0.25,,gap,close_1545,ls,2024-26,3.106542150148514,-0.17577528953552246,rank,,,,,,,,,,1.8550381660461426,,,,,
combo,,,0.5,,gap,close_1545,ls,2024,2.426230976886156,-0.11808359622955322,rank,,,,,,,,,,0.9009073972702026,,,,,
combo,,,0.5,,gap,close_1545,ls,2025,3.9069402956322157,-0.14873838424682617,rank,,,,,,,,,,3.426243305206299,,,,,
combo,,,0.5,,gap,close_1545,ls,2026,2.5864503115864044,-0.194688081741333,rank,,,,,,,,,,1.5389318466186523,,,,,
combo,,,0.5,,gap,close_1545,ls,2024-26,3.046567854503515,-0.19468796253204346,rank,,,,,,,,,,1.7969965934753418,,,,,
overlap,"long picks in blend top10 0.087; short picks in blend top10 0.015; corr daily net on report nights 0.239, all nights 0.182; report nights 379",1704.0,0.08685446009389672,0.23929804681543684,gap,close_1545,long_only_liquid,2024-26,,,rank,0.1815109395697717,,,,,379.0,,,,,,,,,
combo,,,0.0,,gap,close_1545,long_only_liquid,2024,2.7904460399576485,-0.13712447881698608,rank,,,,,,,,,,1.3836939334869385,,,,,
combo,,,0.0,,gap,close_1545,long_only_liquid,2025,3.3496024606156003,-0.16196876764297485,rank,,,,,,,,,,3.1346545219421387,,,,,
combo,,,0.0,,gap,close_1545,long_only_liquid,2026,2.2342121772599866,-0.2063167691230774,rank,,,,,,,,,,1.2542212009429932,,,,,
combo,,,0.0,,gap,close_1545,long_only_liquid,2024-26,2.8498519093154298,-0.20631694793701172,rank,,,,,,,,,,1.8709840774536133,,,,,
combo,,,0.25,,gap,close_1545,long_only_liquid,2024,3.0718496958373778,-0.10213929414749146,rank,,,,,,,,,,1.3539924621582031,,,,,
combo,,,0.25,,gap,close_1545,long_only_liquid,2025,3.6444931715065714,-0.15638971328735352,rank,,,,,,,,,,3.1751785278320312,,,,,
combo,,,0.25,,gap,close_1545,long_only_liquid,2026,2.369008687660421,-0.17994660139083862,rank,,,,,,,,,,1.235846996307373,,,,,
combo,,,0.25,,gap,close_1545,long_only_liquid,2024-26,3.08698856972654,-0.1799466609954834,rank,,,,,,,,,,1.8617165088653564,,,,,
combo,,,0.5,,gap,close_1545,long_only_liquid,2024,3.1476150298633656,-0.08698165416717529,rank,,,,,,,,,,1.3070170879364014,,,,,
combo,,,0.5,,gap,close_1545,long_only_liquid,2025,3.795513840775675,-0.15733617544174194,rank,,,,,,,,,,3.1763811111450195,,,,,
combo,,,0.5,,gap,close_1545,long_only_liquid,2026,2.358060035682111,-0.17957890033721924,rank,,,,,,,,,,1.1970131397247314,,,,,
combo,,,0.5,,gap,close_1545,long_only_liquid,2024-26,3.1615084753704212,-0.17957907915115356,rank,,,,,,,,,,1.82761549949646,,,,,
ic,,12350.0,,,gap,lag1_lag1,,2024-26,,,rank,-0.002492640450248028,-0.1483053086872599,379.0,,,,,,,,,,,,
book,,,,,gap,lag1_lag1,ls,2024,1.478103854184861,-0.1604359745979309,rank,,,,1177.0,1181.6892430278883,132.0,8.916666666666666,36.19520961661003,45.04109029842821,0.4709125757217407,1.4751681931853329,,,,
book,,,,,gap,lag1_lag1,long,2024,2.15849155091951,-0.13815093040466309,rank,,,,590.0,592.3505976095618,132.0,4.46969696969697,96.46859110169491,94.90536943855932,0.7101041078567505,2.1542045724058525,,,,
book,,,,,gap,lag1_lag1,short,2024,-0.6388177101356577,-0.2492082118988037,rank,,,,587.0,589.3386454183267,131.0,4.480916030534351,-24.386216327725723,-5.078021437792803,-0.15558362007141113,-0.6375489547419528,,,,
book,,,,,gap,lag1_lag1,long_only_liquid,2024,2.15849155091951,-0.13815093040466309,rank,,,,590.0,592.3505976095618,132.0,4.46969696969697,96.46859110169491,94.90536943855932,0.7101041078567505,2.1542045724058525,,,,
book,,,,,gap,lag1_lag1,ls,2025,0.7375964435529999,-0.2828940749168396,rank,,,,1221.0,1230.768,139.0,8.784172661870503,24.855657504095003,33.84054437960688,0.24690818786621094,0.7346636428982055,,,,
book,,,,,gap,lag1_lag1,long,2025,1.1295170840571511,-0.2551547884941101,rank,,,,613.0,617.904,139.0,4.410071942446043,60.80000382340946,58.923914151712886,0.37826108932495117,1.1250259446642235,,,,
book,,,,,gap,lag1_lag1,short,2025,-0.263069187808046,-0.34311115741729736,rank,,,,608.0,612.864,139.0,4.374100719424461,-11.38429099635074,8.550904123406662,-0.09896808862686157,-0.2620231829187827,,,,
book,,,,,gap,lag1_lag1,long_only_liquid,2025,1.1025902837547854,-0.2551547884941101,rank,,,,613.0,617.904,139.0,4.410071942446043,59.60370998164763,57.7283977365416,0.3674396276473999,1.0982062095982055,,,,
book,,,,,gap,lag1_lag1,ls,2026,0.7153260433160991,-0.3200075626373291,rank,,,,994.0,1361.3478260869565,108.0,9.203703703703704,24.755122532067404,33.48991605885312,0.2579749822616577,0.6112412822026191,,,,
book,,,,,gap,lag1_lag1,long,2026,0.3768189343138567,-0.33594179153442383,rank,,,,501.0,686.1521739130435,108.0,4.638888888888889,20.05896605227046,17.992688451222556,0.07473170757293701,0.3219892393410955,,,,
book,,,,,gap,lag1_lag1,short,2026,0.7758968553946359,-0.15667963027954102,rank,,,,493.0,675.1956521739131,107.0,4.607476635514018,29.52747844827586,49.238610072261665,0.18141090869903564,0.6629986328329782,,,,
book,,,,,gap,lag1_lag1,long_only_liquid,2026,0.4290255652869802,-0.32637667655944824,rank,,,,501.0,686.1521739130435,108.0,4.638888888888889,23.186149186002993,21.11812702719561,0.09598922729492188,0.36659945359746327,,,,
book,,,,,gap,lag1_lag1,ls,2024-26,0.9186862247347077,-0.32000744342803955,rank,,,,3392.0,1247.8598540145986,379.0,8.949868073878628,28.760942567069577,37.624304429540096,0.32787442207336426,1.5146497577880143,52.89985275268555,36.804832458496094,0.4633605182170868,15.479893684387207
book,,,,,gap,lag1_lag1,long,2024-26,1.2024680811076192,-0.3359416723251343,rank,,,,1704.0,626.8729927007299,379.0,4.496042216358839,61.17160908157277,59.34791758362676,0.39522242546081543,1.9825245429400251,151.43798828125,59.047401428222656,0.39380937814712524,37.30055236816406
book,,,,,gap,lag1_lag1,short,2024-26,-0.09880598085927272,-0.37868350744247437,rank,,,,1688.0,620.9868613138686,377.0,4.477453580901857,-3.9569369492372632,15.694779093231634,-0.053722918033599854,-0.162902687497814,-70.86976623535156,13.79658031463623,,-26.542560577392578
book,,,,,gap,lag1_lag1,long_only_liquid,2024-26,1.2036488134474643,-0.32637667655944824,rank,,,,1704.0,626.8729927007299,379.0,4.496042216358839,61.660688086854464,59.836767348884976,0.39855289459228516,1.9844712314876578,151.9890899658203,59.54623794555664,0.3906857371330261,37.79252243041992
ic,,12350.0,,,gap,lag1_1545,,2024-26,,,rank,5.393250638478079e-05,0.00343970055139612,379.0,,,,,,,,,,,,
book,,,,,gap,lag1_1545,ls,2024,1.798555888581292,-0.16094177961349487,rank,,,,1174.0,1178.6772908366534,132.0,8.893939393939394,51.19634396294719,59.93498456132879,0.7279222011566162,1.7949837780271987,,,,
book,,,,,gap,lag1_1545,long,2024,3.781085322334085,-0.06806939840316772,rank,,,,590.0,592.3505976095618,132.0,4.46969696969697,166.50164194915254,164.95031779661016,1.5887494087219238,3.7735757115004227,,,,
book,,,,,gap,lag1_1545,short,2024,-1.634134741088762,-0.34475719928741455,rank,,,,584.0,586.3266932270916,131.0,4.458015267175573,-65.29359080693493,-46.15927333047945,-0.33713436126708984,-1.6308891872572056,,,,
book,,,,,gap,lag1_1545,long_only_liquid,2024,3.781085322334085,-0.06806939840316772,rank,,,,590.0,592.3505976095618,132.0,4.46969696969697,166.50164194915254,164.95031779661016,1.5887494087219238,3.7735757115004227,,,,
book,,,,,gap,lag1_1545,ls,2025,0.32607491290675655,-0.2840878367424011,rank,,,,1221.0,1230.768,139.0,8.784172661870503,9.353697180845618,18.240389537264537,0.05516815185546875,0.3247783872436468,,,,
book,,,,,gap,lag1_1545,long,2025,1.6997685802771783,-0.19185709953308105,rank,,,,613.0,617.904,139.0,4.410071942446043,86.50202640701468,84.60811964722676,0.6251469850540161,1.6930100303291569,,,,
book,,,,,gap,lag1_1545,short,2025,-1.5251541987623227,-0.4599989652633667,rank,,,,608.0,612.864,138.0,4.405797101449275,-68.42908999794408,-48.67312140213816,-0.3668552041053772,-1.5190899433393352,,,,
book,,,,,gap,lag1_1545,long_only_liquid,2025,1.7282509241770243,-0.19185709953308105,rank,,,,613.0,617.904,139.0,4.410071942446043,87.57519371941272,85.68093010807505,0.6366678476333618,1.7213791239041543,,,,
book,,,,,gap,lag1_1545,ls,2026,1.3204697591404608,-0.2836516499519348,rank,,,,991.0,1357.2391304347827,108.0,9.175925925925926,40.551443459889,49.31433684409687,0.593403697013855,1.128332508271524,,,,
book,,,,,gap,lag1_1545,long,2026,0.27134141064498013,-0.3051382899284363,rank,,,,501.0,686.1521739130435,108.0,4.638888888888889,13.790200848303392,11.711929656312375,0.035672545433044434,0.23185940636026095,,,,
book,,,,,gap,lag1_1545,short,2026,1.9953137028716819,-0.11482477188110352,rank,,,,490.0,671.0869565217391,106.0,4.622641509433962,67.91344866071428,87.76088966836734,0.5365817546844482,1.704982109257274,,,,
book,,,,,gap,lag1_1545,long_only_liquid,2026,0.1536642920764355,-0.32574814558029175,rank,,,,501.0,686.1521739130435,108.0,4.638888888888889,7.8337792189059385,5.753247411427146,-0.0061661601066589355,0.13130510177168647,,,,
book,,,,,gap,lag1_1545,ls,2024-26,1.1260434861317867,-0.284087598323822,rank,,,,3386.0,1245.6525547445256,379.0,8.934036939313984,32.99227748449498,41.79140671145895,0.41219019889831543,1.8565223333144056,96.55989837646484,38.154876708984375,0.47668126225471497,17.316621780395508
book,,,,,gap,lag1_1545,long,2024-26,1.8989642644452491,-0.3051382303237915,rank,,,,1704.0,626.8729927007299,379.0,4.496042216358839,92.82312756748826,90.99362712734742,0.7077442407608032,3.1308467306350227,165.37803649902344,84.88583374023438,0.3163350820541382,63.83453369140625
book,,,,,gap,lag1_1545,short,2024-26,-0.685757231693743,-0.5981845855712891,rank,,,,1682.0,618.7795620437956,375.0,4.485333333333333,-27.621137875297265,-8.05436352742271,-0.18297886848449707,-1.130616740428704,-52.0123176574707,-8.463981628417969,,-48.28096389770508
book,,,,,gap,lag1_1545,long_only_liquid,2024-26,1.8716550833300296,-0.3257482051849365,rank,,,,1704.0,626.8729927007299,379.0,4.496042216358839,91.45791153169014,89.62763167546949,0.6932923793792725,3.085821733581757,164.60142517089844,83.49205017089844,0.3210570812225342,62.46126174926758
overlap,"long picks in blend top10 0.086; short picks in blend top10 0.017; corr daily net on report nights 0.105, all nights 0.079; report nights 379",1704.0,0.08626760563380281,0.10462786360176458,gap,lag1_1545,ls,2024-26,,,rank,0.07871850765372004,,,,,379.0,,,,,,,,,
combo,,,0.0,,gap,lag1_1545,ls,2024,2.7904460399576485,-0.13712447881698608,rank,,,,,,,,,,1.3836939334869385,,,,,
combo,,,0.0,,gap,lag1_1545,ls,2025,3.3496024606156003,-0.16196876764297485,rank,,,,,,,,,,3.1346545219421387,,,,,
combo,,,0.0,,gap,lag1_1545,ls,2026,2.2342121772599866,-0.2063167691230774,rank,,,,,,,,,,1.2542212009429932,,,,,
combo,,,0.0,,gap,lag1_1545,ls,2024-26,2.8498519093154298,-0.20631694793701172,rank,,,,,,,,,,1.8709840774536133,,,,,
combo,,,0.25,,gap,lag1_1545,ls,2024,3.3208890087329777,-0.09285783767700195,rank,,,,,,,,,,1.525475263595581,,,,,
combo,,,0.25,,gap,lag1_1545,ls,2025,3.390187577116035,-0.13653093576431274,rank,,,,,,,,,,2.6791815757751465,,,,,
combo,,,0.25,,gap,lag1_1545,ls,2026,2.4135659282619644,-0.1852007508277893,rank,,,,,,,,,,1.3020024299621582,,,,,
combo,,,0.25,,gap,lag1_1545,ls,2024-26,3.064892564945424,-0.18520063161849976,rank,,,,,,,,,,1.8260045051574707,,,,,
combo,,,0.5,,gap,lag1_1545,ls,2024,3.5112171955107296,-0.09581655263900757,rank,,,,,,,,,,1.6454401016235352,,,,,
combo,,,0.5,,gap,lag1_1545,ls,2025,3.158044694211981,-0.1627025604248047,rank,,,,,,,,,,2.227008104324341,,,,,
combo,,,0.5,,gap,lag1_1545,ls,2026,2.400448835262045,-0.2053905725479126,rank,,,,,,,,,,1.3228747844696045,,,,,
combo,,,0.5,,gap,lag1_1545,ls,2024-26,3.0188008335718535,-0.20539087057113647,rank,,,,,,,,,,1.746793270111084,,,,,
overlap,"long picks in blend top10 0.086; short picks in blend top10 0.017; corr daily net on report nights 0.293, all nights 0.222; report nights 379",1704.0,0.08626760563380281,0.29346290777682155,gap,lag1_1545,long_only_liquid,2024-26,,,rank,0.22220558471027355,,,,,379.0,,,,,,,,,
combo,,,0.0,,gap,lag1_1545,long_only_liquid,2024,2.7904460399576485,-0.13712447881698608,rank,,,,,,,,,,1.3836939334869385,,,,,
combo,,,0.0,,gap,lag1_1545,long_only_liquid,2025,3.3496024606156003,-0.16196876764297485,rank,,,,,,,,,,3.1346545219421387,,,,,
combo,,,0.0,,gap,lag1_1545,long_only_liquid,2026,2.2342121772599866,-0.2063167691230774,rank,,,,,,,,,,1.2542212009429932,,,,,
combo,,,0.0,,gap,lag1_1545,long_only_liquid,2024-26,2.8498519093154298,-0.20631694793701172,rank,,,,,,,,,,1.8709840774536133,,,,,
combo,,,0.25,,gap,lag1_1545,long_only_liquid,2024,3.609006150446053,-0.10257893800735474,rank,,,,,,,,,,1.7752859592437744,,,,,
combo,,,0.25,,gap,lag1_1545,long_only_liquid,2025,3.5640903021660155,-0.15743643045425415,rank,,,,,,,,,,3.074122905731201,,,,,
combo,,,0.25,,gap,lag1_1545,long_only_liquid,2026,2.094722542623846,-0.1892719864845276,rank,,,,,,,,,,1.035529613494873,,,,,
combo,,,0.25,,gap,lag1_1545,long_only_liquid,2024-26,3.1370022768978933,-0.18927216529846191,rank,,,,,,,,,,1.9376041889190674,,,,,
combo,,,0.5,,gap,lag1_1545,long_only_liquid,2024,4.308158892842609,-0.08757281303405762,rank,,,,,,,,,,2.2087154388427734,,,,,
combo,,,0.5,,gap,lag1_1545,long_only_liquid,2025,3.626421094970093,-0.2150689959526062,rank,,,,,,,,,,2.977421760559082,,,,,
combo,,,0.5,,gap,lag1_1545,long_only_liquid,2026,1.8165934290220846,-0.19959980249404907,rank,,,,,,,,,,0.8224585056304932,,,,,
combo,,,0.5,,gap,lag1_1545,long_only_liquid,2024-26,3.275050620910639,-0.2150689959526062,rank,,,,,,,,,,1.9811253547668457,,,,,
book,mean over seeds; column t = 95th percentile of the seeds' Sharpe,,,,gap,random_50seeds,ls,2024,-0.34345768045463204,,rank,,,,,,,,-8.088679132494628,0.6567432044022559,,0.672215652230065,,,,
book,mean over seeds; column t = 95th percentile of the seeds' Sharpe,,,,gap,random_50seeds,long,2024,0.4795390581814539,,rank,,,,,,,,17.728580605717028,16.10739760162871,,1.4543571955276824,,,,
book,mean over seeds; column t = 95th percentile of the seeds' Sharpe,,,,gap,random_50seeds,short,2024,-0.9281677856967957,,rank,,,,,,,,-34.038933887413016,-14.869998725631579,,0.07586305382372191,,,,
book,mean over seeds; column t = 95th percentile of the seeds' Sharpe,,,,gap,random_50seeds,ls,2025,-0.3217473542834082,,rank,,,,,,,,-7.927087264244709,0.9129806434624509,,1.2277822231528916,,,,
book,mean over seeds; column t = 95th percentile of the seeds' Sharpe,,,,gap,random_50seeds,long,2025,0.45048610982530723,,rank,,,,,,,,16.935612058157243,14.996647262199861,,1.6235336913653042,,,,
book,mean over seeds; column t = 95th percentile of the seeds' Sharpe,,,,gap,random_50seeds,short,2025,-0.8550675433704039,,rank,,,,,,,,-32.978302838692464,-13.277658107620955,,0.7906006336153028,,,,
book,mean over seeds; column t = 95th percentile of the seeds' Sharpe,,,,gap,random_50seeds,ls,2026,-0.4168502788237625,,rank,,,,,,,,-10.021390926138904,-1.1556033159942802,,1.6473916816213476,,,,
book,mean over seeds; column t = 95th percentile of the seeds' Sharpe,,,,gap,random_50seeds,long,2026,-0.18380712116793127,,rank,,,,,,,,-6.378561719334768,-8.548970367370726,,1.5348413429674,,,,
book,mean over seeds; column t = 95th percentile of the seeds' Sharpe,,,,gap,random_50seeds,short,2026,-0.37392597763887664,,rank,,,,,,,,-13.712518075358956,6.326148867525113,,0.7970727097743162,,,,
book,mean over seeds; column t = 95th percentile of the seeds' Sharpe,,,,gap,random_50seeds,ls,2024-26,-0.35512040528797334,,rank,,,,,,,,-8.59640190380604,0.21841097766313633,,0.5768267223531856,,,,
book,mean over seeds; column t = 95th percentile of the seeds' Sharpe,,,,gap,random_50seeds,long,2024-26,0.27244936428016575,,rank,,,,,,,,10.3554772999365,8.458494568587467,,1.022165894405291,,,,
book,mean over seeds; column t = 95th percentile of the seeds' Sharpe,,,,gap,random_50seeds,short,2024-26,-0.7468687835242275,,rank,,,,,,,,-27.70639233668065,-8.091385759393036,,-0.039234428056744874,,,,
coverage,events 2024-01..2026-09 with a 15:45 price (scorable),12434.0,0.9932443300627313,,gap,,,,,,,,,,,,,,,,,,,,,
ic,,12350.0,,,gap,close_close,,2024-26,,,raw,0.014636830563094507,0.9073481435633667,379.0,,,,,,,,,,,,
book,,,,,gap,close_close,ls,2024,1.3711785643746481,-0.22989392280578613,raw,,,,1177.0,1181.6892430278883,132.0,8.916666666666666,38.03489074447749,46.920726688615126,0.48481690883636475,1.368455267616151,,,,
book,,,,,gap,close_close,long,2024,1.97926494479035,-0.15295946598052979,raw,,,,590.0,592.3505976095618,132.0,4.46969696969697,88.00787208686441,86.46001721398305,0.6266236305236816,1.975333928109957,,,,
book,,,,,gap,close_close,short,2024,-0.3528970700219364,-0.17722398042678833,raw,,,,587.0,589.3386454183267,132.0,4.446969696969697,-12.193496626117973,7.179356433666951,-0.08849918842315674,-0.3521961814054985,,,,
book,,,,,gap,close_close,long_only_liquid,2024,1.97926494479035,-0.15295946598052979,raw,,,,590.0,592.3505976095618,132.0,4.46969696969697,88.00787208686441,86.46001721398305,0.6266236305236816,1.975333928109957,,,,
book,,,,,gap,close_close,ls,2025,2.003172557029085,-0.22530436515808105,raw,,,,1220.0,1229.76,139.0,8.776978417266188,61.10671106557377,70.05342597336066,0.9780652523040771,1.9952076246622452,,,,
book,,,,,gap,close_close,long,2025,2.1473950560658315,-0.0994691252708435,raw,,,,613.0,617.904,139.0,4.410071942446043,104.76398730628058,102.85324480016313,0.8255313634872437,2.1388566721275963,,,,
book,,,,,gap,close_close,short,2025,0.35256995287589543,-0.3351055383682251,raw,,,,607.0,611.856,139.0,4.366906474820144,17.017909544892916,36.92939469213344,0.06318962574005127,0.3511680787241243,,,,
book,,,,,gap,close_close,long_only_liquid,2025,2.1473950560658315,-0.0994691252708435,raw,,,,613.0,617.904,139.0,4.410071942446043,104.76398730628058,102.85324480016313,0.8255313634872437,2.1388566721275963,,,,
book,,,,,gap,close_close,ls,2026,1.221738158031786,-0.335854709148407,raw,,,,994.0,1361.3478260869565,108.0,9.203703703703704,45.08632655306841,53.830046686368206,0.6344959735870361,1.0439670206460216,,,,
book,,,,,gap,close_close,long,2026,0.9285090827856597,-0.24477028846740723,raw,,,,501.0,686.1521739130435,108.0,4.638888888888889,48.38554141716567,46.32500623752495,0.30972492694854736,0.7934047524226515,,,,
book,,,,,gap,close_close,short,2026,0.8911606016499481,-0.17360705137252808,raw,,,,493.0,675.1956521739131,106.0,4.650943396226415,41.73356284863083,61.45687278144016,0.26162123680114746,0.7614907270477573,,,,
book,,,,,gap,close_close,long_only_liquid,2026,0.9285090827856597,-0.24477028846740723,raw,,,,501.0,686.1521739130435,108.0,4.638888888888889,48.38554141716567,46.32500623752495,0.30972492694854736,0.7934047524226515,,,,
book,,,,,gap,close_close,ls,2024-26,1.5186251025631365,-0.33585453033447266,raw,,,,3391.0,1247.4919708029197,379.0,8.947229551451187,48.40255916396343,57.26863388381008,0.6917639970779419,2.5037766778665764,86.35332489013672,55.276466369628906,0.2945910394191742,34.24457931518555
book,,,,,gap,close_close,long,2024-26,1.6962319421497565,-0.24477028846740723,raw,,,,1704.0,626.8729927007299,379.0,4.496042216358839,82.3862235915493,80.55708993544602,0.6006416082382202,2.7965993515047405,156.9484405517578,77.91850280761719,0.30025652050971985,57.98954391479492
book,,,,,gap,close_close,short,2024-26,0.3217238675160784,-0.335105836391449,raw,,,,1687.0,620.6189781021898,377.0,4.474801061007957,14.076431211099585,33.74550329727327,0.052147746086120605,0.5304302654027172,-26.188297271728516,32.553497314453125,1.755273461341858,-10.694952964782715
book,,,,,gap,close_close,long_only_liquid,2024-26,1.6962319421497565,-0.24477028846740723,raw,,,,1704.0,626.8729927007299,379.0,4.496042216358839,82.3862235915493,80.55708993544602,0.6006416082382202,2.7965993515047405,156.9484405517578,77.91850280761719,0.30025652050971985,57.98954391479492
ic,,12350.0,,,gap,close_1545,,2024-26,,,raw,0.013845982165861697,0.862749596075279,379.0,,,,,,,,,,,,
book,,,,,gap,close_1545,ls,2024,1.8332721160267875,-0.17602550983428955,raw,,,,1176.0,1180.6852589641435,132.0,8.909090909090908,52.63064346832483,61.40120774872449,0.7575266361236572,1.8296310555983848,,,,
book,,,,,gap,close_1545,long,2024,2.550572748786312,-0.1283823847770691,raw,,,,590.0,592.3505976095618,132.0,4.46969696969697,117.43294491525424,115.85116525423729,0.9311269521713257,2.5455070580881434,,,,
book,,,,,gap,close_1545,short,2024,-0.3687293861337283,-0.16314083337783813,raw,,,,586.0,588.3346613545816,131.0,4.473282442748092,-12.61399450725256,6.579573595483149,-0.09009486436843872,-0.3679970529656711,,,,
book,,,,,gap,close_1545,long_only_liquid,2024,2.5783054701708883,-0.1283823847770691,raw,,,,590.0,592.3505976095618,132.0,4.46969696969697,118.36084480932203,116.77752913135593,0.9421782493591309,2.5731846995347647,,,,
book,,,,,gap,close_1545,ls,2025,1.8564861677685924,-0.19923841953277588,raw,,,,1220.0,1229.76,139.0,8.776978417266188,55.254796362704916,64.26590035860656,0.8471100330352783,1.8491044837921602,,,,
book,,,,,gap,close_1545,long,2025,2.0730357669217505,-0.16459250450134277,raw,,,,613.0,617.904,139.0,4.410071942446043,100.41907116639479,98.51312703915171,0.7786972522735596,2.0647930473319516,,,,
book,,,,,gap,close_1545,short,2025,0.21755048063511728,-0.36686426401138306,raw,,,,607.0,611.856,139.0,4.366906474820144,9.644079971941927,29.6801604973229,0.02274024486541748,0.21668546535795014,,,,
book,,,,,gap,close_1545,long_only_liquid,2025,2.0730357669217505,-0.16459250450134277,raw,,,,613.0,617.904,139.0,4.410071942446043,100.41907116639479,98.51312703915171,0.7786972522735596,2.0647930473319516,,,,
book,,,,,gap,close_1545,ls,2026,0.8460976792774939,-0.3651224374771118,raw,,,,992.0,1358.608695652174,108.0,9.185185185185185,29.932294291834676,38.775284305695564,0.3407186269760132,0.7229847636369378,,,,
book,,,,,gap,close_1545,long,2026,0.4806829304095336,-0.28542131185531616,raw,,,,501.0,686.1521739130435,108.0,4.638888888888889,25.154702314121757,23.09124329466068,0.11526525020599365,0.41074032388696496,,,,
book,,,,,gap,close_1545,short,2026,0.7743666224974189,-0.18055599927902222,raw,,,,491.0,672.4565217391305,106.0,4.632075471698113,34.80718559063136,54.77875190936864,0.20755088329315186,0.6616910591371744,,,,
book,,,,,gap,close_1545,long_only_liquid,2026,0.5148677218552287,-0.2810482978820801,raw,,,,501.0,686.1521739130435,108.0,4.638888888888889,27.249296329216566,25.183640531437124,0.12989962100982666,0.43995099774727947,,,,
book,,,,,gap,close_1545,ls,2024-26,1.497272570033675,-0.3651224374771118,raw,,,,3388.0,1246.388321167883,379.0,8.939313984168866,46.929553755903186,55.80793886511216,0.6641888618469238,2.468572483710678,96.03140258789062,53.68025588989258,0.30368277430534363,32.774593353271484
book,,,,,gap,close_1545,long,2024-26,1.7167909723985388,-0.28542137145996094,raw,,,,1704.0,626.8729927007299,379.0,4.496042216358839,84.18124633215963,82.34122835974179,0.6170824766159058,2.8304952882764787,160.32684326171875,79.50878143310547,0.2924841642379761,59.911155700683594
book,,,,,gap,close_1545,short,2024-26,0.22255775619669488,-0.3668642044067383,raw,,,,1684.0,619.5153284671533,376.0,4.4787234042553195,9.235440868096793,28.959531806710213,0.024566292762756348,0.3669338261978539,-21.220474243164062,27.70689582824707,2.6497621536254883,-15.327296257019043
book,,,,,gap,close_1545,long_only_liquid,2024-26,1.7302402979079865,-0.2810481786727905,raw,,,,1704.0,626.8729927007299,379.0,4.496042216358839,85.11836120892019,83.27716952758216,0.6261523962020874,2.8526693636863714,162.00096130371094,80.46379089355469,0.289264053106308,60.85380554199219
overlap,"long picks in blend top10 0.087; short picks in blend top10 0.020; corr daily net on report nights 0.082, all nights 0.060; report nights 379",1704.0,0.08685446009389672,0.08161603792732973,gap,close_1545,ls,2024-26,,,raw,0.06023375987965539,,,,,379.0,,,,,,,,,
combo,,,0.0,,gap,close_1545,ls,2024,2.7904460399576485,-0.13712447881698608,raw,,,,,,,,,,1.3836939334869385,,,,,
combo,,,0.0,,gap,close_1545,ls,2025,3.3496024606156003,-0.16196876764297485,raw,,,,,,,,,,3.1346545219421387,,,,,
combo,,,0.0,,gap,close_1545,ls,2026,2.2342121772599866,-0.2063167691230774,raw,,,,,,,,,,1.2542212009429932,,,,,
combo,,,0.0,,gap,close_1545,ls,2024-26,2.8498519093154298,-0.20631694793701172,raw,,,,,,,,,,1.8709840774536133,,,,,
combo,,,0.25,,gap,close_1545,ls,2024,3.388475674893565,-0.0855703353881836,raw,,,,,,,,,,1.5397861003875732,,,,,
combo,,,0.25,,gap,close_1545,ls,2025,3.675210899681993,-0.13599514961242676,raw,,,,,,,,,,3.223090171813965,,,,,
combo,,,0.25,,gap,close_1545,ls,2026,2.3427016446916014,-0.1890309453010559,raw,,,,,,,,,,1.2240386009216309,,,,,
combo,,,0.25,,gap,close_1545,ls,2024-26,3.1807197699673417,-0.18903082609176636,raw,,,,,,,,,,1.9505727291107178,,,,,
combo,,,0.5,,gap,close_1545,ls,2024,3.609860090894183,-0.08916336297988892,raw,,,,,,,,,,1.6729888916015625,,,,,
combo,,,0.5,,gap,close_1545,ls,2025,3.7726686865764907,-0.14163875579833984,raw,,,,,,,,,,3.257185935974121,,,,,
combo,,,0.5,,gap,close_1545,ls,2026,2.1705411000849666,-0.21310663223266602,raw,,,,,,,,,,1.1556196212768555,,,,,
combo,,,0.5,,gap,close_1545,ls,2024-26,3.217504023553496,-0.21310651302337646,raw,,,,,,,,,,1.9899940490722656,,,,,
overlap,"long picks in blend top10 0.087; short picks in blend top10 0.020; corr daily net on report nights 0.274, all nights 0.208; report nights 379",1704.0,0.08685446009389672,0.27444052830954135,gap,close_1545,long_only_liquid,2024-26,,,raw,0.20801113321636686,,,,,379.0,,,,,,,,,
combo,,,0.0,,gap,close_1545,long_only_liquid,2024,2.7904460399576485,-0.13712447881698608,raw,,,,,,,,,,1.3836939334869385,,,,,
combo,,,0.0,,gap,close_1545,long_only_liquid,2025,3.3496024606156003,-0.16196876764297485,raw,,,,,,,,,,3.1346545219421387,,,,,
combo,,,0.0,,gap,close_1545,long_only_liquid,2026,2.2342121772599866,-0.2063167691230774,raw,,,,,,,,,,1.2542212009429932,,,,,
combo,,,0.0,,gap,close_1545,long_only_liquid,2024-26,2.8498519093154298,-0.20631694793701172,raw,,,,,,,,,,1.8709840774536133,,,,,
combo,,,0.25,,gap,close_1545,long_only_liquid,2024,3.41164182554375,-0.10101962089538574,raw,,,,,,,,,,1.5877366065979004,,,,,
combo,,,0.25,,gap,close_1545,long_only_liquid,2025,3.594465507967783,-0.15574610233306885,raw,,,,,,,,,,3.1521315574645996,,,,,
combo,,,0.25,,gap,close_1545,long_only_liquid,2026,2.192956445476879,-0.1898326873779297,raw,,,,,,,,,,1.1053392887115479,,,,,
combo,,,0.25,,gap,close_1545,long_only_liquid,2024-26,3.1155917899612873,-0.1898326873779297,raw,,,,,,,,,,1.9093687534332275,,,,,
combo,,,0.5,,gap,close_1545,long_only_liquid,2024,3.843814699530156,-0.08535170555114746,raw,,,,,,,,,,1.786325454711914,,,,,
combo,,,0.5,,gap,close_1545,long_only_liquid,2025,3.716478695443731,-0.19148612022399902,raw,,,,,,,,,,3.136200428009033,,,,,
combo,,,0.5,,gap,close_1545,long_only_liquid,2026,1.997599235450583,-0.20280992984771729,raw,,,,,,,,,,0.9474442005157471,,,,,
combo,,,0.5,,gap,close_1545,long_only_liquid,2024-26,3.224172328604129,-0.20281022787094116,raw,,,,,,,,,,1.9232177734375,,,,,
ic,,12350.0,,,gap,lag1_lag1,,2024-26,,,raw,0.011757900169792421,0.7079281011975787,379.0,,,,,,,,,,,,
book,,,,,gap,lag1_lag1,ls,2024,0.8479353070811776,-0.18942272663116455,raw,,,,1178.0,1182.6932270916334,132.0,8.924242424242424,23.981035786290324,32.74220076400679,0.25652265548706055,0.8462512233788901,,,,
book,,,,,gap,lag1_lag1,long,2024,1.6222911074801196,-0.14105719327926636,raw,,,,590.0,592.3505976095618,132.0,4.46969696969697,75.19545153601695,73.65561440677966,0.5039701461791992,1.6190690762807374,,,,
book,,,,,gap,lag1_lag1,short,2024,-0.7685928259799168,-0.22647714614868164,raw,,,,588.0,590.3426294820717,131.0,4.488549618320611,-27.407575334821427,-8.31036750637755,-0.16828495264053345,-0.7670663243221625,,,,
book,,,,,gap,lag1_lag1,long_only_liquid,2024,1.6561723183655324,-0.14105719327926636,raw,,,,590.0,592.3505976095618,132.0,4.46969696969697,76.48038930084746,74.93872484110169,0.5158776044845581,1.652882995717629,,,,
book,,,,,gap,lag1_lag1,ls,2025,0.8822491653570697,-0.23235702514648438,raw,,,,1220.0,1229.76,139.0,8.776978417266188,29.79283107069672,38.724321209016395,0.32412147521972656,0.8787412024967998,,,,
book,,,,,gap,lag1_lag1,long,2025,1.6169545710508082,-0.1883409023284912,raw,,,,613.0,617.904,139.0,4.410071942446043,83.2865326774062,81.40386036908646,0.5910332202911377,1.6105253027616238,,,,
book,,,,,gap,lag1_lag1,short,2025,-0.48881529388636885,-0.4362221360206604,raw,,,,607.0,611.856,139.0,4.366906474820144,-24.22963054726112,-4.377082233963138,-0.17597264051437378,-0.4868716866109896,,,,
book,,,,,gap,lag1_lag1,long_only_liquid,2025,1.6529386989954666,-0.1809057593345642,raw,,,,613.0,617.904,139.0,4.410071942446043,84.68439029363785,82.80022685562805,0.6057250499725342,1.6463663520961276,,,,
book,,,,,gap,lag1_lag1,ls,2026,2.506251583688158,-0.22363460063934326,raw,,,,991.0,1357.2391304347827,108.0,9.175925925925926,93.61544525731584,102.47227390262361,2.149012565612793,2.1415750843268886,,,,
book,,,,,gap,lag1_lag1,long,2026,2.0309218368157023,-0.21052438020706177,raw,,,,501.0,686.1521739130435,108.0,4.638888888888889,111.88600923153693,109.84130177145708,1.0111889839172363,1.7354090196880572,,,,
book,,,,,gap,lag1_lag1,short,2026,1.9043116821101878,-0.0965070128440857,raw,,,,490.0,671.0869565217391,106.0,4.622641509433962,74.9347337372449,94.9378268494898,0.5968897342681885,1.6272214959355176,,,,
book,,,,,gap,lag1_lag1,long_only_liquid,2026,2.0096080982567375,-0.21052438020706177,raw,,,,501.0,686.1521739130435,108.0,4.638888888888889,109.56094841566866,107.51495446606786,0.9821033477783203,1.7171965737593187,,,,
book,,,,,gap,lag1_lag1,ls,2024-26,1.391344214300649,-0.23235702514648438,raw,,,,3389.0,1246.756204379562,379.0,8.941952506596307,46.435471377987604,55.28592505163765,0.6392822265625,2.293927045437951,115.56119537353516,53.84933853149414,0.2914135158061981,33.00092315673828
book,,,,,gap,lag1_lag1,long,2024-26,1.7386400204406387,-0.22577720880508423,raw,,,,1704.0,626.8729927007299,379.0,4.496042216358839,88.89368764671362,87.08208626760563,0.6598223447799683,2.866518093924209,172.79025268554688,86.27145385742188,0.27387556433677673,64.92892456054688
book,,,,,gap,lag1_lag1,short,2024-26,0.08275343800033148,-0.4362221360206604,raw,,,,1685.0,619.8832116788321,376.0,4.4813829787234045,3.4985032803227,23.13125,-0.012355029582977295,0.1364366542662846,-43.54729461669922,21.262632369995117,6.511580467224121,-19.397380828857422
book,,,,,gap,lag1_lag1,long_only_liquid,2024-26,1.7558044599966534,-0.21868497133255005,raw,,,,1704.0,626.8729927007299,379.0,4.496042216358839,89.15785468016432,87.34470363849765,0.6636962890625,2.8948173254965472,172.79025268554688,86.5394287109375,0.27306410670280457,65.19464111328125
ic,,12350.0,,,gap,lag1_1545,,2024-26,,,raw,-0.0029005354826975643,-0.1847333239566539,379.0,,,,,,,,,,,,
book,,,,,gap,lag1_1545,ls,2024,1.0031560150280578,-0.21286016702651978,raw,,,,1175.0,1179.6812749003984,132.0,8.901515151515152,29.632260638297872,38.31284242021277,0.3353327512741089,1.0011636475895846,,,,
book,,,,,gap,lag1_1545,long,2024,1.572376750721014,-0.12610042095184326,raw,,,,590.0,592.3505976095618,132.0,4.46969696969697,71.77854210805084,70.2213188559322,0.47557103633880615,1.5692538543896177,,,,
book,,,,,gap,lag1_1545,short,2024,-0.3367627700529162,-0.18211913108825684,raw,,,,585.0,587.3306772908367,130.0,4.5,-12.874232104700855,6.131638955662393,-0.0960339903831482,-0.33609392575801883,,,,
book,,,,,gap,lag1_1545,long_only_liquid,2024,1.572376750721014,-0.12610042095184326,raw,,,,590.0,592.3505976095618,132.0,4.46969696969697,71.77854210805084,70.2213188559322,0.47557103633880615,1.5692538543896177,,,,
book,,,,,gap,lag1_1545,ls,2025,0.9244891167300824,-0.3232513666152954,raw,,,,1224.0,1233.792,139.0,8.805755395683454,30.254167943218953,39.16597094566993,0.33969295024871826,0.9208132011117318,,,,
book,,,,,gap,lag1_1545,long,2025,1.2071698393672472,-0.197104811668396,raw,,,,613.0,617.904,139.0,4.410071942446043,64.40598873368678,62.48679649265905,0.41086137294769287,1.202369940281115,,,,
book,,,,,gap,lag1_1545,short,2025,-0.08796835888036451,-0.3648887276649475,raw,,,,611.0,615.888,139.0,4.39568345323741,-4.009439171823854,15.768805620908347,-0.061487555503845215,-0.0876185827083391,,,,
book,,,,,gap,lag1_1545,long_only_liquid,2025,1.2071698393672472,-0.197104811668396,raw,,,,613.0,617.904,139.0,4.410071942446043,64.40598873368678,62.48679649265905,0.41086137294769287,1.202369940281115,,,,
book,,,,,gap,lag1_1545,ls,2026,1.5648427960665214,-0.2546067237854004,raw,,,,991.0,1357.2391304347827,108.0,9.175925925925926,45.59942214303734,54.41827226286579,0.7205386161804199,1.3371476210751647,,,,
book,,,,,gap,lag1_1545,long,2026,0.2471681543277827,-0.3368973731994629,raw,,,,501.0,686.1521739130435,108.0,4.638888888888889,12.82889007141966,10.775577750748504,0.02633047103881836,0.21120352178231472,,,,
book,,,,,gap,lag1_1545,short,2026,2.605486087121687,-0.07563048601150513,raw,,,,490.0,671.0869565217391,105.0,4.666666666666667,79.10562021683674,99.04071269132653,0.6655241250991821,2.2263702985990563,,,,
book,,,,,gap,lag1_1545,long_only_liquid,2026,0.2610234859415682,-0.3368973731994629,raw,,,,501.0,686.1521739130435,108.0,4.638888888888889,13.617179703093813,11.563596439932635,0.03130030632019043,0.22304280925141415,,,,
book,,,,,gap,lag1_1545,ls,2024-26,1.1282684622689367,-0.32325154542922974,raw,,,,3390.0,1247.1240875912408,379.0,8.944591029023746,34.52449529867257,43.32898230088495,0.4311128854751587,1.860190679999577,72.82373809814453,41.38074493408203,0.4108775556087494,20.399330139160156
book,,,,,gap,lag1_1545,long,2024-26,1.0251809369546967,-0.34107959270477295,raw,,,,1704.0,626.8729927007299,379.0,4.496042216358839,51.79429375733568,49.96100627200704,0.3167375326156616,1.6902289552624188,112.87347412109375,46.35638427734375,0.5204872488975525,24.982633590698242
book,,,,,gap,lag1_1545,short,2024-26,0.4378139076018267,-0.37244683504104614,raw,,,,1686.0,620.2510948905109,374.0,4.508021390374331,17.070320609059905,36.62615148650652,0.07990670204162598,0.7218294029572793,-4.346189022064209,35.70194625854492,1.2069296836853027,-3.5534327030181885
book,,,,,gap,lag1_1545,long_only_liquid,2024-26,1.0280041445027388,-0.34107959270477295,raw,,,,1704.0,626.8729927007299,379.0,4.496042216358839,52.026064590669016,50.192689994131456,0.3184472322463989,1.6948836137450387,112.87347412109375,46.5927848815918,0.5181685090065002,25.215770721435547
overlap,"long picks in blend top10 0.085; short picks in blend top10 0.015; corr daily net on report nights 0.136, all nights 0.103; report nights 379",1704.0,0.08509389671361503,0.13583270141133125,gap,lag1_1545,ls,2024-26,,,raw,0.10277333638654794,,,,,379.0,,,,,,,,,
combo,,,0.0,,gap,lag1_1545,ls,2024,2.7904460399576485,-0.13712447881698608,raw,,,,,,,,,,1.3836939334869385,,,,,
combo,,,0.0,,gap,lag1_1545,ls,2025,3.3496024606156003,-0.16196876764297485,raw,,,,,,,,,,3.1346545219421387,,,,,
combo,,,0.0,,gap,lag1_1545,ls,2026,2.2342121772599866,-0.2063167691230774,raw,,,,,,,,,,1.2542212009429932,,,,,
combo,,,0.0,,gap,lag1_1545,ls,2024-26,2.8498519093154298,-0.20631694793701172,raw,,,,,,,,,,1.8709840774536133,,,,,
combo,,,0.25,,gap,lag1_1545,ls,2024,3.102553467645365,-0.1017797589302063,raw,,,,,,,,,,1.3705155849456787,,,,,
combo,,,0.25,,gap,lag1_1545,ls,2025,3.480093076839494,-0.13844084739685059,raw,,,,,,,,,,2.910738229751587,,,,,
combo,,,0.25,,gap,lag1_1545,ls,2026,2.4645674623893816,-0.1975705623626709,raw,,,,,,,,,,1.3423335552215576,,,,,
combo,,,0.25,,gap,lag1_1545,ls,2024-26,3.051181734958024,-0.1975703239440918,raw,,,,,,,,,,1.83659029006958,,,,,
combo,,,0.5,,gap,lag1_1545,ls,2024,3.0412407800182275,-0.10777199268341064,raw,,,,,,,,,,1.3291378021240234,,,,,
combo,,,0.5,,gap,lag1_1545,ls,2025,3.329571761666236,-0.13599514961242676,raw,,,,,,,,,,2.642432451248169,,,,,
combo,,,0.5,,gap,lag1_1545,ls,2026,2.5226730240897193,-0.19782578945159912,raw,,,,,,,,,,1.407994031906128,,,,,
combo,,,0.5,,gap,lag1_1545,ls,2024-26,2.986046185396751,-0.19782567024230957,raw,,,,,,,,,,1.766648530960083,,,,,
overlap,"long picks in blend top10 0.085; short picks in blend top10 0.015; corr daily net on report nights 0.268, all nights 0.205; report nights 379",1704.0,0.08509389671361503,0.2682243706312535,gap,lag1_1545,long_only_liquid,2024-26,,,raw,0.20509482292294698,,,,,379.0,,,,,,,,,
combo,,,0.0,,gap,lag1_1545,long_only_liquid,2024,2.7904460399576485,-0.13712447881698608,raw,,,,,,,,,,1.3836939334869385,,,,,
combo,,,0.0,,gap,lag1_1545,long_only_liquid,2025,3.3496024606156003,-0.16196876764297485,raw,,,,,,,,,,3.1346545219421387,,,,,
combo,,,0.0,,gap,lag1_1545,long_only_liquid,2026,2.2342121772599866,-0.2063167691230774,raw,,,,,,,,,,1.2542212009429932,,,,,
combo,,,0.0,,gap,lag1_1545,long_only_liquid,2024-26,2.8498519093154298,-0.20631694793701172,raw,,,,,,,,,,1.8709840774536133,,,,,
combo,,,0.25,,gap,lag1_1545,long_only_liquid,2024,3.163554857314126,-0.10083329677581787,raw,,,,,,,,,,1.4150898456573486,,,,,
combo,,,0.25,,gap,lag1_1545,long_only_liquid,2025,3.465100153436896,-0.16685855388641357,raw,,,,,,,,,,2.9289331436157227,,,,,
combo,,,0.25,,gap,lag1_1545,long_only_liquid,2026,2.1177004005879616,-0.21678996086120605,raw,,,,,,,,,,1.0552682876586914,,,,,
combo,,,0.25,,gap,lag1_1545,long_only_liquid,2024-26,2.967359555595939,-0.21678966283798218,raw,,,,,,,,,,1.7621335983276367,,,,,
combo,,,0.5,,gap,lag1_1545,long_only_liquid,2024,3.326878182751317,-0.09344184398651123,raw,,,,,,,,,,1.4275569915771484,,,,,
combo,,,0.5,,gap,lag1_1545,long_only_liquid,2025,3.4098142510555918,-0.18672651052474976,raw,,,,,,,,,,2.696904182434082,,,,,
combo,,,0.5,,gap,lag1_1545,long_only_liquid,2026,1.8597294856312825,-0.22779595851898193,raw,,,,,,,,,,0.8574821949005127,,,,,
combo,,,0.5,,gap,lag1_1545,long_only_liquid,2024-26,2.9088367221641604,-0.22779619693756104,raw,,,,,,,,,,1.6339762210845947,,,,,
book,mean over seeds; column t = 95th percentile of the seeds' Sharpe,,,,gap,random_50seeds,ls,2024,-0.34345768045463204,,raw,,,,,,,,-8.088679132494628,0.6567432044022559,,0.672215652230065,,,,
book,mean over seeds; column t = 95th percentile of the seeds' Sharpe,,,,gap,random_50seeds,long,2024,0.4795390581814539,,raw,,,,,,,,17.728580605717028,16.10739760162871,,1.4543571955276824,,,,
book,mean over seeds; column t = 95th percentile of the seeds' Sharpe,,,,gap,random_50seeds,short,2024,-0.9281677856967957,,raw,,,,,,,,-34.038933887413016,-14.869998725631579,,0.07586305382372191,,,,
book,mean over seeds; column t = 95th percentile of the seeds' Sharpe,,,,gap,random_50seeds,ls,2025,-0.3217473542834082,,raw,,,,,,,,-7.927087264244709,0.9129806434624509,,1.2277822231528916,,,,
book,mean over seeds; column t = 95th percentile of the seeds' Sharpe,,,,gap,random_50seeds,long,2025,0.45048610982530723,,raw,,,,,,,,16.935612058157243,14.996647262199861,,1.6235336913653042,,,,
book,mean over seeds; column t = 95th percentile of the seeds' Sharpe,,,,gap,random_50seeds,short,2025,-0.8550675433704039,,raw,,,,,,,,-32.978302838692464,-13.277658107620955,,0.7906006336153028,,,,
book,mean over seeds; column t = 95th percentile of the seeds' Sharpe,,,,gap,random_50seeds,ls,2026,-0.4168502788237625,,raw,,,,,,,,-10.021390926138904,-1.1556033159942802,,1.6473916816213476,,,,
book,mean over seeds; column t = 95th percentile of the seeds' Sharpe,,,,gap,random_50seeds,long,2026,-0.18380712116793127,,raw,,,,,,,,-6.378561719334768,-8.548970367370726,,1.5348413429674,,,,
book,mean over seeds; column t = 95th percentile of the seeds' Sharpe,,,,gap,random_50seeds,short,2026,-0.37392597763887664,,raw,,,,,,,,-13.712518075358956,6.326148867525113,,0.7970727097743162,,,,
book,mean over seeds; column t = 95th percentile of the seeds' Sharpe,,,,gap,random_50seeds,ls,2024-26,-0.35512040528797334,,raw,,,,,,,,-8.59640190380604,0.21841097766313633,,0.5768267223531856,,,,
book,mean over seeds; column t = 95th percentile of the seeds' Sharpe,,,,gap,random_50seeds,long,2024-26,0.27244936428016575,,raw,,,,,,,,10.3554772999365,8.458494568587467,,1.022165894405291,,,,
book,mean over seeds; column t = 95th percentile of the seeds' Sharpe,,,,gap,random_50seeds,short,2024-26,-0.7468687835242275,,raw,,,,,,,,-27.70639233668065,-8.091385759393036,,-0.039234428056744874,,,,
count,"3 configs (news/rank, gap/rank, gap/raw) x 4 train->score variants (2 references, 2 tradable: close->15:45, t-1->15:45); full inputs; hyperparameters from study 77; each with ls / long / short / long-only-liquid books",12.0,,,,,,,,,,,,,,,,,,,,,,,,
