part,item,period,scope,n_ticker_days,share_off_1,share_off_own_median,share_persistent_off_1,tickers_persistent,tickers,ratio,days_in_top500,n,n_in_univ,share_open_on_new_scale,median_abs_shift,mean_yahoo_bp,mean_alpaca_all_bp,mean_alpaca_split_bp,share,mean_abs_log_off,yahoo_bp,alpaca_all_bp,alpaca_split_bp,scale_change,sharpe,ann_ret,net_bp,diff_vs_base_bp,sum_weighted_ret_bp,n_picks,n_ticker_days_yahoo,n_ticker_days_alpaca_scale,only_yahoo,only_alpaca,tickers_yahoo,tickers_alpaca,tickers_only_yahoo,tickers_only_alpaca,tickers_with_any_day_differing
extent,split: Yahoo rawc / Alpaca split,2020,all,700777.0,0.0506123916738135,0.025789944590076445,0.04396833800196068,154.0,2922.0,,,,,,,,,,,,,,,,,,,,,,,,,,,,,,
extent,split: Yahoo rawc / Alpaca split,2020,top500,125342.0,0.05741890188444416,0.02860174562397281,0.05571955130762234,39.0,765.0,,,,,,,,,,,,,,,,,,,,,,,,,,,,,,
extent,split: Yahoo rawc / Alpaca split,2020,train_univ,431503.0,0.04356169018523626,0.02303112608718827,0.041941770972623596,99.0,2270.0,,,,,,,,,,,,,,,,,,,,,,,,,,,,,,
extent,split: Yahoo rawc / Alpaca split,2021,all,786173.0,0.041063480938673805,0.014800813561391703,0.03930305416237902,140.0,3303.0,,,,,,,,,,,,,,,,,,,,,,,,,,,,,,
extent,split: Yahoo rawc / Alpaca split,2021,top500,125172.0,0.04511392324161953,0.018270859297606492,0.04507397820598856,34.0,777.0,,,,,,,,,,,,,,,,,,,,,,,,,,,,,,
extent,split: Yahoo rawc / Alpaca split,2021,train_univ,518511.0,0.03651610091203465,0.015189648821336482,0.03595294988920197,116.0,2759.0,,,,,,,,,,,,,,,,,,,,,,,,,,,,,,
extent,split: Yahoo rawc / Alpaca split,2022,all,844625.0,0.03889655172413793,0.011737753440876129,0.03440343347639485,153.0,3407.0,,,,,,,,,,,,,,,,,,,,,,,,,,,,,,
extent,split: Yahoo rawc / Alpaca split,2022,top500,125099.0,0.032310410155157114,0.005036011478908704,0.032302416486142974,24.0,703.0,,,,,,,,,,,,,,,,,,,,,,,,,,,,,,
extent,split: Yahoo rawc / Alpaca split,2022,train_univ,501645.0,0.02755334948021011,0.006522540840634313,0.02749952655762541,81.0,2485.0,,,,,,,,,,,,,,,,,,,,,,,,,,,,,,
extent,split: Yahoo rawc / Alpaca split,2023,all,864074.0,0.034210032936993824,0.009195971641317758,0.029588900950613027,130.0,3502.0,,,,,,,,,,,,,,,,,,,,,,,,,,,,,,
extent,split: Yahoo rawc / Alpaca split,2023,top500,124732.0,0.030000320687554115,0.001851970625020043,0.030000320687554115,22.0,704.0,,,,,,,,,,,,,,,,,,,,,,,,,,,,,,
extent,split: Yahoo rawc / Alpaca split,2023,train_univ,487960.0,0.020073366669399132,0.002551438642511681,0.02000163947864579,59.0,2382.0,,,,,,,,,,,,,,,,,,,,,,,,,,,,,,
extent,split: Yahoo rawc / Alpaca split,2024,all,898452.0,0.02777666475226278,0.013574459180902262,0.023736382132824013,119.0,3631.0,,,,,,,,,,,,,,,,,,,,,,,,,,,,,,
extent,split: Yahoo rawc / Alpaca split,2024,top500,125728.0,0.02130790277424281,0.007587808602697888,0.02130790277424281,15.0,720.0,,,,,,,,,,,,,,,,,,,,,,,,,,,,,,
extent,split: Yahoo rawc / Alpaca split,2024,train_univ,524088.0,0.013988108867213139,0.008374547785868023,0.013824014287676878,45.0,2581.0,,,,,,,,,,,,,,,,,,,,,,,,,,,,,,
extent,split: Yahoo rawc / Alpaca split,2025-26,all,1656047.0,0.015966334288821514,0.021065223390398943,0.012915092385662968,108.0,3917.0,,,,,,,,,,,,,,,,,,,,,,,,,,,,,,
extent,split: Yahoo rawc / Alpaca split,2025-26,top500,218775.0,0.011093589304079533,0.017556850645640498,0.011093589304079533,12.0,839.0,,,,,,,,,,,,,,,,,,,,,,,,,,,,,,
extent,split: Yahoo rawc / Alpaca split,2025-26,train_univ,1048699.0,0.0057871705799280825,0.01467151203538861,0.005695628583606926,43.0,3310.0,,,,,,,,,,,,,,,,,,,,,,,,,,,,,,
extent,split: Yahoo rawc / Alpaca split,2020-23,all,3195649.0,0.04073163229128105,0.014885552199255926,0.036404498741883104,215.0,3502.0,,,,,,,,,,,,,,,,,,,,,,,,,,,,,,
extent,split: Yahoo rawc / Alpaca split,2020-23,top500,500345.0,0.04122755298843798,0.013456714866741949,0.04078985500004997,47.0,983.0,,,,,,,,,,,,,,,,,,,,,,,,,,,,,,
extent,split: Yahoo rawc / Alpaca split,2020-23,train_univ,1939619.0,0.031628892065916035,0.011513085817369288,0.03108600194161843,144.0,3128.0,,,,,,,,,,,,,,,,,,,,,,,,,,,,,,
extent,split: Yahoo rawc / Alpaca split,2024-26,all,2554499.0,0.020120187950748856,0.01843061985931488,0.016721086992009002,142.0,3917.0,,,,,,,,,,,,,,,,,,,,,,,,,,,,,,
extent,split: Yahoo rawc / Alpaca split,2024-26,top500,344503.0,0.014821351338014472,0.01391860157966694,0.014821351338014472,16.0,896.0,,,,,,,,,,,,,,,,,,,,,,,,,,,,,,
extent,split: Yahoo rawc / Alpaca split,2024-26,train_univ,1572787.0,0.00851990765437405,0.012573221930242302,0.008404189505635538,58.0,3420.0,,,,,,,,,,,,,,,,,,,,,,,,,,,,,,
extent,all: Yahoo c / Alpaca all,2020,all,700777.0,0.12804501289283182,0.06110360357146424,0.12175199813920834,392.0,2922.0,,,,,,,,,,,,,,,,,,,,,,,,,,,,,,
extent,all: Yahoo c / Alpaca all,2020,top500,125342.0,0.11210926903990681,0.05240063187120039,0.11024237685691947,91.0,765.0,,,,,,,,,,,,,,,,,,,,,,,,,,,,,,
extent,all: Yahoo c / Alpaca all,2020,train_univ,431503.0,0.1197419253168576,0.053315967675775136,0.11840937374711184,289.0,2270.0,,,,,,,,,,,,,,,,,,,,,,,,,,,,,,
extent,all: Yahoo c / Alpaca all,2021,all,786173.0,0.10906250914238978,0.04033972166431562,0.1073911212926417,373.0,3303.0,,,,,,,,,,,,,,,,,,,,,,,,,,,,,,
extent,all: Yahoo c / Alpaca all,2021,top500,125172.0,0.09433419614610296,0.03554309270443869,0.0937110535902598,74.0,777.0,,,,,,,,,,,,,,,,,,,,,,,,,,,,,,
extent,all: Yahoo c / Alpaca all,2021,train_univ,518511.0,0.10355807302063023,0.039410928601321865,0.1029042778263142,302.0,2759.0,,,,,,,,,,,,,,,,,,,,,,,,,,,,,,
extent,all: Yahoo c / Alpaca all,2022,all,844625.0,0.09727157022347195,0.026418824922302797,0.09284001775936067,362.0,3407.0,,,,,,,,,,,,,,,,,,,,,,,,,,,,,,
extent,all: Yahoo c / Alpaca all,2022,top500,125099.0,0.08669134045835698,0.021702811373392274,0.0860278659301833,66.0,703.0,,,,,,,,,,,,,,,,,,,,,,,,,,,,,,
extent,all: Yahoo c / Alpaca all,2022,train_univ,501645.0,0.09356417386797436,0.024383777372444657,0.09333891496974953,246.0,2485.0,,,,,,,,,,,,,,,,,,,,,,,,,,,,,,
extent,all: Yahoo c / Alpaca all,2023,all,864074.0,0.08488740547684573,0.024732835382154768,0.08043061126709054,335.0,3502.0,,,,,,,,,,,,,,,,,,,,,,,,,,,,,,
extent,all: Yahoo c / Alpaca all,2023,top500,124732.0,0.07189013244395985,0.01787031395311548,0.07173780585575473,66.0,704.0,,,,,,,,,,,,,,,,,,,,,,,,,,,,,,
extent,all: Yahoo c / Alpaca all,2023,train_univ,487960.0,0.08023608492499386,0.022743667513730633,0.08033650299204853,217.0,2382.0,,,,,,,,,,,,,,,,,,,,,,,,,,,,,,
extent,all: Yahoo c / Alpaca all,2024,all,898452.0,0.07121025942398704,0.04209128590063799,0.06731244407046787,298.0,3631.0,,,,,,,,,,,,,,,,,,,,,,,,,,,,,,
extent,all: Yahoo c / Alpaca all,2024,top500,125728.0,0.058523161109697124,0.036785759735301606,0.05861860524306439,51.0,720.0,,,,,,,,,,,,,,,,,,,,,,,,,,,,,,
extent,all: Yahoo c / Alpaca all,2024,train_univ,524088.0,0.06510357039275846,0.04222191692998122,0.0650253392560028,186.0,2581.0,,,,,,,,,,,,,,,,,,,,,,,,,,,,,,
extent,all: Yahoo c / Alpaca all,2025-26,all,1656047.0,0.04090644770347702,0.06147047758910224,0.03790109821762305,280.0,3917.0,,,,,,,,,,,,,,,,,,,,,,,,,,,,,,
extent,all: Yahoo c / Alpaca all,2025-26,top500,218775.0,0.024413209918866415,0.05187978516740944,0.024422351731230717,41.0,839.0,,,,,,,,,,,,,,,,,,,,,,,,,,,,,,
extent,all: Yahoo c / Alpaca all,2025-26,train_univ,1048699.0,0.03695149895251164,0.06298089346895534,0.03683611789464851,193.0,3310.0,,,,,,,,,,,,,,,,,,,,,,,,,,,,,,
extent,all: Yahoo c / Alpaca all,2020-23,all,3195649.0,0.10357207565661936,0.03699373742235145,0.09940453410246244,484.0,3502.0,,,,,,,,,,,,,,,,,,,,,,,,,,,,,,
extent,all: Yahoo c / Alpaca all,2020-23,top500,500345.0,0.09128101609889176,0.03189998900758477,0.09045358702495278,112.0,983.0,,,,,,,,,,,,,,,,,,,,,,,,,,,,,,
extent,all: Yahoo c / Alpaca all,2020-23,train_univ,1939619.0,0.09870649854430175,0.034424801984307224,0.09820227580777462,385.0,3128.0,,,,,,,,,,,,,,,,,,,,,,,,,,,,,,
extent,all: Yahoo c / Alpaca all,2024-26,all,2554499.0,0.05156470994899587,0.05465455261481801,0.048245468093743624,334.0,3917.0,,,,,,,,,,,,,,,,,,,,,,,,,,,,,,
extent,all: Yahoo c / Alpaca all,2024-26,top500,344503.0,0.03686179801046725,0.046371149162706855,0.0369024362632546,58.0,896.0,,,,,,,,,,,,,,,,,,,,,,,,,,,,,,
extent,all: Yahoo c / Alpaca all,2024-26,train_univ,1572787.0,0.04633240228969339,0.056063535621797486,0.046229400421036036,225.0,3420.0,,,,,,,,,,,,,,,,,,,,,,,,,,,,,,
period,SPGI,2020-01-02..2026-06-30,,1631.0,,,,,,0.9460737929758448,1631.0,,,,,,,,,,,,,,,,,,,,,,,,,,,,
period,HON,2020-01-02..2026-06-26,,1629.0,,,,,,0.4942354866609345,1629.0,,,,,,,,,,,,,,,,,,,,,,,,,,,,
period,FDX,2020-01-02..2026-05-29,,1610.0,,,,,,0.8058017730693595,1610.0,,,,,,,,,,,,,,,,,,,,,,,,,,,,
period,BDX,2020-01-02..2026-02-09,,1534.0,,,,,,0.786163499322722,1534.0,,,,,,,,,,,,,,,,,,,,,,,,,,,,
period,AZN,2020-01-02..2026-01-30,,1528.0,,,,,,2.0,1528.0,,,,,,,,,,,,,,,,,,,,,,,,,,,,
period,CMCSA,2020-01-02..2026-01-02,,1509.0,,,,,,0.9372071236199248,1509.0,,,,,,,,,,,,,,,,,,,,,,,,,,,,
period,DD,2020-01-02..2025-10-31,,1467.0,,,,,,0.418410042156238,1402.0,,,,,,,,,,,,,,,,,,,,,,,,,,,,
period,WDC,2020-01-02..2025-02-21,,1292.0,,,,,,0.7558579008403072,1291.0,,,,,,,,,,,,,,,,,,,,,,,,,,,,
period,LEN,2020-01-02..2025-01-17,,1269.0,,,,,,0.9680542125161696,1269.0,,,,,,,,,,,,,,,,,,,,,,,,,,,,
period,ILMN,2020-01-02..2024-06-24,,1126.0,,,,,,0.9727626453416052,1126.0,,,,,,,,,,,,,,,,,,,,,,,,,,,,
period,FTV,2020-01-02..2025-06-27,,1379.0,,,,,,0.7535795036627604,1120.0,,,,,,,,,,,,,,,,,,,,,,,,,,,,
period,GE,2020-01-02..2024-04-01,,1068.0,,,,,,0.6230168728007086,1068.0,,,,,,,,,,,,,,,,,,,,,,,,,,,,
period,MMM,2020-01-02..2024-03-28,,1067.0,,,,,,0.8361204029184527,1067.0,,,,,,,,,,,,,,,,,,,,,,,,,,,,
period,DHR,2020-01-02..2023-09-29,,943.0,,,,,,0.8865248231094112,943.0,,,,,,,,,,,,,,,,,,,,,,,,,,,,
period,LH,2020-01-02..2023-06-30,,880.0,,,,,,0.8591065301477065,876.0,,,,,,,,,,,,,,,,,,,,,,,,,,,,
period,T,2020-01-02..2022-04-08,,573.0,,,,,,0.7552870120938847,573.0,,,,,,,,,,,,,,,,,,,,,,,,,,,,
period,ZBH,2020-01-02..2022-02-28,,544.0,,,,,,0.970873786407767,544.0,,,,,,,,,,,,,,,,,,,,,,,,,,,,
period,EXC,2020-01-02..2022-02-01,,526.0,,,,,,0.7132667602047035,526.0,,,,,,,,,,,,,,,,,,,,,,,,,,,,
period,O,2020-01-02..2021-11-12,,472.0,,,,,,0.9689922489884474,472.0,,,,,,,,,,,,,,,,,,,,,,,,,,,,
period,IBM,2020-01-02..2021-11-03,,465.0,,,,,,0.9560229424885389,465.0,,,,,,,,,,,,,,,,,,,,,,,,,,,,
period,IP,2020-01-02..2021-09-30,,441.0,,,,,,0.9469696974439211,417.0,,,,,,,,,,,,,,,,,,,,,,,,,,,,
period,MRK,2020-01-02..2021-06-02,,357.0,,,,,,0.9541984732824428,357.0,,,,,,,,,,,,,,,,,,,,,,,,,,,,
period,PPLI,2020-01-02..2025-03-31,,1318.0,,,,,,0.8203445293948582,323.0,,,,,,,,,,,,,,,,,,,,,,,,,,,,
period,DTE,2020-01-02..2021-06-30,,377.0,,,,,,0.8510638282412575,308.0,,,,,,,,,,,,,,,,,,,,,,,,,,,,
period,XPO,2020-01-02..2022-10-31,,714.0,,,,,,0.3458539540084967,254.0,,,,,,,,,,,,,,,,,,,,,,,,,,,,
period,SCCO,2020-01-02..2026-08-10,,1659.0,,,,,,0.9345455552965669,234.0,,,,,,,,,,,,,,,,,,,,,,,,,,,,
period,PFE,2020-01-02..2020-11-16,,222.0,,,,,,0.9487666062401964,222.0,,,,,,,,,,,,,,,,,,,,,,,,,,,,
period,CNQ,2020-01-02..2022-08-19,,664.0,,,,,,0.9794318945747682,214.0,,,,,,,,,,,,,,,,,,,,,,,,,,,,
period,BWA,2020-01-02..2023-07-03,,881.0,,,,,,0.8802816901408451,189.0,,,,,,,,,,,,,,,,,,,,,,,,,,,,
period,ARMK,2020-01-02..2023-09-29,,943.0,,,,,,0.7220216628626963,159.0,,,,,,,,,,,,,,,,,,,,,,,,,,,,
period,TRI,2020-01-02..2026-05-01,,1591.0,,,,,,0.9854993284871656,86.0,,,,,,,,,,,,,,,,,,,,,,,,,,,,
period,RTX,2020-01-02..2020-04-02,,64.0,,,,,,0.3146633080542514,64.0,,,,,,,,,,,,,,,,,,,,,,,,,,,,
period,FBIN,2020-01-02..2022-12-14,,745.0,,,,,,0.8547008547008547,64.0,,,,,,,,,,,,,,,,,,,,,,,,,,,,
period,FLEX,2020-01-02..2024-01-02,,1007.0,,,,,,0.7535795041265447,62.0,,,,,,,,,,,,,,,,,,,,,,,,,,,,
period,FNF,2020-01-02..2025-12-16,,1498.0,,,,,,0.9643200761109652,60.0,,,,,,,,,,,,,,,,,,,,,,,,,,,,
period,MIDD,2020-01-02..2026-07-06,,1634.0,,,,,,0.8045052298664177,59.0,,,,,,,,,,,,,,,,,,,,,,,,,,,,
period,J,2020-01-02..2025-05-15,,1350.0,,,,,,0.8271503891428387,56.0,,,,,,,,,,,,,,,,,,,,,,,,,,,,
period,BFH,2020-01-02..2021-11-05,,467.0,,,,,,0.7980845960205941,41.0,,,,,,,,,,,,,,,,,,,,,,,,,,,,
period,TT,2020-01-02..2020-02-28,,40.0,,,,,,0.8824033069138426,40.0,,,,,,,,,,,,,,,,,,,,,,,,,,,,
period,WPC,2020-01-02..2023-11-01,,966.0,,,,,,0.9794319277591623,22.0,,,,,,,,,,,,,,,,,,,,,,,,,,,,
period,GGB,2020-01-02..2024-04-17,,1080.0,,,,,,0.7936508278602574,22.0,,,,,,,,,,,,,,,,,,,,,,,,,,,,
period,CENN,2020-01-02..2023-11-30,,986.0,,,,,,10.0,18.0,,,,,,,,,,,,,,,,,,,,,,,,,,,,
period,LBTYK,2020-01-02..2024-11-12,,1225.0,,,,,,0.5235602096286335,15.0,,,,,,,,,,,,,,,,,,,,,,,,,,,,
period,LGND,2020-01-02..2022-11-01,,715.0,,,,,,0.6238303170521915,14.0,,,,,,,,,,,,,,,,,,,,,,,,,,,,
period,FTI,2020-01-02..2021-02-12,,282.0,,,,,,0.7440476227227296,13.0,,,,,,,,,,,,,,,,,,,,,,,,,,,,
period,HR,2021-10-06..2022-07-20,,198.0,,,,,,0.9455889330167213,12.0,,,,,,,,,,,,,,,,,,,,,,,,,,,,
period,ABTS,2020-01-02..2025-03-07,,1302.0,,,,,,0.06666666666666667,5.0,,,,,,,,,,,,,,,,,,,,,,,,,,,,
period,MEGL,2022-08-05..2025-02-14,,635.0,,,,,,0.25,2.0,,,,,,,,,,,,,,,,,,,,,,,,,,,,
period,DCTH,2020-01-02..2020-04-30,,83.0,,,,,,120.12012036379417,0.0,,,,,,,,,,,,,,,,,,,,,,,,,,,,
period,SAFE,2020-06-16..2020-09-18,,67.0,,,,,,1.1000229456561517,0.0,,,,,,,,,,,,,,,,,,,,,,,,,,,,
period,RTB,2025-09-11..2025-09-17,,5.0,,,,,,0.9924385704836535,0.0,,,,,,,,,,,,,,,,,,,,,,,,,,,,
period,SAFE,2020-01-02..2020-05-28,,102.0,,,,,,1.0595469240529307,0.0,,,,,,,,,,,,,,,,,,,,,,,,,,,,
period,RIME,2026-09-18..2026-09-24,,5.0,,,,,,0.9918320073994613,0.0,,,,,,,,,,,,,,,,,,,,,,,,,,,,
period,SAFE,2020-11-17..2020-12-18,,23.0,,,,,,1.0303258778090805,0.0,,,,,,,,,,,,,,,,,,,,,,,,,,,,
period,SAFE,2020-09-22..2020-11-12,,38.0,,,,,,0.8958609980211143,0.0,,,,,,,,,,,,,,,,,,,,,,,,,,,,
period,RVSN,2022-03-31..2026-02-02,,963.0,,,,,,30.0,0.0,,,,,,,,,,,,,,,,,,,,,,,,,,,,
period,SAFE,2020-12-31..2021-01-20,,13.0,,,,,,0.9844586336970524,0.0,,,,,,,,,,,,,,,,,,,,,,,,,,,,
period,SAFE,2021-01-28..2023-03-30,,547.0,,,,,,1.6644638297098249,0.0,,,,,,,,,,,,,,,,,,,,,,,,,,,,
period,SCLX,2021-03-05..2026-06-15,,1326.0,,,,,,0.6226650067362618,0.0,,,,,,,,,,,,,,,,,,,,,,,,,,,,
period,SDEV,2022-03-17..2022-03-29,,9.0,,,,,,1.0010740186460125,0.0,,,,,,,,,,,,,,,,,,,,,,,,,,,,
events,"all basis, yahoo split listed=False",,,,,,,,569.0,,,17229.0,1793.0,0.21254860990190957,0.010199422952324778,,,,,,,,,,,,,,,,,,,,,,,,
events,"all basis, yahoo split listed=True",,,,,,,,154.0,,,187.0,64.0,0.93048128342246,0.03099989547751063,,,,,,,,,,,,,,,,,,,,,,,,
events,"split basis, yahoo split listed=False",,,,,,,,322.0,,,16390.0,1264.0,0.17321537522879804,0.010101010101010166,,,,,,,,,,,,,,,,,,,,,,,,
events,"split basis, yahoo split listed=True",,,,,,,,174.0,,,225.0,98.0,0.9422222222222222,0.049999905174441146,,,,,,,,,,,,,,,,,,,,,,,,
events,Yahoo non-integer split ratios listed 2019-07+ (spin-off type),,,,,,,,164.0,,,212.0,113.0,,,,,,,,,,,,,,,,,,,,,,,,,,
train_2020_23,stock-nights in training universe,,,,,,,,,,,1949817.0,,,,,,,,,,,,,,,,,,,,,,,,,,,
train_2020_23,nights with a scale change (event at t+1),,,,,,,,,,,1383.0,,,,14.149510092240659,-17.009450745389806,-127.8884416934312,,,,,,,,,,,,,,,,,,,,,
train_2020_23,nights |Yahoo - Alpaca-all| > 1%,,,,,,,,,,,3051.0,,,,,,,0.0015647622315324977,,,,,,,,,,,,,,,,,,,,
train_2020_23,rows with lpx feature off by > 0.5% (|log k|),,,,,,,,,,,61348.0,,,,,,,0.03146346554574096,0.46135043855001684,,,,,,,,,,,,,,,,,,,
blend_bad_nights,AGEN,2024-01-31,,,,,,,,,,,,,,,,,,,149.25479888916016,254.87267518653934,254.87267518653934,False,,,,,,,,,,,,,,,
blend_bad_nights,AGEN,2024-02-15,,,,,,,,,,,,,,,,,,,461.53903007507324,321.1009776328377,321.1009776328377,False,,,,,,,,,,,,,,,
blend_bad_nights,FCEL,2024-05-14,,,,,,,,,,,,,,,,,,,568.1812763214111,467.57154966607703,467.57154966607703,False,,,,,,,,,,,,,,,
blend_bad_nights,FCEL,2024-08-20,,,,,,,,,,,,,,,,,,,243.90220642089844,128.6180116426472,128.6180116426472,False,,,,,,,,,,,,,,,
blend_bad_nights,FCEL,2024-11-07,,,,,,,,,,,,,,,,,,,344.82836723327637,64.49440857465127,64.49440857465127,False,,,,,,,,,,,,,,,
blend_bad_nights,ELAB,2024-11-26,,,,,,,,,,,,,,,,,,,-999.9996423721313,-639.9998671343532,-639.9998671343532,False,,,,,,,,,,,,,,,
blend_bad_nights,TNXP,2024-12-12,,,,,,,,,,,,,,,,,,,434.7825050354004,690.2577395526621,690.2577395526621,True,,,,,,,,,,,,,,,
blend_bad_nights,RIME,2025-01-15,,,,,,,,,,,,,,,,,,,-1999.9998807907104,-1474.103135318312,-1474.103135318312,True,,,,,,,,,,,,,,,
blend_bad_nights,RIME,2025-01-24,,,,,,,,,,,,,,,,,,,-2500.0,-793.6506735104155,-793.6506735104155,True,,,,,,,,,,,,,,,
blend_bad_nights,TNXP,2025-01-30,,,,,,,,,,,,,,,,,,,789.4742488861084,933.3333333333327,933.3333333333327,False,,,,,,,,,,,,,,,
blend_bad_nights,RIME,2025-01-31,,,,,,,,,,,,,,,,,,,0.0,1640.6253346940568,1640.6253346940568,True,,,,,,,,,,,,,,,
blend_bad_nights,RIME,2025-02-03,,,,,,,,,,,,,,,,,,,-3333.333134651184,-1086.14214818884,-1086.14214818884,True,,,,,,,,,,,,,,,
blend,base (published),2024-25H1,,,,,,,,,,,,,,,,,,,,,,,2.7955907704665273,1.6671087520149679,41.83055309499847,0.0,,,,,,,,,,,
blend,base (published),2025H2-26,,,,,,,,,,,,,,,,,,,,,,,2.9136560244688874,2.1350975607689984,48.99887707179467,0.0,,,,,,,,,,,
blend,base (published),2024-26,,,,,,,,,,,,,,,,,,,,,,,2.8497865593622262,1.8709110620587381,45.095541534064765,0.0,,,,,,,,,,,
blend,drop scale-change nights (cash),2024-25H1,,,,,,,,,,,,,,,,,,,,,,,2.9898708171909107,1.8208244645075418,43.9534697074769,2.122916612478423,,,,,,,,,,,
blend,drop scale-change nights (cash),2025H2-26,,,,,,,,,,,,,,,,,,,,,,,2.9136560244688874,2.1350975607689984,48.99887707179467,0.0,,,,,,,,,,,
blend,drop scale-change nights (cash),2024-26,,,,,,,,,,,,,,,,,,,,,,,2.9480012695620417,1.9598585128304808,46.251523864655205,1.1559823305904406,,,,,,,,,,,
blend,correct scale-change nights with Alpaca-all,2024-25H1,,,,,,,,,,,,,,,,,,,,,,,2.959697326426589,1.7915913897269444,43.54451278580026,1.7139596908017827,,,,,,,,,,,
blend,correct scale-change nights with Alpaca-all,2025H2-26,,,,,,,,,,,,,,,,,,,,,,,2.914905770948389,2.136623959069477,49.018012148137835,0.019135076343182053,,,,,,,,,,,
blend,correct scale-change nights with Alpaca-all,2024-26,,,,,,,,,,,,,,,,,,,,,,,2.9332807894273714,1.9437687312281642,46.03755191141971,0.9420103773549455,,,,,,,,,,,
blend,replace every night |Yahoo-Alpaca-all| > 1% with Alpaca-all,2024-25H1,,,,,,,,,,,,,,,,,,,,,,,2.958922396389093,1.790755446693431,43.53252320912216,1.701970114123685,,,,,,,,,,,
blend,replace every night |Yahoo-Alpaca-all| > 1% with Alpaca-all,2025H2-26,,,,,,,,,,,,,,,,,,,,,,,2.9136560244688874,2.1350975607689984,48.99887707179467,0.0,,,,,,,,,,,
blend,replace every night |Yahoo-Alpaca-all| > 1% with Alpaca-all,2024-26,,,,,,,,,,,,,,,,,,,,,,,2.9322701460997957,1.9426362234038077,46.02230774219344,0.9267662081286636,,,,,,,,,,,
blend,drop every night |Yahoo-Alpaca-all| > 1% (cash),2024-25H1,,,,,,,,,,,,,,,,,,,,,,,2.951597204114689,1.781611069457596,43.396604116981294,1.5660510219828143,,,,,,,,,,,
blend,drop every night |Yahoo-Alpaca-all| > 1% (cash),2025H2-26,,,,,,,,,,,,,,,,,,,,,,,2.9136560244688874,2.1350975607689984,48.99887707179467,0.0,,,,,,,,,,,
blend,drop every night |Yahoo-Alpaca-all| > 1% (cash),2024-26,,,,,,,,,,,,,,,,,,,,,,,2.928452753154774,1.937381962142208,45.94829632413716,0.8527547900723937,,,,,,,,,,,
blend,drop picks on an off-scale period (cash),2024-25H1,,,,,,,,,,,,,,,,,,,,,,,2.908291350078976,1.7331491554812448,42.69110850989739,0.8605554148989119,,,,,,,,,,,
blend,drop picks on an off-scale period (cash),2025H2-26,,,,,,,,,,,,,,,,,,,,,,,2.908638727666911,2.1276807031783913,48.90274528556853,-0.09613178622613336,,,,,,,,,,,
blend,drop picks on an off-scale period (cash),2024-26,,,,,,,,,,,,,,,,,,,,,,,2.9037306679903727,1.9062669077332974,45.52035036976512,0.4248088357003511,,,,,,,,,,,
blend_contrib,scale-change nights,,,,,,,,,,,14.0,,,,-565.6056318964277,-104.69341841588502,,,,,,,,,,,,-791.8478964544518,,,,,,,,,,
blend_contrib,|Yahoo-Alpaca-all| > 1%,,,,,,,,,,,12.0,,,,-486.7808520793915,42.2481838442403,,,,,,,,,,,,-584.1370311995897,,,,,,,,,,
blend_contrib,off-scale periods,,,,,,,,,,,108.0,,,,-26.943893344314013,9.039260330378866,,,,,,,,,,,,-290.99405245474054,,,,,,,,,,
blend_contrib,total net (sum of daily returns),,,,,,,,,,,,,,,,,,,,,,,,,,,,30890.445950834368,,,,,,,,,,
ml_overnight_k10,picks on scale-change nights,,,,,,,,,,,4.0,,,,,,,,,,,,,,,,,,6850.0,,,,,,,,,
ml_overnight_k10,picks with |Yahoo-Alpaca-all| > 1%,,,,,,,,,,,3.0,,,,,,,,,,,,,,,,,,6850.0,,,,,,,,,
universe,"train filter rawc>5 & adv20>5M, 2020-23",,,,,,,,,,,,,,,,,,,,,,,,,,,,,,1939619.0,1951045.0,1413.0,12839.0,3128.0,3128.0,5.0,5.0,157.0
universe,"top-500 by adv20 (price>5), 2020-23",,,,,,,,,,,,,,,,,,,,,,,,,,,,,,503000.0,,6119.0,6119.0,,,,,586.0
universe,"train filter rawc>5 & adv20>5M, 2024-26",,,,,,,,,,,,,,,,,,,,,,,,,,,,,,1572788.0,1579053.0,194.0,6459.0,3420.0,3438.0,3.0,21.0,79.0
universe,"top-500 by adv20 (price>5), 2024-26",,,,,,,,,,,,,,,,,,,,,,,,,,,,,,345000.0,,1276.0,1276.0,,,,,321.0
universe,blend picks 2024-26 outside the Alpaca-scale filter,,,,,,,,,,,36.0,,,,,,,,,,,,,,,,,,6850.0,,,,,,,,,
