signal,k,period,net_sharpe,net_annret,maxdd,gross_bps,cost_bps
close_features,5,val,2.640918465455469,1.7158833,-0.1666426,48.969494,5.8327584
close_features,5,oos,2.4288386886590603,1.6700513,-0.3055191,47.95115,4.949079
close_features,10,val,2.747133754641011,1.2905312,-0.16400814,40.331146,5.3007054
close_features,10,oos,2.7767266942206272,1.483542,-0.14182377,43.341465,4.7575436
close_features,20,val,2.9600369571160736,1.1864583,-0.12226546,37.697147,5.0534024
close_features,20,oos,2.5772999020697798,1.0604789,-0.15628278,35.083042,4.5956774
features_at_1545,5,val,1.9213489767933853,1.1281934,-0.17675215,39.708027,5.791114
features_at_1545,5,oos,1.8493903011223927,0.9483026,-0.2865414,34.482014,4.7668924
features_at_1545,10,val,2.159590555717852,0.9317306,-0.15941477,33.70094,5.344108
features_at_1545,10,oos,2.149021800792089,0.9583039,-0.19373542,33.676353,4.700005
features_at_1545,20,val,2.7661494235452433,1.0919557,-0.15163559,35.97993,5.0512466
features_at_1545,20,oos,2.510912537314184,1.0471828,-0.18205577,34.866497,4.5706005
