ticker,signal,variant,cost,period,sharpe,ann_ret,bps_day
SPY,first,long_short,base,dev,-1.4365583832340845,-0.08741269566402088,-3.5524740747253296
SPY,first,long_short,base,val,-2.416074819066647,-0.09163223881142357,-3.782205342991466
SPY,first,long_short,base,oos,-3.4299937271394274,-0.08095724663724335,-3.337650546660791
SPY,first,long_only,base,dev,-1.4222585143631612,-0.05627244710922241,-2.2663300037384033
SPY,first,long_only,base,val,-1.7627961269842933,-0.04591214656829834,-1.8509265184402466
SPY,first,long_only,base,oos,-3.0482766815941775,-0.05461472272872925,-2.221684217453003
SPY,first,always_long,base,dev,-1.69272546396891,-0.10186576843261719,-4.1855854988098145
SPY,first,always_long,base,val,-1.8800302048082203,-0.07219302654266357,-2.942107915878296
SPY,first,always_long,base,oos,-4.262082064030876,-0.09947699308395386,-4.14504337310791
SPY,r12,long_short,base,dev,-0.9552823997341314,-0.05959312522122351,-2.3611593007620884
SPY,r12,long_short,base,val,-2.489795263254888,-0.09422012134756819,-3.8954117825962
SPY,r12,long_short,base,oos,-3.5621522478106398,-0.08394139841064452,-3.466667470565209
SPY,r12,long_only,base,dev,-0.861570441516389,-0.03856152296066284,-1.5213069915771484
SPY,r12,long_only,base,val,-1.3641957679595302,-0.03893977403640747,-1.55950129032135
SPY,r12,long_only,base,oos,-3.048853387082416,-0.04902911186218262,-1.9893025159835815
SPY,sofar,long_short,base,dev,-0.47848745716521235,-0.031195444253071525,-1.1810244402136956
SPY,sofar,long_short,base,val,-3.4421580631324016,-0.1273799130989156,-5.37481913949079
SPY,sofar,long_short,base,oos,-4.809897714920999,-0.11130090088905731,-4.669473532529978
SPY,sofar,long_only,base,dev,-0.6182684966538,-0.02734607458114624,-1.0631654262542725
SPY,sofar,long_only,base,val,-2.4777257148458034,-0.06396496295928955,-2.6087307929992676
SPY,sofar,long_only,base,oos,-4.836146723692415,-0.06723076105117798,-2.757258653640747
SPY,first+r12,long_short,base,dev,-0.6012842169478608,-0.03059208784370271,-1.1842539472764972
SPY,first+r12,long_short,base,val,-1.9479990060155041,-0.05394894793426486,-2.184698219095322
SPY,first+r12,long_short,base,oos,-2.604964892907576,-0.04633547613176525,-1.875983214989687
SPY,first+r12,long_only,base,dev,-0.3857918732428887,-0.013106107711791992,-0.5024325847625732
SPY,first+r12,long_only,base,val,-1.3541444630975585,-0.026316523551940918,-1.0506274700164795
SPY,first+r12,long_only,base,oos,-2.9258008050554754,-0.037079572677612305,-1.4959458112716675
SPY,first,long_short,low,dev,-0.3860923084517415,-0.025658603686601333,-0.9547668436847666
SPY,first,long_short,low,val,-0.7551934126105894,-0.030106771826363787,-1.182205342991466
SPY,first,long_short,low,oos,-0.7752981589323769,-0.01912384582992921,-0.7543172133274569
SPY,first,long_only,low,dev,-0.5172282403405167,-0.02127814292907715,-0.8218854665756226
SPY,first,long_only,low,val,-0.32748642797505245,-0.008936583995819092,-0.3423703908920288
SPY,first,long_only,low,oos,-1.014135063501544,-0.018392205238342285,-0.7300177216529846
SPY,first,always_long,low,dev,-0.6412387850626968,-0.0410311222076416,-1.5855849981307983
SPY,first,always_long,low,val,-0.21860947915138385,-0.0093575119972229,-0.3421076238155365
SPY,first,always_long,low,oos,-1.5886695086838545,-0.038482487201690674,-1.5450440645217896
SPY,r12,long_short,low,dev,0.09384824042149423,0.003919657680472088,0.2319623923596042
SPY,r12,long_short,low,val,-0.8369126355686659,-0.033207973700576376,-1.309315525911708
SPY,r12,long_short,low,oos,-0.8991699205706057,-0.02210263503011045,-0.8750008038985425
SPY,r12,long_only,low,dev,-0.10990515166899584,-0.00584864616394043,-0.1937936395406723
SPY,r12,long_only,low,val,-0.2522707737596856,-0.007624030113220215,-0.28730857372283936
SPY,r12,long_only,low,oos,-1.1003983061474176,-0.01776367425918579,-0.7059694528579712
SPY,sofar,long_short,low,dev,0.5739634199961251,0.03434674997155174,1.416682790826868
SPY,sofar,long_short,low,val,-1.7770581347667878,-0.06826597631452447,-2.77481913949079
SPY,sofar,long_short,low,oos,-2.1317084133491706,-0.051102345912431235,-2.0694735325299773
SPY,sofar,long_only,low,dev,0.21384434065108526,0.008362889289855957,0.36752262711524963
SPY,sofar,long_only,low,val,-1.0794701418074149,-0.028365254402160645,-1.1279821395874023
SPY,sofar,long_only,low,oos,-2.4402223535138554,-0.033519744873046875,-1.3489255905151367
SPY,first+r12,long_short,low,dev,0.06579842793377479,0.002043047447324975,0.12950266648011666
SPY,first+r12,long_short,low,val,-0.7248716869660512,-0.020547634518481406,-0.8082276308600274
SPY,first+r12,long_short,low,oos,-0.538863034445733,-0.00979752000041978,-0.38431654832302004
SPY,first+r12,long_only,low,dev,0.1864752536027662,0.005601763725280762,0.24271734058856964
SPY,first+r12,long_only,low,val,-0.3443691677163395,-0.006844937801361084,-0.26506614685058594
SPY,first+r12,long_only,low,oos,-1.318161872718804,-0.01643139123916626,-0.6542792320251465
QQQ,first,long_short,base,dev,-1.3568236312503672,-0.0930406123444728,-3.7773341237762814
QQQ,first,long_short,base,val,-2.397736003567083,-0.10759042277080577,-4.472326725944478
QQQ,first,long_short,base,oos,-1.1727776907344933,-0.03882232389999851,-1.5492525259653722
QQQ,first,long_only,base,dev,-1.151398894080433,-0.056181252002716064,-2.24656343460083
QQQ,first,long_only,base,val,-1.8362147806181277,-0.05125218629837036,-2.0714633464813232
QQQ,first,long_only,base,oos,-1.1472906362596853,-0.025790810585021973,-1.026691198348999
QQQ,first,always_long,base,dev,-1.3606633877069192,-0.09329879283905029,-3.7883856296539307
QQQ,first,always_long,base,val,-1.536517875260368,-0.07072359323501587,-2.8663225173950195
QQQ,first,always_long,base,oos,-2.7790900512891223,-0.08929431438446045,-3.6887454986572266
QQQ,r12,long_short,base,dev,-0.7405828447862661,-0.052923255972679106,-2.06039605620046
QQQ,r12,long_short,base,val,-2.625436095378665,-0.11699424597628538,-4.892565293235574
QQQ,r12,long_short,base,oos,-2.01516230731005,-0.0655113944743263,-2.6664009950099836
QQQ,r12,long_only,base,dev,-0.5853082877447846,-0.02988988161087036,-1.1553230285644531
QQQ,r12,long_only,base,val,-1.5596757467095328,-0.05295318365097046,-2.135101318359375
QQQ,r12,long_only,base,oos,-1.4940637882666712,-0.03345590829849243,-1.340073823928833
QQQ,sofar,long_short,base,dev,-0.2930134697480622,-0.022700006804895034,-0.8141976919964706
QQQ,sofar,long_short,base,val,-3.482048915701915,-0.15135466611088477,-6.466902456946551
QQQ,sofar,long_short,base,oos,-2.0413566705301736,-0.06647242737472936,-2.7071186004540855
QQQ,sofar,long_only,base,dev,-0.38090043257416256,-0.01892101764678955,-0.7139899134635925
QQQ,sofar,long_only,base,val,-2.365979682829866,-0.07543611526489258,-3.090359926223755
QQQ,sofar,long_only,base,oos,-2.2897500039009193,-0.03811866044998169,-1.5363935232162476
QQQ,first+r12,long_short,base,dev,-0.5645239930346827,-0.033161144786463925,-1.274337864258512
QQQ,first+r12,long_short,base,val,-2.3280801136765192,-0.07331244197653175,-3.0000505437187965
QQQ,first+r12,long_short,base,oos,-0.3742888656074059,-0.009390587011414375,-0.36263510752946904
QQQ,first+r12,long_only,base,dev,-0.5805680312004106,-0.0237429141998291,-0.9220598936080933
QQQ,first+r12,long_only,base,val,-2.224475127213899,-0.0447506308555603,-1.80824875831604
QQQ,first+r12,long_only,base,oos,-0.9695580710918518,-0.015455663204193115,-0.6130369901657104
QQQ,first,long_short,low,dev,-0.42537445933881857,-0.031777545065363455,-1.1842124306545896
QQQ,first,long_short,low,val,-1.0038052844383551,-0.04714136137129865,-1.8723267259444778
QQQ,first,long_short,low,oos,0.795411448740782,0.0262649197401279,1.0507474740346276
QQQ,first,long_only,low,dev,-0.39416770436688126,-0.02033519744873047,-0.767727255821228
QQQ,first,long_only,low,val,-0.5571585903145184,-0.016034305095672607,-0.6254741549491882
QQQ,first,long_only,low,oos,0.4738502832186403,0.010466694831848145,0.42330867052078247
QQQ,first,always_long,low,dev,-0.4268286497275752,-0.03188657760620117,-1.1883846521377563
QQQ,first,always_long,low,val,-0.14276419169839644,-0.007788717746734619,-0.2663218080997467
QQQ,first,always_long,low,oos,-0.8202576423833888,-0.02761232852935791,-1.0887454748153687
QQQ,r12,long_short,low,dev,0.18736219954986852,0.01074627213345325,0.521261792124054
QQQ,r12,long_short,low,val,-1.2339964694748495,-0.05734470743632092,-2.299517164893329
QQQ,r12,long_short,low,oos,-0.06278258329625776,-0.0026430498083030995,-0.08306766167665117
QQQ,r12,long_only,low,dev,0.0803180962358193,0.0027681589126586914,0.1584339290857315
QQQ,r12,long_only,low,val,-0.5971969247246894,-0.020890116691589355,-0.8142455220222473
QQQ,r12,long_only,low,oos,-0.05421401196630565,-0.0014728307723999023,-0.048407237976789474
QQQ,sofar,long_short,low,dev,0.6426745441504884,0.043474976961101586,1.7858023080035283
QQQ,sofar,long_short,low,val,-2.0859305803536565,-0.09401691993599215,-3.873854328604304
QQQ,sofar,long_short,low,oos,-0.08077491305261794,-0.0032499768874215684,-0.1071186004540853
QQQ,sofar,long_only,low,dev,0.39457013267363505,0.01768326759338379,0.7396258115768433
QQQ,sofar,long_only,low,val,-1.2616111449701448,-0.0409427285194397,-1.6374186277389526
QQQ,sofar,long_only,low,oos,-0.20510153394185232,-0.003573119640350342,-0.136393740773201
QQQ,first+r12,long_short,low,dev,0.05303995962952348,0.001411058290960554,0.11966566307834829
QQQ,first+r12,long_short,low,val,-1.2520672476584251,-0.04008529016359841,-1.6027243405102412
QQQ,first+r12,long_short,low,oos,1.0259875850475462,0.025103029003189725,0.9956982258038645
QQQ,first+r12,long_only,low,dev,-0.07685679144554172,-0.0038541555404663086,-0.12188348919153214
QQQ,first+r12,long_only,low,val,-1.2780109411747522,-0.02564316987991333,-1.0226874351501465
QQQ,first+r12,long_only,low,oos,0.21757184393060808,0.0033303499221801758,0.13696283102035522
IWM,first,long_short,base,dev,-2.494746183310493,-0.153550345620469,-6.527078562775196
IWM,first,long_short,base,val,-2.4327060104378764,-0.0968835783505182,-4.00881328123776
IWM,first,long_short,base,oos,-2.9239861076739095,-0.08787308984650377,-3.6298256336114347
IWM,first,long_only,base,dev,-2.35229061531372,-0.09679752588272095,-4.002869129180908
IWM,first,long_only,base,val,-2.1019931004115815,-0.06238323450088501,-2.537353515625
IWM,first,long_only,base,oos,-1.5093851594011887,-0.035843491554260254,-1.4369176626205444
IWM,first,always_long,base,dev,-1.8772539521573952,-0.11858373880386353,-4.921216011047363
IWM,first,always_long,base,val,-2.644524648871464,-0.10476869344711304,-4.35654354095459
IWM,first,always_long,base,oos,-2.111880358819044,-0.06432521343231201,-2.6185805797576904
IWM,r12,long_short,base,dev,-1.2791846044650472,-0.08302809154230484,-3.352573356931171
IWM,r12,long_short,base,val,-2.0627857586345444,-0.08272181413016566,-3.391797480353696
IWM,r12,long_short,base,oos,-3.40019067334636,-0.10066911357118213,-4.190512390014453
IWM,r12,long_only,base,dev,-1.294081816550239,-0.0595855712890625,-2.394531726837158
IWM,r12,long_only,base,val,-1.8270773812745356,-0.0513688325881958,-2.0761258602142334
IWM,r12,long_only,base,oos,-2.027122393193025,-0.04212021827697754,-1.6986215114593506
IWM,sofar,long_short,base,dev,-0.9959617678397534,-0.06573718344410073,-2.6114970193758626
IWM,sofar,long_short,base,val,-4.071264289934441,-0.15534383286608355,-6.663460403585178
IWM,sofar,long_short,base,oos,-3.5500201283655004,-0.1054926024313847,-4.403579504673298
IWM,sofar,long_only,base,dev,-1.1569422922609602,-0.05085653066635132,-2.032268762588501
IWM,sofar,long_only,base,val,-3.03852378279185,-0.090595543384552,-3.748504638671875
IWM,sofar,long_only,base,oos,-2.3862464572826187,-0.04488682746887207,-1.8149263858795166
IWM,first+r12,long_short,base,dev,-1.6418524543606139,-0.0797408758352971,-3.247912202898997
IWM,first+r12,long_short,base,val,-1.7920363780730975,-0.05157535331217411,-2.0840661283482844
IWM,first+r12,long_short,base,oos,-2.5093908333076103,-0.05475994259618655,-2.224650982098702
IWM,first+r12,long_only,base,dev,-1.1087935342566586,-0.035929083824157715,-1.4310810565948486
IWM,first+r12,long_only,base,val,-1.088821617634541,-0.02258753776550293,-0.8979734182357788
IWM,first+r12,long_only,base,oos,-1.7637659762467126,-0.028622329235076904,-1.1469606161117554
IWM,first,long_short,low,dev,-1.5018744174467653,-0.0962540003601221,-3.929371331734631
IWM,first,long_short,low,val,-0.8591658711521493,-0.035881213191473416,-1.4157651528955137
IWM,first,long_short,low,oos,-0.8363252772927493,-0.026298599631905617,-1.038158966944768
IWM,first,long_only,low,dev,-1.5649193195388122,-0.06540334224700928,-2.6478428840637207
IWM,first,long_only,low,val,-0.93849965379443,-0.028427422046661377,-1.1261234283447266
IWM,first,long_only,low,oos,-0.05651222576784141,-0.0016359686851501465,-0.053584299981594086
IWM,first,always_long,low,dev,-0.8854538075235633,-0.05887711048126221,-2.3212149143218994
IWM,first,always_long,low,val,-1.0662631603392716,-0.04413032531738281,-1.7565430402755737
IWM,first,always_long,low,oos,-0.01498502859305344,-0.0009589791297912598,-0.018580362200737
IWM,r12,long_short,low,dev,-0.2994055405603145,-0.021713434869077952,-0.7846721223632698
IWM,r12,long_short,low,val,-0.4942622350869519,-0.021109827991757868,-0.8126530953269586
IWM,r12,long_short,low,oos,-1.2973888525916137,-0.03995491266800366,-1.5988457233477862
IWM,r12,long_only,low,dev,-0.5818676292120523,-0.027751028537750244,-1.0738965272903442
IWM,r12,long_only,low,val,-0.6622277423930514,-0.019081473350524902,-0.7483182549476624
IWM,r12,long_only,low,oos,-0.45931200622637625,-0.009797871112823486,-0.3819548487663269
IWM,sofar,long_short,low,dev,-0.005259100716801833,-0.002522349197604523,-0.013789788335298361
IWM,sofar,long_short,low,val,-2.482707217075678,-0.09811659856404309,-4.063460403585179
IWM,sofar,long_short,low,oos,-1.453986135120934,-0.04490217688769871,-1.8035795046732979
IWM,sofar,long_only,low,dev,-0.391625900947816,-0.018105030059814453,-0.6864133477210999
IWM,sofar,long_only,low,val,-1.9826546862368053,-0.059632718563079834,-2.4206972122192383
IWM,sofar,long_only,low,oos,-0.5839876960448405,-0.01120525598526001,-0.43992626667022705
IWM,first+r12,long_short,low,dev,-0.9447881060837032,-0.04704235923788247,-1.8630797513998796
IWM,first+r12,long_short,low,val,-0.5994584316285324,-0.01774681807622669,-0.6936917967974823
IWM,first+r12,long_short,low,oos,-1.0156034675009724,-0.0224501756295592,-0.8913176487653683
IWM,first+r12,long_only,low,dev,-0.5375423245133879,-0.017761647701263428,-0.6905165314674377
IWM,first+r12,long_only,low,val,-0.15400779021306732,-0.0033919811248779297,-0.12631572782993317
IWM,first+r12,long_only,low,oos,-0.6711455063609957,-0.010914802551269531,-0.43029406666755676
DIA,first,long_short,base,dev,-1.7026483310353437,-0.10077969862885572,-4.140191227208159
DIA,first,long_short,base,val,-3.620361751060287,-0.11429533550795767,-4.793131992523683
DIA,first,long_short,base,oos,-5.731148323970967,-0.10989983251644875,-4.6106926587911765
DIA,first,long_only,base,dev,-1.3849279517839443,-0.05771970748901367,-2.323671340942383
DIA,first,long_only,base,val,-2.3657715200613465,-0.05709928274154663,-2.3206424713134766
DIA,first,long_only,base,oos,-4.683641002308807,-0.0700799822807312,-2.877964973449707
DIA,first,always_long,base,dev,-1.5605881146620086,-0.09298926591873169,-3.7978999614715576
DIA,first,always_long,base,val,-2.354083890254793,-0.07616239786148071,-3.120880365371704
DIA,first,always_long,base,oos,-5.394629453935886,-0.1040576696395874,-4.351048469543457
DIA,r12,long_short,base,dev,-1.0075146985670895,-0.06162837655471887,-2.449599155547127
DIA,r12,long_short,base,val,-1.8711695496368517,-0.061040991428433555,-2.47701185501833
DIA,r12,long_short,base,oos,-5.060581501225253,-0.09790079526103734,-4.079523209425119
DIA,r12,long_only,base,dev,-0.809991847077832,-0.03519642353057861,-1.3851102590560913
DIA,r12,long_only,base,val,-1.020930395150694,-0.02578955888748169,-1.0240424871444702
DIA,r12,long_only,base,oos,-4.42239578162276,-0.05857878923416138,-2.3913991451263428
DIA,sofar,long_short,base,dev,-0.736900314262075,-0.04592840231906847,-1.7913924030525967
DIA,sofar,long_short,base,val,-3.2314003080365543,-0.10282699600647005,-4.282817423407406
DIA,sofar,long_short,base,oos,-5.610411982751863,-0.10788863285745609,-4.521147756087474
DIA,sofar,long_only,base,dev,-0.6755680781347773,-0.029221773147583008,-1.141088843345642
DIA,sofar,long_only,base,val,-2.1617788668219102,-0.04936951398849487,-1.9981054067611694
DIA,sofar,long_only,base,oos,-5.125645782330137,-0.06681138277053833,-2.7399442195892334
DIA,first+r12,long_short,base,dev,-0.8580942406394583,-0.04054400122001012,-1.598742548120085
DIA,first+r12,long_short,base,val,-2.1751335874618483,-0.048538163106399246,-1.9639863702702653
DIA,first+r12,long_short,base,oos,-4.382869738681759,-0.06492790789081548,-2.658974367532975
DIA,first+r12,long_only,base,dev,-0.3798577854799118,-0.01264965534210205,-0.4849320948123932
DIA,first+r12,long_only,base,val,-1.248561941418595,-0.022282660007476807,-0.887804388999939
DIA,first+r12,long_only,base,oos,-3.4346932501226495,-0.03612488508224487,-1.4576598405838013
DIA,first,long_short,low,dev,-0.6400216072342544,-0.04025919655791155,-1.5562406099242088
DIA,first,long_short,low,val,-1.6565225395720513,-0.05429872356763099,-2.1931319925236825
DIA,first,long_short,low,oos,-2.510100958277489,-0.04980632023371245,-2.019025992124509
DIA,first,long_only,low,dev,-0.5556297767089049,-0.024020016193389893,-0.9296675324440002
DIA,first,long_only,low,val,-0.9273431347333514,-0.022782206535339355,-0.9024607539176941
DIA,first,long_only,low,oos,-2.4306840042922633,-0.036066293716430664,-1.452965259552002
DIA,first,always_long,low,dev,-0.492226620392628,-0.031556010246276855,-1.197899341583252
DIA,first,always_long,low,val,-0.3929006909249708,-0.01359492540359497,-0.5208803415298462
DIA,first,always_long,low,oos,-2.171030755688188,-0.04337221384048462,-1.7510488033294678
DIA,r12,long_short,low,dev,0.04488679607038697,0.0008798061442167882,0.10913100318303191
DIA,r12,long_short,low,val,0.06665554839572559,0.0016701176346920477,0.08822878669289944
DIA,r12,long_short,low,oos,-1.8883613055042445,-0.03780901750574994,-1.521189876091786
DIA,r12,long_only,low,dev,-0.027011146510799652,-0.0020816922187805176,-0.046133220195770264
DIA,r12,long_only,low,val,0.2895215898919285,0.0070095062255859375,0.28986141085624695
DIA,r12,long_only,low,oos,-2.19942723244602,-0.028644979000091553,-1.1497324705123901
DIA,sofar,long_short,low,dev,0.330739936376804,0.018562265874533912,0.8040220590285309
DIA,sofar,long_short,low,val,-1.2696914677351852,-0.04205673686692035,-1.6828174234074063
DIA,sofar,long_short,low,oos,-2.384003127718501,-0.04745991045737352,-1.9211477560874746
DIA,sofar,long_only,low,dev,0.1539206220537499,0.005663394927978516,0.2597930133342743
DIA,sofar,long_only,low,val,-0.6852543293688885,-0.015980541706085205,-0.6285868883132935
DIA,sofar,long_only,low,oos,-2.6478502856471597,-0.0338972806930542,-1.3649444580078125
DIA,first+r12,long_short,low,dev,-0.1568720659423469,-0.008413136771174168,-0.29186424124177796
DIA,first+r12,long_short,low,val,-0.6712983509436314,-0.015292344522565893,-0.6014195253504787
DIA,first+r12,long_short,low,oos,-2.2619929302897575,-0.033166041783420086,-1.3339743675329745
DIA,first+r12,long_only,low,dev,0.19855069005569947,0.005892038345336914,0.2533395290374756
DIA,first+r12,long_only,low,val,-0.17439694899805075,-0.0032558441162109375,-0.12309838086366653
DIA,first+r12,long_only,low,oos,-1.8532183671257412,-0.018758654594421387,-0.7493265271186829
TQQQ,first,long_short,base,dev,-0.7906487934598332,-0.1710983795522688,-6.5751187856024975
TQQQ,first,long_short,base,val,-1.548505498295172,-0.20617164660987752,-8.756329686883936
TQQQ,first,long_short,base,oos,-0.04568251681683657,-0.009457076554614252,-0.18086285468859556
TQQQ,first,long_only,base,dev,-0.7067298671706568,-0.10260474681854248,-3.9154467582702637
TQQQ,first,long_only,base,val,-0.9809588857201897,-0.08137023448944092,-3.2304842472076416
TQQQ,first,long_only,base,oos,-0.3374807837614322,-0.024536192417144775,-0.8970489501953125
TQQQ,first,always_long,base,dev,-0.7786802636406288,-0.1689777970314026,-6.479414939880371
TQQQ,first,always_long,base,val,-0.6010661501845408,-0.09148180484771729,-3.402059316635132
TQQQ,first,always_long,base,oos,-1.6773046241478446,-0.1594632863998413,-6.690389156341553
TQQQ,r12,long_short,base,dev,-0.22600009560988715,-0.0663803945219843,-1.8668486067016723
TQQQ,r12,long_short,base,val,-1.7038222622324897,-0.22316720326013895,-9.615180586748581
TQQQ,r12,long_short,base,oos,-0.7466180214408066,-0.07656993513727128,-2.963524213204018
TQQQ,r12,long_only,base,dev,-0.24300824020638126,-0.044657349586486816,-1.4005992412567139
TQQQ,r12,long_only,base,val,-0.9023627154537905,-0.0945095419883728,-3.7237470149993896
TQQQ,r12,long_only,base,oos,-0.6366471993137937,-0.044286489486694336,-1.7070847749710083
TQQQ,sofar,long_short,base,dev,0.23741890578734595,0.028182582308088122,1.9684515503979223
TQQQ,sofar,long_short,base,val,-2.600940021920397,-0.31600548623834757,-14.658895311508587
TQQQ,sofar,long_short,base,oos,-0.7742166292095674,-0.07924831669691246,-3.0780281317539715
TQQQ,sofar,long_only,base,dev,0.05194862297917365,-0.0019252300262451172,0.277951180934906
TQQQ,sofar,long_only,base,val,-1.6567704315021243,-0.15010344982147217,-6.270015239715576
TQQQ,sofar,long_only,base,oos,-1.0655247738825298,-0.0516965389251709,-2.059323787689209
TQQQ,first+r12,long_short,base,dev,-0.25921726475120005,-0.0566827292838501,-1.7458107576588902
TQQQ,first+r12,long_short,base,val,-1.71148281538185,-0.15902649519308343,-6.678901616264794
TQQQ,first+r12,long_short,base,oos,0.38744777643556766,0.02621608270207232,1.1337108275829222
TQQQ,first+r12,long_only,base,dev,-0.1433862405965106,-0.022228002548217773,-0.6448275446891785
TQQQ,first+r12,long_only,base,val,-1.7157337184282015,-0.0986592173576355,-4.050498008728027
TQQQ,first+r12,long_only,base,oos,-0.2498941995381325,-0.012891709804534912,-0.4704415798187256
TQQQ,first,long_short,low,dev,-0.3130500016390457,-0.0837821417842145,-2.6033374804878564
TQQQ,first,long_short,low,val,-0.8449269625767123,-0.12238799855903493,-4.777720061215485
TQQQ,first,long_short,low,oos,0.9613975050374173,0.09522576874162136,3.8063166324908932
TQQQ,first,long_only,low,dev,-0.2981696588866251,-0.0498729944229126,-1.6508959531784058
TQQQ,first,long_only,low,val,-0.3188900448495847,-0.029427409172058105,-1.0486656427383423
TQQQ,first,long_only,low,oos,0.4920132239863207,0.03119981288909912,1.308079481124878
TQQQ,first,always_long,low,dev,-0.2979699231620019,-0.08079111576080322,-2.479414224624634
TQQQ,first,always_long,low,val,0.10564271590566993,0.004887700080871582,0.5979421138763428
TQQQ,first,always_long,low,oos,-0.6744898304761378,-0.07027697563171387,-2.690387487411499
TQQQ,r12,long_short,low,dev,0.2432928614121147,0.029444455314027396,2.0096946031748737
TQQQ,r12,long_short,low,val,-1.0083557474230982,-0.14232623560625635,-5.690046896909009
TQQQ,r12,long_short,low,oos,0.23529203159105064,0.018742853739037058,0.9339116842318828
TQQQ,r12,long_only,low,dev,0.09605179375759647,0.0035753250122070312,0.5535455346107483
TQQQ,r12,long_only,low,val,-0.41824208336903207,-0.04767584800720215,-1.7237459421157837
TQQQ,r12,long_only,low,oos,0.09019088082578333,0.0038243532180786133,0.24163350462913513
TQQQ,sofar,long_short,low,dev,0.7143287846690259,0.13588821381352778,5.922596171209212
TQQQ,sofar,long_short,low,val,-1.893146461580089,-0.24356521304379952,-10.669590498674358
TQQQ,sofar,long_short,low,oos,0.2254557472469466,0.017759792248548623,0.8963308426050062
TQQQ,sofar,long_only,low,dev,0.4651410368421161,0.05526912212371826,2.4895920753479004
TQQQ,sofar,long_only,low,val,-1.088796780031479,-0.10250258445739746,-4.1095871925354
TQQQ,sofar,long_only,low,oos,0.029065251396706196,0.00023436546325683594,0.05606084316968918
TQQQ,first+r12,long_short,low,dev,0.06864934140114598,-0.0026865913506015637,0.4623021171206523
TQQQ,first+r12,long_short,low,val,-1.1471519789334041,-0.11072139160071626,-4.464997872949284
TQQQ,first+r12,long_short,low,oos,1.1170211129212053,0.08308354833707265,3.274736468608563
TQQQ,first+r12,long_only,low,dev,0.135060114247217,0.009121894836425781,0.6073776483535767
TQQQ,first+r12,long_only,low,val,-1.2075529298259027,-0.07050365209579468,-2.8312461376190186
TQQQ,first+r12,long_only,low,oos,0.37649601590547627,0.01688671112060547,0.7090453505516052
SPXL,first,long_short,base,dev,-0.798839984586817,-0.1559434879683207,-6.014821620214555
SPXL,first,long_short,base,val,-1.2947368576515847,-0.14936806109859668,-6.1354497078268295
SPXL,first,long_short,base,oos,-1.766552802925648,-0.12493481177248267,-5.186293436930729
SPXL,first,long_only,base,dev,-0.9415682805155844,-0.10942822694778442,-4.337148189544678
SPXL,first,long_only,base,val,-0.7466076442181774,-0.059636056423187256,-2.3181166648864746
SPXL,first,long_only,base,oos,-1.728859445452042,-0.0915796160697937,-3.7515687942504883
SPXL,first,always_long,base,dev,-1.0646186744679695,-0.19739210605621338,-8.015610694885254
SPXL,first,always_long,base,val,-0.7979603938803209,-0.09741246700286865,-3.7826461791992188
SPXL,first,always_long,base,oos,-2.5850719428907665,-0.17631816864013672,-7.586075305938721
SPXL,r12,long_short,base,dev,-0.3988836062941319,-0.08938799417101095,-3.0013308113003965
SPXL,r12,long_short,base,val,-1.3726330798839066,-0.1569429309081054,-6.491330348234126
SPXL,r12,long_short,base,oos,-1.3919067007509909,-0.09998159891709735,-4.07195340670072
SPXL,r12,long_only,base,dev,-0.49878549214691337,-0.07121503353118896,-2.5946991443634033
SPXL,r12,long_only,base,val,-0.6683767641282394,-0.06011253595352173,-2.3092970848083496
SPXL,r12,long_only,base,oos,-1.4175223382821474,-0.06687408685684204,-2.700737476348877
SPXL,sofar,long_short,base,dev,0.18676657919533238,0.017629269823826954,1.3925795950376574
SPXL,sofar,long_short,base,val,-2.363422685025151,-0.25102234564499115,-11.181776011053891
SPXL,sofar,long_short,base,oos,-3.1889229642671935,-0.21193706739970042,-9.339418998131386
SPXL,sofar,long_only,base,dev,-0.0763633954175735,-0.016500890254974365,-0.370041161775589
SPXL,sofar,long_only,base,val,-1.56855459843268,-0.11704343557357788,-4.819108963012695
SPXL,sofar,long_only,base,oos,-3.4421024253903307,-0.13486796617507935,-5.712747097015381
SPXL,first+r12,long_short,base,dev,-0.27702884021520535,-0.05160529394136093,-1.6545814189540857
SPXL,first+r12,long_short,base,val,-1.0382623853817707,-0.08685622351215161,-3.465120713341045
SPXL,first+r12,long_short,base,oos,-0.9800663985830589,-0.05252923765127315,-2.084323516258826
SPXL,first+r12,long_only,base,dev,-0.1348242161552786,-0.01652580499649048,-0.4969269037246704
SPXL,first+r12,long_only,base,val,-0.5068760456585943,-0.02996164560317993,-1.143267273902893
SPXL,first+r12,long_only,base,oos,-1.8151353434480475,-0.06569832563400269,-2.6691675186157227
SPXL,first,long_short,low,dev,-0.26806105848603695,-0.06645853509896238,-2.0183489570752218
SPXL,first,long_short,low,val,-0.4551555904283522,-0.05961628836911115,-2.156840082158378
SPXL,first,long_short,low,oos,-0.40407470606647616,-0.032096206467838284,-1.1862934369307283
SPXL,first,long_only,low,dev,-0.4580956141849921,-0.05793297290802002,-2.1078717708587646
SPXL,first,long_only,low,val,-0.016354778049057623,-0.004329800605773926,-0.050736360251903534
SPXL,first,long_only,low,oos,-0.6976614217441366,-0.0387151837348938,-1.5079790353775024
SPXL,first,always_long,low,dev,-0.5333460706132208,-0.1122090220451355,-4.015610694885254
SPXL,first,always_long,low,val,0.04585168259290615,-0.0016711950302124023,0.21735501289367676
SPXL,first,always_long,low,oos,-1.2220101889224646,-0.08891361951828003,-3.5860748291015625
SPXL,r12,long_short,low,dev,0.12850655054316787,0.006406737307374177,0.9669231569535746
SPXL,r12,long_short,low,val,-0.5336060700425898,-0.06823818312168872,-2.5234159097314515
SPXL,r12,long_short,low,oos,-0.028978437966203904,-0.004828335088147395,-0.08477391952123259
SPXL,r12,long_only,low,dev,-0.10826722262921645,-0.02240312099456787,-0.5629528164863586
SPXL,r12,long_only,low,val,-0.0864986528563235,-0.011248230934143066,-0.29860153794288635
SPXL,r12,long_only,low,oos,-0.38271008850582655,-0.01925736665725708,-0.7263782024383545
SPXL,sofar,long_short,low,dev,0.7218077212285721,0.12523170171194198,5.3819975844556485
SPXL,sofar,long_short,low,val,-1.5179674790940858,-0.17150775296680876,-7.181776011053888
SPXL,sofar,long_short,low,oos,-1.8231322379253392,-0.12829230367777322,-5.339418998131384
SPXL,sofar,long_only,low,dev,0.37340695729894596,0.0390324592590332,1.8098535537719727
SPXL,sofar,long_only,low,val,-0.8468302702935212,-0.06609773635864258,-2.594510078430176
SPXL,sofar,long_only,low,oos,-2.1633214002463577,-0.08627760410308838,-3.5460805892944336
SPXL,first+r12,long_short,low,dev,0.06020487551713675,-0.0022109511081412903,0.35952792848859516
SPXL,first+r12,long_short,low,val,-0.41726245666556744,-0.037814493002215954,-1.3902544031806163
SPXL,first+r12,long_short,low,oos,0.06896414058062618,0.0022696633891525764,0.14644571451040445
SPXL,first+r12,long_only,low,dev,0.17715374552647725,0.012390851974487305,0.6529849767684937
SPXL,first+r12,long_only,low,val,0.01948628973725007,-0.0004976987838745117,0.04389846324920654
SPXL,first+r12,long_only,low,oos,-0.9885714336472283,-0.03624802827835083,-1.4383985996246338
SOXL,first,long_short,base,dev,-0.6660200418189086,-0.18242897491278998,-6.70459558345654
SOXL,first,long_short,base,val,-1.5813071541839498,-0.3307375299132709,-14.81006480283279
SOXL,first,long_short,base,oos,-0.45876427579390266,-0.13122581485603224,-4.4257222566849235
SOXL,first,long_only,base,dev,-0.6671200996876048,-0.11881744861602783,-4.462588310241699
SOXL,first,long_only,base,val,-0.5849024294833222,-0.08508151769638062,-3.1591103076934814
SOXL,first,long_only,base,oos,-0.29110806221893576,-0.048869550228118896,-1.6060328483581543
SOXL,first,always_long,base,dev,-0.7967467221478436,-0.20860332250595093,-8.021512985229492
SOXL,first,always_long,base,val,0.3130336633019017,0.047264933586120605,2.931757688522339
SOXL,first,always_long,base,oos,-0.38726267330420744,-0.11668336391448975,-3.736255168914795
SOXL,r12,long_short,base,dev,0.09570948123252868,-0.00786279320448513,0.9582852408999444
SOXL,r12,long_short,base,val,-1.975100633571676,-0.38970875955771433,-18.465626178578262
SOXL,r12,long_short,base,oos,-0.6386149526877345,-0.1684393649350533,-6.154940250592359
SOXL,r12,long_only,base,dev,-0.11181762492833502,-0.03444957733154297,-0.7823639512062073
SOXL,r12,long_only,base,val,-0.7829400899772045,-0.12300407886505127,-4.742364883422852
SOXL,r12,long_only,base,oos,-0.30315900110742044,-0.06332552433013916,-2.028498649597168
SOXL,sofar,long_short,base,dev,0.45509151347749943,0.08623821554336275,4.568353438503523
SOXL,sofar,long_short,base,val,-1.9463328551347368,-0.38552680304756637,-18.195430130882066
SOXL,sofar,long_short,base,oos,-0.5845798588602097,-0.1574742465709048,-5.640545783898778
SOXL,sofar,long_only,base,dev,0.15981661070774425,0.01283562183380127,1.1156061887741089
SOXL,sofar,long_only,base,val,-0.9276880817301618,-0.12129491567611694,-4.791265964508057
SOXL,sofar,long_only,base,oos,-0.452861414594011,-0.06063884496688843,-2.1883983612060547
SOXL,first+r12,long_short,base,dev,0.02795138088622018,-0.014541511844907151,0.2220503522815736
SOXL,first+r12,long_short,base,val,-2.0184096868451973,-0.30714931589029526,-13.93932110230553
SOXL,first+r12,long_short,base,oos,-0.3653314024611204,-0.07602973430801807,-2.5401685329583996
SOXL,first+r12,long_only,base,dev,-0.004128694788222385,-0.009170114994049072,-0.02184288203716278
SOXL,first+r12,long_only,base,val,-1.0170256874007542,-0.09165841341018677,-3.651252269744873
SOXL,first+r12,long_only,base,oos,-0.11439013531261435,-0.015986621379852295,-0.4474809169769287
SOXL,first,long_short,low,dev,-0.26901925578284847,-0.09573503083495194,-2.7081229203172015
SOXL,first,long_short,low,val,-1.1553664213187667,-0.2598456551475883,-10.82075998999856
SOXL,first,long_short,low,oos,-0.045458800335171065,-0.0393522068891603,-0.4385427695054249
SOXL,first,long_only,low,dev,-0.3541037044335462,-0.07100117206573486,-2.36734938621521
SOXL,first,long_only,low,val,-0.1929285064068881,-0.03490626811981201,-1.0414620637893677
SOXL,first,long_only,low,oos,0.12487122680542699,0.007765650749206543,0.6888395547866821
SOXL,first,always_long,low,dev,-0.39944158498561133,-0.12460106611251831,-4.021511554718018
SOXL,first,always_long,low,val,0.7401272770307128,0.15829360485076904,6.931758880615234
SOXL,first,always_long,low,oos,0.02733736181530086,-0.022968709468841553,0.263746976852417
SOXL,r12,long_short,low,dev,0.4842853293221523,0.09433523835820834,4.848937798219176
SOXL,r12,long_short,low,val,-1.5507261274129613,-0.32540215009132833,-14.49771174007558
SOXL,r12,long_short,low,oos,-0.22625048006018825,-0.08078183124533167,-2.180581276233383
SOXL,r12,long_only,low,dev,0.173013745840388,0.015287995338439941,1.2105821371078491
SOXL,r12,long_only,low,val,-0.4601970528154839,-0.07862311601638794,-2.785144805908203
SOXL,r12,long_only,low,oos,-0.010008775086818088,-0.01584237813949585,-0.06695803254842758
SOXL,sofar,long_short,low,dev,0.8525081394584988,0.2010712658045124,8.55777142792152
SOXL,sofar,long_short,low,val,-1.5196159898949901,-0.32041525073769883,-14.206125318047835
SOXL,sofar,long_short,low,oos,-0.17002433089770394,-0.06806398745403597,-1.6405457838987696
SOXL,sofar,long_only,low,dev,0.46790132246240135,0.06925594806671143,3.267282247543335
SOXL,sofar,long_only,low,val,-0.5327500864140342,-0.07483792304992676,-2.7484848499298096
SOXL,sofar,long_only,low,oos,0.030001141150653166,-0.003735184669494629,0.14493481814861298
SOXL,first+r12,long_short,low,dev,0.2881008268459165,0.03815416081775913,2.2890697526343096
SOXL,first+r12,long_short,low,val,-1.7058107023095344,-0.2678843758286952,-11.757502920487347
SOXL,first+r12,long_short,low,oos,-0.05188509483111994,-0.023837044884993053,-0.3606813534712154
SOXL,first+r12,long_only,low,dev,0.20517971325434733,0.018874526023864746,1.0857412815093994
SOXL,first+r12,long_only,low,val,-0.7001696648304931,-0.06505119800567627,-2.506866216659546
SOXL,first+r12,long_only,low,oos,0.2002088957458357,0.01501166820526123,0.7832886576652527
TNA,first,long_short,base,dev,-2.0887454692901133,-0.3505409138060558,-16.340264586965034
TNA,first,long_short,base,val,-1.3465948418656177,-0.15998668109047842,-6.6116993134034505
TNA,first,long_short,base,oos,-1.7445593083643416,-0.154758561051331,-6.495689037518624
TNA,first,long_only,base,dev,-1.972516568038417,-0.22321867942810059,-9.716972351074219
TNA,first,long_only,base,val,-1.212957592252184,-0.10475081205368042,-4.235739707946777
TNA,first,long_only,base,oos,-0.6644578634622641,-0.04882901906967163,-1.8853331804275513
TNA,first,always_long,base,dev,-1.1267860121890387,-0.21517562866210938,-8.843070030212402
TNA,first,always_long,base,val,-1.5956948838470784,-0.18656474351882935,-7.8828325271606445
TNA,first,always_long,base,oos,-0.767005289184207,-0.07342010736465454,-2.851900339126587
TNA,r12,long_short,base,dev,-0.8837798125971335,-0.1766033921556831,-6.92838897234128
TNA,r12,long_short,base,val,-1.0020412482037357,-0.12399148411536143,-4.945491329233912
TNA,r12,long_short,base,oos,-2.2097263136941976,-0.1906391056855471,-8.215907133542574
TNA,r12,long_only,base,dev,-0.9153375244704548,-0.12575197219848633,-4.963428974151611
TNA,r12,long_only,base,val,-1.0830836582300283,-0.09053003787994385,-3.6236469745635986
TNA,r12,long_only,base,oos,-1.013138839070159,-0.06260794401168823,-2.489417791366577
TNA,sofar,long_short,base,dev,-0.3974431562857922,-0.09353155526742973,-3.118360713676172
TNA,sofar,long_short,base,val,-2.654392706974018,-0.28618066276710785,-13.063231684944848
TNA,sofar,long_short,base,oos,-2.6094978392069454,-0.22013019295526182,-9.687998557702088
TNA,sofar,long_only,base,dev,-0.6123333148535455,-0.08051872253417969,-3.026857376098633
TNA,sofar,long_only,base,val,-2.130178339269086,-0.1756553053855896,-7.505116939544678
TNA,sofar,long_only,base,oos,-1.6209650160252118,-0.0855209231376648,-3.4887828826904297
TNA,first+r12,long_short,base,dev,-1.4826918687426631,-0.2074352863596015,-8.776129433297184
TNA,first+r12,long_short,base,val,-0.9058349960234263,-0.0798922268776433,-3.1509601011633235
TNA,first+r12,long_short,base,oos,-1.6997878939053246,-0.10912618295117116,-4.496438258733505
TNA,first+r12,long_only,base,dev,-0.9483618380502301,-0.0882839560508728,-3.4995479583740234
TNA,first+r12,long_only,base,val,-0.32239548813030366,-0.02086859941482544,-0.7657894492149353
TNA,first+r12,long_only,base,oos,-1.188109344503203,-0.05652672052383423,-2.263129949569702
TNA,first,long_short,low,dev,-1.577889021807047,-0.28161087835314635,-12.3437919238257
TNA,first,long_short,low,val,-0.5341034915859532,-0.07110014357679229,-2.6223945005692237
TNA,first,long_short,low,oos,-0.6702718550777718,-0.0650704672798067,-2.4956890375186207
TNA,first,long_only,low,dev,-1.55429450259471,-0.18131911754608154,-7.635842800140381
TNA,first,long_only,low,val,-0.6015747888129596,-0.05513942241668701,-2.0967018604278564
TNA,first,long_only,low,oos,0.09018286034979459,0.003907322883605957,0.2556931674480438
TNA,first,always_long,low,dev,-0.6171052097732483,-0.13187211751937866,-4.843070983886719
TNA,first,always_long,low,val,-0.7859880778329573,-0.1002424955368042,-3.8828301429748535
TNA,first,always_long,low,oos,0.3087763798627824,0.024854540824890137,1.1481009721755981
TNA,r12,long_short,low,dev,-0.37939782190602106,-0.09026971016455843,-2.9742443515299906
TNA,r12,long_short,low,val,-0.20024500154365596,-0.03209510672035476,-0.9882720778970143
TNA,r12,long_short,low,oos,-1.1477965062231923,-0.10589870562116843,-4.267189184824622
TNA,r12,long_only,low,dev,-0.5418709864927352,-0.07986581325531006,-2.9352097511291504
TNA,r12,long_only,low,val,-0.47336781277916185,-0.04246145486831665,-1.5808653831481934
TNA,r12,long_only,low,oos,-0.21527200016137138,-0.015094459056854248,-0.5278784036636353
TNA,sofar,long_short,low,dev,0.11191767270575995,0.0025422910626875517,0.8781119494631603
TNA,sofar,long_short,low,val,-1.8416098455835517,-0.21038322520388197,-9.063231684944846
TNA,sofar,long_short,low,oos,-1.5355802158495755,-0.137629463250856,-5.700819070522599
TNA,sofar,long_only,low,dev,-0.1964399225397719,-0.031590163707733154,-0.9704193472862244
TNA,sofar,long_only,low,val,-1.5628975386495692,-0.13251954317092896,-5.483726501464844
TNA,sofar,long_only,low,oos,-0.6526482337149564,-0.03605079650878906,-1.3990397453308105
TNA,first+r12,long_short,low,dev,-1.1287955947511634,-0.16416790047339347,-6.67030932747708
TNA,first+r12,long_short,low,val,-0.28819618470949293,-0.028648811426003284,-1.001227480842468
TNA,first+r12,long_short,low,oos,-0.9279194816631148,-0.061829343026137185,-2.4451562074514532
TNA,first+r12,long_only,low,dev,-0.6450226164777352,-0.06203216314315796,-2.3743274211883545
TNA,first+r12,long_only,low,val,0.17745895235838857,0.008867144584655762,0.42137613892555237
TNA,first+r12,long_only,low,oos,-0.6126225546549169,-0.029929518699645996,-1.1605654954910278
UPRO,first,long_short,base,dev,-0.7899871202647047,-0.1551479530137242,-5.971888070384031
UPRO,first,long_short,base,val,-1.4072789201202378,-0.1601885632006096,-6.645084289305988
UPRO,first,long_short,base,oos,-1.7753797479006892,-0.12595364446637614,-5.231696128845213
UPRO,first,long_only,base,dev,-0.9098978528512861,-0.10624021291732788,-4.194967269897461
UPRO,first,long_only,base,val,-0.8710669216356768,-0.06918656826019287,-2.7215521335601807
UPRO,first,long_only,base,oos,-1.7966574677872567,-0.09544521570205688,-3.920086622238159
UPRO,first,always_long,base,dev,-1.010417938791872,-0.18993180990219116,-7.642088890075684
UPRO,first,always_long,base,val,-0.8363905526293806,-0.10111629962921143,-3.948145866394043
UPRO,first,always_long,base,oos,-2.6488135115487625,-0.18078255653381348,-7.80078649520874
UPRO,r12,long_short,base,dev,-0.33516967904280637,-0.07830533508577597,-2.5219383315434536
UPRO,r12,long_short,base,val,-1.5798866877977462,-0.17699646063425645,-7.447812794364072
UPRO,r12,long_short,base,oos,-1.7151762024800046,-0.12202736109628465,-5.054052643286875
UPRO,r12,long_only,base,dev,-0.4391180591740298,-0.06366044282913208,-2.2760214805603027
UPRO,r12,long_only,base,val,-0.7717156223306063,-0.06761622428894043,-2.6312735080718994
UPRO,r12,long_only,base,oos,-1.7801592673648037,-0.08307027816772461,-3.3952155113220215
UPRO,sofar,long_short,base,dev,0.2153803946577589,0.023189042328039644,1.6256489930329494
UPRO,sofar,long_short,base,val,-2.351922637525569,-0.2490666536230397,-11.080715857725094
UPRO,sofar,long_short,base,oos,-3.1243171458469736,-0.2089091456599571,-9.186544546714197
UPRO,sofar,long_only,base,dev,-0.05351960506891416,-0.013793885707855225,-0.2598482668399811
UPRO,sofar,long_only,base,val,-1.5744962261823008,-0.11777621507644653,-4.851329326629639
UPRO,sofar,long_only,base,oos,-3.4713211450838135,-0.13511323928833008,-5.7244343757629395
UPRO,first+r12,long_short,base,dev,-0.27140571797483365,-0.05180928142743024,-1.648209894775713
UPRO,first+r12,long_short,base,val,-1.2261721721835557,-0.10131467589874799,-4.097841566259212
UPRO,first+r12,long_short,base,oos,-1.1695666935608966,-0.06246757663965341,-2.5020011541170937
UPRO,first+r12,long_only,base,dev,-0.11666238420916347,-0.015179038047790527,-0.43701887130737305
UPRO,first+r12,long_only,base,val,-0.7853750621345282,-0.045433104038238525,-1.7805062532424927
UPRO,first+r12,long_only,base,oos,-1.8925951933743623,-0.06817305088043213,-2.774548292160034
UPRO,first,long_short,low,dev,-0.2650516960287423,-0.06624306806348734,-2.0036341021300608
UPRO,first,long_short,low,val,-0.5624391631080932,-0.0713235321264929,-2.655779476471762
UPRO,first,long_short,low,oos,-0.4179769445443965,-0.03322267225028386,-1.2316961288452133
UPRO,first,long_only,low,dev,-0.4306328834594145,-0.05498206615447998,-1.9833269119262695
UPRO,first,long_only,low,val,-0.1455268132361125,-0.014438211917877197,-0.4541722536087036
UPRO,first,long_only,low,oos,-0.7596906150824614,-0.04218578338623047,-1.6508560180664062
UPRO,first,always_long,low,dev,-0.48154792950474123,-0.10396093130111694,-3.6420891284942627
UPRO,first,always_long,low,val,0.010985089702980738,-0.005765736103057861,0.05185464397072792
UPRO,first,always_long,low,oos,-1.2905840906676145,-0.09385049343109131,-3.8007850646972656
UPRO,r12,long_short,low,dev,0.18284266156298307,0.01684136953950688,1.3757688994971125
UPRO,r12,long_short,low,val,-0.7450356452429131,-0.09112798400744038,-3.511983917358725
UPRO,r12,long_short,low,oos,-0.3620675322142189,-0.02919521032839867,-1.0668731561073876
UPRO,r12,long_only,low,dev,-0.055996863984665274,-0.015592873096466064,-0.2901301085948944
UPRO,r12,long_only,low,val,-0.2042041572569389,-0.020987272262573242,-0.6954442262649536
UPRO,r12,long_only,low,oos,-0.748984011459705,-0.03627312183380127,-1.4208564758300781
UPRO,sofar,long_short,low,dev,0.742527908315518,0.13107547792030405,5.60448497186893
UPRO,sofar,long_short,low,val,-1.5029079465168136,-0.16934532253176293,-7.080715857725091
UPRO,sofar,long_short,low,oos,-1.7639287517300717,-0.12494433500531632,-5.1865445467141935
UPRO,sofar,long_only,low,dev,0.3917298936263504,0.041428327560424805,1.9024096727371216
UPRO,sofar,long_only,low,val,-0.8548856372008644,-0.0668717622756958,-2.62673020362854
UPRO,sofar,long_only,low,oos,-2.1929394139776366,-0.08683127164840698,-3.5705881118774414
UPRO,first+r12,long_short,low,dev,0.06897291600011835,-0.001094609059332896,0.4188095055770201
UPRO,first+r12,long_short,low,val,-0.6162466529430516,-0.05380861385579794,-2.0550608175961087
UPRO,first+r12,long_short,low,oos,-0.12705948485518165,-0.008239290610221994,-0.2712319233478641
UPRO,first+r12,long_only,low,dev,0.19593360504449647,0.014317750930786133,0.7340572476387024
UPRO,first+r12,long_only,low,val,-0.2766070711998397,-0.01722770929336548,-0.6254260540008545
UPRO,first+r12,long_only,low,oos,-1.055979919574421,-0.03848844766616821,-1.5309582948684692
