,0
vix_term,19121.68612921238
vix,17857.291595101357
spy20,16834.464649915695
spy5,13935.577144384384
iwm_spy5,13840.411740064621
vix_chg5,12065.50012421608
beta,8052.126193881035
spy1,7478.51317358017
range20,6547.973004817963
vol60,5037.368115305901
r250_20,4572.496766209602
vol20_cs,3691.9855905771255
days_since_e,3392.2362287044525
hi250,3105.24574136734
r60,2897.7028505802155
r120,2699.124774336815
night5,1791.6584894657135
lpx,1768.247780919075
r20_cs,1651.2891767024994
vol20,1280.2406519651413
r5,1216.1464591026306
dow,1207.5446436405182
r20,1144.7107564210892
r5_cs,1073.4594200849533
intra5,1039.6969237327576
r10,991.0055204629898
hi20,964.9064940214157
intra20,961.4819796085358
vol5,947.6250258684158
night20,873.4273804426193
ldv,834.5585384368896
r3,809.4310684204102
days_to_e,737.5811998844147
vz5,628.5616418123245
last_surp,618.1249117851257
resid5,599.2308529615402
lo20,567.7303100824356
r2,533.2575290203094
night1,485.35365974903107
range1,359.940380692482
resid5_cs,345.1091902256012
vr,343.0839602947235
r1_cs,194.7868708372116
r1,178.30038011074066
resid1,143.59228014945984
clv5,141.185950756073
tom,131.2564811706543
night1_cs,123.21049976348877
clv,87.33563995361328
vz1_cs,79.44320964813232
intra1_cs,70.63599061965942
intra1,56.64876961708069
vz1,53.97113084793091
