variant,period,test,group,univ,k,timing,sig,side,hold,gross_sharpe,sharpe,ann_ret,maxdd,ann_vol,days,turnover,avg_gross
pairs_beta_close,dev,pairs,industry,adv50M,0,close,z,LS,10,0.9702175212402776,0.5641690834167251,0.044375804790685036,-0.14629402056900564,0.08301186980391861,1005,0.2461225967147536,1.2346684255068132
pairs_beta_close,val,pairs,industry,adv50M,0,close,z,LS,10,1.7732269485018266,1.1739570354394004,0.07548561270612719,-0.04455705440730484,0.06371722299142416,374,0.27317058058981997,1.365663771530245
pairs_beta_close,hold,pairs,industry,adv50M,0,close,z,LS,10,1.738975959566947,0.9371707658756884,0.04687938042386497,-0.028923313505388015,0.05023225164563526,312,0.2923742607375006,1.449615792580645
pairs_beta_1545,dev,pairs,industry,adv50M,0,1545,z,LS,10,,,,,,0,,0.0
pairs_beta_1545,val,pairs,industry,adv50M,0,1545,z,LS,10,1.2102688829919246,0.7166353244408792,0.05129255527753007,-0.05664383293856956,0.0735548593865328,373,0.24982620296758787,1.4009739786582085
pairs_beta_1545,hold,pairs,industry,adv50M,0,1545,z,LS,10,1.1440215486033465,0.35290529561761924,0.01599281177410994,-0.036036554449572655,0.048247660533537906,312,0.27623118444177874,1.4498343070299526
pairs_dollar_close,dev,pairs,industry,adv50M,0,close,z,LS,10,1.1169164605552784,0.6724277322633413,0.04857916396310369,-0.10645466423177874,0.0746840309018098,1005,0.24394935212741814,1.2402395001752862
pairs_dollar_close,val,pairs,industry,adv50M,0,close,z,LS,10,1.7778937149588008,0.9940616783310589,0.047058767213611796,-0.023509741181902077,0.04738999859111605,374,0.2655639073558858,1.3603426027731282
pairs_dollar_close,hold,pairs,industry,adv50M,0,close,z,LS,10,1.598912117354782,0.8022262582125886,0.03818852173693155,-0.04292430070671149,0.04816219500869098,312,0.27661727319998103,1.4247790169709726
pairs_dollar_1545,dev,pairs,industry,adv50M,0,1545,z,LS,10,,,,,,0,,0.0
pairs_dollar_1545,val,pairs,industry,adv50M,0,1545,z,LS,10,0.5767378817320743,0.07288338297604807,0.002648344941268199,-0.0758596247279536,0.06922533926183097,373,0.24620230908975888,1.3603017155883785
pairs_dollar_1545,hold,pairs,industry,adv50M,0,1545,z,LS,10,2.1739623069119505,1.3555239909408776,0.06444499372988877,-0.03644461672969501,0.04688737137048965,312,0.28098398508452505,1.4221274434797357
