variant,period,sharpe,ann,maxdd,names,cash_days
fixed top 5,2024-25H1,2.4912231779954714,1.8150691986083984,-0.18723273277282715,5.0,0.0
fixed top 5,2025H2-26,2.621650872291608,2.371993064880371,-0.282922625541687,5.0,0.0
fixed top 5,2024-26,2.5517320734778037,2.056309223175049,-0.28292250633239746,5.0,0.0
fixed top 10,2024-25H1,2.7955904989232807,1.6671111583709717,-0.16196876764297485,10.0,0.0
fixed top 10,2025H2-26,2.913656163352582,2.135099411010742,-0.20631706714630127,10.0,0.0
fixed top 10,2024-26,2.8497863853530663,1.8709132671356201,-0.20631694793701172,10.0,0.0
fixed top 15,2024-25H1,2.6902901797248213,1.3035824298858643,-0.13611304759979248,15.0,0.0
fixed top 15,2025H2-26,2.615923557574122,1.4937362670898438,-0.18113631010055542,15.0,0.0
fixed top 15,2024-26,2.6503617221396243,1.388324499130249,-0.18113642930984497,15.0,0.0
fixed top 20,2024-25H1,2.7079665104525126,1.2276382446289062,-0.11910092830657959,20.0,0.0
fixed top 20,2025H2-26,2.5469211480390035,1.320507287979126,-0.20173442363739014,20.0,0.0
fixed top 20,2024-26,2.626661208200706,1.269468069076538,-0.20173460245132446,20.0,0.0
threshold jump-minus-drop > 0.0252 (q0.5),2024-25H1,2.388839166119263,1.1061613165697533,-0.1625557680260482,15.997319034852547,0.005361930294906166
threshold jump-minus-drop > 0.0252 (q0.5),2025H2-26,2.4358860544684955,1.3568477462605393,-0.2822195473606631,16.69871794871795,0.009615384615384616
threshold jump-minus-drop > 0.0252 (q0.5),2024-26,2.408401055943198,1.2168533104676849,-0.2822195473606629,16.316788321167884,0.0072992700729927005
threshold jump-minus-drop > 0.0586 (q0.75),2024-25H1,2.652541452626447,1.4648305063410243,-0.16046815826721095,8.975871313672922,0.08310991957104558
threshold jump-minus-drop > 0.0586 (q0.75),2025H2-26,3.731719866928458,2.7185346237847274,-0.21364196491666987,9.878205128205128,0.060897435897435896
threshold jump-minus-drop > 0.0586 (q0.75),2024-26,3.1480955381569427,1.9725410472573852,-0.21364196491666987,9.386861313868613,0.072992700729927
threshold jump-minus-drop > 0.1097 (q0.9),2024-25H1,2.4782274896736376,1.1054074135713599,-0.1596514104414447,3.544235924932976,0.32439678284182305
threshold jump-minus-drop > 0.1097 (q0.9),2025H2-26,3.369232001484407,1.7440867843037546,-0.11312922038675122,3.6538461538461537,0.34294871794871795
threshold jump-minus-drop > 0.1097 (q0.9),2024-26,2.8797984432583617,1.3754386042691218,-0.1596514104414447,3.5941605839416058,0.33284671532846716
threshold pooled raw score > 0.0515 (q0.5),2024-25H1,1.7203955629987384,0.6039268628643688,-0.1235963148330993,14.587131367292224,0.010723860589812333
threshold pooled raw score > 0.0515 (q0.5),2025H2-26,1.8283462354515634,0.6725229466368674,-0.1889137007907683,14.788461538461538,0.03205128205128205
threshold pooled raw score > 0.0515 (q0.5),2024-26,1.7712796836237532,0.6348146223737987,-0.1889137007907684,14.678832116788321,0.020437956204379562
threshold pooled raw score > 0.0690 (q0.75),2024-25H1,1.566423801818108,0.46970540666077776,-0.13069526365914153,8.284182305630027,0.06970509383378017
threshold pooled raw score > 0.0690 (q0.75),2025H2-26,2.1490593259036066,0.7356207297149573,-0.15288394067104116,9.003205128205128,0.14743589743589744
threshold pooled raw score > 0.0690 (q0.75),2024-26,1.8353003808477364,0.5853557172972494,-0.15288394067104116,8.61167883211679,0.10510948905109489
threshold pooled raw score > 0.0906 (q0.9),2024-25H1,0.702602732689895,0.13675097180609663,-0.21946739966388873,3.0804289544235925,0.3941018766756032
threshold pooled raw score > 0.0906 (q0.9),2025H2-26,2.4776944499191833,0.6412938327732525,-0.11690300733135628,4.262820512820513,0.4358974358974359
threshold pooled raw score > 0.0906 (q0.9),2024-26,1.4925531836860124,0.3437642286597542,-0.21946739966388873,3.618978102189781,0.4131386861313869
top 20 weighted by rank,2024-25H1,2.9292975902093255,1.531706788731777,-0.13521801914670872,20.080428954423592,0.0
top 20 weighted by rank,2025H2-26,2.7751546260943694,1.7066633316946085,-0.2035948450123447,20.05448717948718,0.0
top 20 weighted by rank,2024-26,2.849353131471829,1.609946796011882,-0.20359484501234504,20.068613138686132,0.0
