period,adv_bucket,group,avg_names,xs_sd_bp,xs_mad_bp,abs_ret_bp,mean_ret_bp
early,5-20M,ADR,48.50346620450607,166.22672926869393,106.99811486483559,131.04573281141998,8.278064941632683
early,5-20M,US,692.184575389948,152.45643615722656,72.038330078125,100.86647033691406,7.335694789886475
early,20-100M,ADR,59.578856152513,165.51126699773027,109.67446193864862,135.4089556264521,5.854394686484007
early,20-100M,US,726.448006932409,135.86151123046875,68.81190490722656,98.62776184082031,6.542250156402588
early,>100M,ADR,34.49046793760832,168.2227573757147,114.84821724311163,155.23520994137448,7.687262135285197
early,>100M,US,493.7253032928943,126.31377410888672,67.68370056152344,94.8870849609375,4.754300117492676
val,5-20M,ADR,50.48663101604278,169.16586522272954,102.68804884979797,118.96720455324532,7.716844434141079
val,5-20M,US,700.0508021390374,170.48345947265625,72.49596405029297,99.42192840576172,6.182771682739258
val,20-100M,ADR,59.19251336898396,157.2502167176584,104.54494965795023,123.03223471392027,10.714122320771464
val,20-100M,US,829.1149732620321,146.55213928222656,68.33174133300781,92.3805160522461,5.092736721038818
val,>100M,ADR,40.85828877005348,156.53668847072532,107.63203336074513,126.85467826419529,3.306705896322255
val,>100M,US,637.5534759358288,136.64280700683594,70.23204803466797,86.51927947998047,4.842336654663086
hold,5-20M,ADR,48.83974358974359,187.24655811237005,110.00203236254065,124.72755857346182,8.785033223758363
hold,5-20M,US,737.5384615384615,197.90103149414062,84.62322235107422,96.88622283935547,7.8636980056762695
hold,20-100M,ADR,71.86858974358974,161.85406322995618,104.05089636656413,117.68147038161014,9.062052933087438
hold,20-100M,US,951.9262820512821,173.03199768066406,83.72872161865234,96.1293716430664,7.6604413986206055
hold,>100M,ADR,49.3525641025641,170.14301862688222,114.25470974162492,130.16201233810386,8.262499936635482
hold,>100M,US,847.8846153846154,161.156982421875,88.92877960205078,99.47463989257812,8.116060256958008
