u,strat,target,freq,take,period,cagr,sharpe,worst_month,maxdd,n,win,avg_ret,worst_trade,cost_pct_credit
SPY,PS,0.1,W,0.0,val,-0.9767345229489376,0.10933536675185147,-1.042094092739574,-1.070105818413433,71.0,0.9577464788732394,-0.009698849482632855,-1.0367041036717062,0.5917744282744285
SPY,PS,0.1,W,0.0,holdout,1.8943922727432758,1.739638805308988,-0.0014787690114218544,-0.2841978947368422,65.0,0.9846153846153847,0.02051281628660585,-0.07982189223345589,0.6071236872812136
SPY,PS,0.1,W,0.0,all,-0.7761819645349035,0.4339075342371094,-1.042094092739574,-1.070105818413433,136.0,0.9705882352941176,0.00474054959825329,-1.0367041036717062,0.5990060472787245
SPY,PS,0.1,W,0.5,val,,-0.36766667560553573,-1.0322708971365833,-1.0187386762269113,71.0,0.18309859154929578,-0.032429085991158714,-1.0360806794055202,1.089508316008316
SPY,PS,0.1,W,0.5,holdout,-0.68569305826365,-1.2097266330691487,-0.17280496475873097,-0.8101530912225301,65.0,0.12307692307692308,-0.02174160979908582,-0.04199159663865547,1.1477607934655776
SPY,PS,0.1,W,0.5,all,,-0.5110519975261562,-1.0322708971365833,-1.0187386762269113,136.0,0.15441176470588236,-0.02732110104641799,-1.0360806794055202,1.1169532710280372
SPY,PS,0.1,M,0.0,val,0.31094253360829405,0.4013641922999322,-0.08702472475141287,-1.0333208333333332,16.0,1.0,0.0253964777849422,0.008345833333333325,0.5724921700223713
SPY,PS,0.1,M,0.0,holdout,0.3530900980330267,0.8851480596690392,-0.06468429086823724,-0.15643551797040178,15.0,1.0,0.024626018062069654,0.004161825726141112,0.5712142857142857
SPY,PS,0.1,M,0.0,all,0.33328909360301906,0.3249380223094292,-0.08702472475141287,-1.0333208333333332,31.0,1.0,0.025023674693229674,0.004161825726141112,0.5718731257208766
SPY,PS,0.1,M,0.5,val,-0.26300835393770183,-0.17701543624981864,-0.1134327731092436,-0.63768841481794,16.0,0.0625,-0.026431377027968946,-0.040059071729957804,1.1092035794183444
SPY,PS,0.1,M,0.5,holdout,-0.30419945136020177,-1.1298511599215049,-0.04561825726141078,-0.3662208788989556,15.0,0.06666666666666667,-0.029469173023815506,-0.04561825726141074,1.1424285714285713
SPY,PS,0.1,M,0.5,all,-0.28235681989510164,-0.4172990850773612,-0.1134327731092436,-0.63768841481794,31.0,0.06451612903225806,-0.027901278316281804,-0.04561825726141074,1.1252987312572085
SPY,PS,0.16,W,0.0,val,-0.9978893398352295,-0.20278522461330162,-1.0529348532720595,-1.0083978065796873,71.0,0.8591549295774648,-0.02296314473109731,-1.039520930232558,0.34135101311084637
SPY,PS,0.16,W,0.0,holdout,,1.0660219688100714,-1.0273896958185158,-1.0548653510090067,65.0,0.9230769230769231,0.020660696921269345,-1.0368633405639913,0.34983590087073013
SPY,PS,0.16,W,0.0,all,,0.1278129717716567,-1.0529348532720595,-1.0083978065796873,136.0,0.8897058823529411,-0.0021135145295985425,-1.039520930232558,0.34534594765058346
SPY,PS,0.16,W,0.5,val,,-0.25455329390562964,-1.0375183799549068,-1.0103248785254026,71.0,0.5915492957746479,-0.032923059002837575,-1.0376807095343679,0.6115113230035759
SPY,PS,0.16,W,0.5,holdout,0.20392659265349167,0.8179834756859654,-0.3622978646488799,-0.6811704852780303,65.0,0.6153846153846154,0.005436813469589374,-0.3802087396978022,0.6434293369055593
SPY,PS,0.16,W,0.5,all,,-0.012859370925297884,-1.0375183799549068,-1.0103248785254026,136.0,0.6029411764705882,-0.014589296424104108,-1.0376807095343679,0.6265392620624408
SPY,PS,0.16,M,0.0,val,-0.9818557244694549,0.8183466787779179,-1.0448400120088694,-1.038344658693957,16.0,0.875,-0.06943394123101472,-1.0377644444444443,0.343872
SPY,PS,0.16,M,0.0,holdout,0.7960600336754173,1.201832714128575,-0.21000913152313927,-0.33131719532162274,15.0,0.9333333333333333,0.053307514404628095,-0.2510864924628304,0.32599458728010827
SPY,PS,0.16,M,0.0,all,-0.8431175665842501,0.6341329532249493,-1.0448400120088694,-1.038344658693957,31.0,0.9032258064516129,-0.010042914310542392,-1.0377644444444443,0.3349993284083276
SPY,PS,0.16,M,0.5,val,,-0.708062123649237,-1.040775157461486,-1.0342606821670233,16.0,0.3125,-0.07023351484990834,-1.037267543859649,0.6624186666666667
SPY,PS,0.16,M,0.5,holdout,-0.35600112642776416,-0.5293956342677838,-0.23759635516304545,-0.47852980474015616,15.0,0.3333333333333333,-0.032303630081139185,-0.2510864924628304,0.7641623815967523
SPY,PS,0.16,M,0.5,all,,-0.6069635714080341,-1.040775157461486,-1.0342606821670233,31.0,0.3225806451612903,-0.0518803448005039,-1.037267543859649,0.7129147078576225
SPY,PS,0.2,W,0.0,val,-0.9999998420966786,-0.3560472533801101,-1.0541933497040545,-1.1131640863417187,71.0,0.8309859154929577,-0.04056445198254996,-1.0405584725536992,0.2889581139848937
SPY,PS,0.2,W,0.0,holdout,-0.9992190824422191,0.7522035469468339,-1.0594418976182047,-1.08612893696165,65.0,0.8923076923076924,0.009542496649313316,-1.0385351473922901,0.2707002583979328
SPY,PS,0.2,W,0.0,all,-0.999991337901359,0.06921343559136406,-1.0594418976182047,-1.1131640863417187,136.0,0.8602941176470589,-0.016616278004085897,-1.0405584725536992,0.2803820852045151
SPY,PS,0.2,W,0.5,val,-0.9999849498944166,-0.2564107692770553,-1.0457090091627796,-1.066938359253058,71.0,0.8309859154929577,-0.0362120031156003,-1.0393379629629629,0.49624994277866813
SPY,PS,0.2,W,0.5,holdout,,0.9380836530208208,-1.0437925988540517,-1.0466764410015181,65.0,0.8769230769230769,0.010692550515342313,-1.0382747747747747,0.48870594315245475
SPY,PS,0.2,W,0.5,all,,0.16432519581180388,-1.0457090091627796,-1.066938359253058,136.0,0.8529411764705882,-0.013794385571399784,-1.0393379629629629,0.49270639640733105
SPY,PS,0.2,M,0.0,val,-0.977679140032131,-1.3440675320190023,-1.04024640784048,-1.0437706100811,16.0,0.8125,-0.056190522981338455,-1.039429234338747,0.375289156626506
SPY,PS,0.2,M,0.0,holdout,,-0.35269011701588465,-1.0300731272970989,-1.0335368958943183,15.0,0.6,-0.06572628787167298,-1.0403657957244654,0.9064419889502761
SPY,PS,0.2,M,0.0,all,,-0.9852868491905367,-1.04024640784048,-1.0437706100811,31.0,0.7096774193548387,-0.060804602766984184,-1.0403657957244654,0.6281525512887954
SPY,PS,0.2,M,0.5,val,,-0.4741718370500946,-1.0446393282924218,-1.040514985227442,16.0,0.75,-0.060569283396513234,-1.0389770642201834,0.6151586345381527
SPY,PS,0.2,M,0.5,holdout,,-1.3061005403452444,-1.0300731272970989,-1.0220725654549303,15.0,0.4666666666666667,-0.14643224060637838,-1.0403657957244654,1.1361900552486186
SPY,PS,0.2,M,0.5,all,-0.9459731657882507,-0.4366574899783838,-1.0446393282924218,-1.040514985227442,31.0,0.6129032258064516,-0.10211587559483506,-1.0403657957244654,0.8632035770647024
SPY,PS,0.3,W,0.0,val,,-0.6015652966549095,-1.1280868094774243,-1.1808269086333056,71.0,0.704225352112676,-0.05044045001296322,-1.0463051771117167,0.2138095644748079
SPY,PS,0.3,W,0.0,holdout,,-0.21222054182346278,-1.1004352122448415,-1.1899372706472033,65.0,0.7846153846153846,-0.016705405937656112,-1.0425914786967418,0.2073524762058397
SPY,PS,0.3,W,0.0,all,-0.9999999913517403,-0.45951236952926333,-1.1280868094774243,-1.1808269086333056,136.0,0.7426470588235294,-0.03431708335932379,-1.0463051771117167,0.21078291115311912
SPY,PS,0.3,W,0.5,val,-0.9999737446506943,-0.5199188986408972,-1.064931948363931,-1.3341857204374463,71.0,0.8169014084507042,-0.017461169210640233,-1.0444869109947643,0.3310438371762027
SPY,PS,0.3,W,0.5,holdout,,-0.7151271628622359,-1.0825180528286444,-1.1362413108060077,65.0,0.8461538461538461,-0.034824974217292026,-1.0425914786967418,0.33039038554605576
SPY,PS,0.3,W,0.5,all,,-0.517027740212203,-1.0825180528286444,-1.3341857204374463,136.0,0.8308823529411765,-0.025760046603525287,-1.0444869109947643,0.33073754253308124
SPY,PS,0.3,M,0.0,val,,-2.1562435724217006,-1.3154294809463754,-1.1335083015177332,16.0,0.4375,-0.2269247506954425,-1.3433540051679584,0.9484403215831784
SPY,PS,0.3,M,0.0,holdout,,0.26952662237053326,-5.675068611017701,-1.1498040444334034,15.0,0.13333333333333333,-0.33339895578046047,-1.6266045340050375,1.9636579873328628
SPY,PS,0.3,M,0.0,all,-0.982860197490336,-0.12557865255798026,-5.675068611017701,-1.1335083015177332,31.0,0.2903225806451613,-0.2784445273494835,-1.6266045340050375,1.4233001974983535
SPY,PS,0.3,M,0.5,val,,-2.0260880459315764,-1.4173003504679837,-1.1855071757165667,16.0,0.5,-0.1921740569043634,-1.3433540051679584,1.0955708101422383
SPY,PS,0.3,M,0.5,holdout,-0.9999975692239085,-0.8641432744110513,-1.1851776829304583,-1.0549950576824922,15.0,0.13333333333333333,-0.5320170497462203,-1.6266045340050375,2.436182969739619
SPY,PS,0.3,M,0.5,all,,-1.0225062899746389,-1.4173003504679837,-1.1855071757165667,31.0,0.3225806451612903,-0.35661421473106847,-1.6266045340050375,1.7226313364055292
SPY,IC,0.1,W,0.0,val,,-1.7021854359517334,-1.1099706893738097,-1.0563294140159194,71.0,0.8309859154929577,-0.07338220692469252,-1.0792980769230769,0.5436066666666669
SPY,IC,0.1,W,0.0,holdout,,-1.652809150898684,-1.0987067634316325,-1.272830417257855,65.0,0.8769230769230769,-0.018699248645335474,-1.0774366197183098,0.5181597222222222
SPY,IC,0.1,W,0.0,all,-0.9999007234118268,-1.6745806398838967,-1.1099706893738097,-1.0563294140159194,136.0,0.8529411764705882,-0.04724696951176452,-1.0792980769230769,0.5311428571428571
SPY,IC,0.1,W,0.5,val,,-2.4815749022992812,-1.0892076469763352,-1.0346440521869924,71.0,0.2535211267605634,-0.12955353729038996,-1.0792980769230769,0.8856209523809527
SPY,IC,0.1,W,0.5,holdout,,-2.9219158730035537,-1.079242984883984,-1.0301293132760094,65.0,0.15384615384615385,-0.09771974992647339,-1.0774366197183098,0.9302073412698412
SPY,IC,0.1,W,0.5,all,-0.9999956411576372,-2.6825608552604936,-1.0892076469763352,-1.0346440521869924,136.0,0.20588235294117646,-0.11433885950616514,-1.0792980769230769,0.9074591836734692
SPY,IC,0.16,W,0.0,val,-0.9999999579527086,-1.0890105063639814,-1.1948322244228815,-1.0037572159320245,71.0,0.676056338028169,-0.10029741073606584,-1.0926629213483146,0.31085459218179357
SPY,IC,0.16,W,0.0,holdout,-0.9998626561429674,-0.05678310658199511,-1.1735227996705562,-1.1603739235049961,65.0,0.7846153846153846,0.0013842720414751631,-1.0924033613445376,0.29514297788420907
SPY,IC,0.16,W,0.0,all,-0.9999980484821781,-0.618507641719509,-1.1948322244228815,-1.0037572159320245,136.0,0.7279411764705882,-0.051699547643858736,-1.0926629213483146,0.30315815622412357
SPY,IC,0.16,W,0.5,val,-0.9999999962628143,-1.499966568544177,-1.1162700621808395,-1.0019032249355235,71.0,0.49295774647887325,-0.15946955783489794,-1.0926629213483146,0.47446124712565957
SPY,IC,0.16,W,0.5,holdout,,-0.6452295988139422,-1.1350287935885137,-1.0312853741704646,65.0,0.6307692307692307,-0.06966070582864324,-1.0924033613445376,0.4972080574728835
SPY,IC,0.16,W,0.5,all,,-1.1131525695789204,-1.1350287935885135,-1.0019032249355235,136.0,0.5588235294117647,-0.11654620944955563,-1.0926629213483146,0.48560391940380887
SPY,IC,0.2,W,0.0,val,,-1.017599968984513,-1.2166059161360923,-1.069882263199826,71.0,0.5915492957746479,-0.14012635170853735,-1.1047238095238094,0.2482331452026681
SPY,IC,0.2,W,0.0,holdout,,-0.8799236228320146,-1.2268914604804857,-1.0337752817014076,65.0,0.676923076923077,-0.013301839859372108,-1.0984716417910447,0.22898421339139902
SPY,IC,0.2,W,0.0,all,-0.9999999942675303,-0.8591814750232944,-1.2268914604804857,-1.069882263199826,136.0,0.6323529411764706,-0.07951169531003924,-1.1047238095238094,0.2388933967247755
SPY,IC,0.2,W,0.5,val,,-1.0813534251722963,-1.146680899612784,-1.0532489399980438,71.0,0.6197183098591549,-0.17607256423907602,-1.1047238095238094,0.3655823499230376
SPY,IC,0.2,W,0.5,holdout,-0.9999974033933717,-1.309639504056013,-1.167286885580402,-1.0087776516900169,65.0,0.7538461538461538,-0.0652874980764024,-1.0984716417910447,0.3709012520413718
SPY,IC,0.2,W,0.5,all,,-0.9668113534248094,-1.167286885580402,-1.0532489399980438,136.0,0.6838235294117647,-0.12312381938191586,-1.1047238095238094,0.3681631273111463
SPY,buy&hold,,,,val,0.19583972139299188,1.0813886225647982,-0.05571913431102826,-0.18755223158522172,,,,,
SPY,buy&hold,,,,holdout,0.21033946120424596,1.6148765923307424,-0.049379707209281753,-0.08884939789379642,,,,,
SPY,buy&hold,,,,all,0.20221108408435873,1.2570706982919992,-0.05571913431102826,-0.18755223158522172,,,,,
