variant,k,period,sharpe,gross_bp,net_bp,days
premarket_only,10,2024H2-25H1,0.8508660851053381,22.20266,13.5316105,250
premarket_only,10,2025H2-26,0.5619758434283845,15.614648,6.9858184,312
premarket_only,20,2024H2-25H1,0.49312071496570825,15.215063,6.605648,250
premarket_only,20,2025H2-26,0.5857548915026985,14.207643,5.6958637,312
premarket+close,10,2024H2-25H1,1.283623884643853,30.15322,21.444178,250
premarket+close,10,2025H2-26,0.36679678406690763,12.374147,3.8559928,312
premarket+close,20,2024H2-25H1,0.9297999876362297,22.375584,13.730264,250
premarket+close,20,2025H2-26,0.1423867192690049,9.754441,1.2809515,312
all,10,2024H2-25H1,0.643865538997949,19.216805,10.442131,250
all,10,2025H2-26,0.9499108174240439,18.624073,10.073374,312
all,20,2024H2-25H1,1.1394052886590162,26.328005,17.642124,250
all,20,2025H2-26,0.4485068801114741,12.815818,4.305115,312
