day_long,day_short,period,sharpe,ann,maxdd,bp_day
0.0,0.0,2024H2-25H1,2.4152578218148726,1.3700976206273654,-0.16201634132178877,37.337587892693136
0.0,0.0,2025H2-26,2.9132627688046906,2.1347469655097746,-0.20634847376995002,48.994771994050375
0.0,0.0,2024H2-26,2.701869203036561,1.768872613595247,-0.20634847376995014,43.820727713768825
0.0,0.25,2024H2-25H1,2.444342210888898,1.5314093083706148,-0.18507142788482644,40.3735372612466
0.0,0.25,2025H2-26,3.041691095385731,2.5225683017226412,-0.2229100254999703,54.07111961472099
0.0,0.25,2024H2-26,2.7870890864129576,2.0420631038790917,-0.22291002549997008,47.991444024676206
0.0,0.5,2024H2-25H1,2.302366555661157,1.6617247193120863,-0.24734554813049425,43.409486629800064
0.0,0.5,2025H2-26,2.998736962285017,2.9088252244760047,-0.2441831006490346,59.1474672353916
0.0,0.5,2024H2-26,2.698220345638498,2.2959084306999267,-0.24734554813049425,52.1621603355836
0.25,0.0,2024H2-25H1,2.575226456280501,1.5310170079030936,-0.15936881715654805,40.00557788699607
0.25,0.0,2025H2-26,3.0410802052491346,2.339229479246841,-0.22028838476859713,51.56343798238921
0.25,0.0,2024H2-26,2.8434559890865536,1.952761383454543,-0.22028838476859702,46.43347868871204
0.25,0.25,2024H2-25H1,2.7060098859086072,1.723203192347357,-0.15994090614079248,43.04152725554954
0.25,0.25,2025H2-26,3.2114144120644452,2.7640675796810825,-0.22838664554233512,56.63978560305983
0.25,0.25,2024H2-26,2.997664195697935,2.2603341370400027,-0.22838664554233545,50.60419499961944
0.25,0.5,2024H2-25H1,2.6023720793579783,1.8849364169597544,-0.20215015601495745,46.07747662410301
0.25,0.5,2025H2-26,3.189147884021948,3.189942135583098,-0.24925107621489107,61.71613322373044
0.25,0.5,2024H2-26,2.9402361338057568,2.550360250990654,-0.24925107621489095,54.774911310526825
0.5,0.0,2024H2-25H1,2.5655378873723746,1.6738956612404445,-0.20215169396202004,42.67356718117072
0.5,0.0,2025H2-26,3.0935353222295654,2.5408762746828235,-0.23458288463596544,54.13210346514228
0.5,0.0,2024H2-26,2.8667693945752855,2.125906467904823,-0.23458288463596555,49.04622907172175
0.5,0.25,2024H2-25H1,2.801723122916232,1.8977764582884147,-0.19198576938544387,45.709516549724185
0.5,0.25,2025H2-26,3.308984437726301,3.0038095816370793,-0.24153652850656027,59.2084510858129
0.5,0.25,2024H2-26,3.0938897199754747,2.46859064860675,-0.24153652850656027,53.216945382629135
0.5,0.5,2024H2-25H1,2.7934021763252312,2.092522148797016,-0.19306814848477616,48.74546591827766
0.5,0.5,2025H2-26,3.324082755366915,3.470780703444027,-0.2547967334602427,64.2847987064835
0.5,0.5,2024H2-26,3.0995662723738837,2.7960857292546812,-0.2547967334602427,57.38766169353653
