variant,period,n,sharpe,ann,net_bp,maxdd,worst_bp,n_le_2pct,avg_gross,diff_bp_vs_base,t_vs_base,diff_bp_vs_capped,t_vs_capped,diff_bp_vs_base_same_gross,t_vs_base_same_gross,n_sectors,max_per_sector,n_techhw,pick_corr60,chosen
baseline (uncapped),selection,373,2.7955907354718814,1.6671104,41.830555,-0.16196877,-1359.9515,40,1.0,0.0,,-2.1445067,-1.0169785086851406,0.0,,5.10455764075067,3.959785522788204,0.8310991957104558,0.22485851254423375,False
baseline (uncapped),holdout,312,2.9131766793391862,2.1344893,48.99118,-0.20631689,-902.33673,44,1.0,0.0,,1.255918,0.9423587878814653,0.0,,5.048076923076923,4.141025641025641,1.8397435897435896,0.2650189016519746,False
baseline (uncapped),2024-26,685,2.849554567724488,1.8706577,45.092037,-0.20631671,-1359.9515,84,1.0,0.0,,-0.5957,-0.458382420539942,0.0,,5.0788321167883215,4.042335766423357,1.2905109489051094,0.24315054378746756,False
92: industry cap 3 (live),selection,373,2.974251872171331,1.8196387,43.975056,-0.16196877,-1359.9515,41,1.0,2.1445067,1.0169785086851406,0.0,,2.1445067,1.0169785086851406,5.166219839142091,3.839142091152815,0.839142091152815,0.22182090706955473,False
92: industry cap 3 (live),holdout,312,2.8718655951835403,2.0435975,47.735264,-0.21315253,-902.33673,42,1.0,-1.255918,-0.9423587878814653,0.0,,-1.255918,-0.9423587878814653,5.163461538461538,3.9583333333333335,1.7692307692307692,0.25765757762358643,False
92: industry cap 3 (live),2024-26,685,2.921731459479525,1.9195273,45.687737,-0.21315259,-1359.9515,83,1.0,0.5957,0.458382420539942,0.0,,0.5957,0.458382420539942,5.164963503649635,3.8934306569343065,1.2627737226277371,0.23814359497153706,False
92: sector cap 2,selection,373,3.078119889593218,1.7314999,42.362038,-0.15627813,-1518.0813,30,1.0,0.5314849,0.09007343967803785,-1.6130208,-0.2945731591372522,0.5314849,0.09007343967803785,6.351206434316354,2.0,0.6487935656836461,0.21533078530072672,False
92: sector cap 2,holdout,312,2.376063276575818,1.3395958,36.79988,-0.25388414,-897.76294,38,1.0,-12.191302,-2.3660465218652407,-10.935385,-2.2519983244757267,-12.191302,-2.3660465218652407,6.544871794871795,2.0,1.016025641025641,0.23122252940924917,False
92: sector cap 2,2024-26,685,2.7347823694612017,1.5454569,39.828617,-0.2538839,-1518.0813,68,1.0,-5.26342,-1.3213277368390126,-5.859119,-1.5775435931984978,-5.26342,-1.3213277368390126,6.43941605839416,2.0,0.8160583941605839,0.22256906874869606,False
92: sector cap 3,selection,373,3.304561951223052,2.151134,48.34104,-0.13861561,-1359.9515,37,1.0,6.5104885,1.623210880102684,4.3659825,1.3054562832513652,6.5104885,1.623210880102684,5.603217158176943,2.9195710455764075,0.7533512064343163,0.22177853264686434,True
92: sector cap 3,holdout,312,2.787032880199735,1.8718398,45.25986,-0.23941737,-902.33673,43,1.0,-3.731322,-1.0642124018074168,-2.4754043,-0.7777282348647401,-3.731322,-1.0642124018074168,5.705128205128205,2.8814102564102564,1.358974358974359,0.2430684330907075,True
92: sector cap 3,2024-26,685,3.053438172059052,2.020704,46.93764,-0.23941743,-1359.9515,80,1.0,1.8456055,0.6808532421972385,1.2499056,0.5365152748353628,1.8456055,0.6808532421972385,5.649635036496351,2.9021897810218977,1.0291970802919708,0.23147553839646878,True
92: sector cap 4,selection,373,3.0762483170653496,1.8947589,44.956436,-0.16118819,-1359.9515,41,1.0,3.1258843,1.0645086646592012,0.9813781,0.43126692251873583,3.1258843,1.0645086646592012,5.294906166219839,3.512064343163539,0.7962466487935657,0.22358976697497818,False
92: sector cap 4,holdout,312,2.6781663542987797,1.7717302,43.9125,-0.23033231,-902.33673,46,1.0,-5.078682,-2.281804644593537,-3.8227637,-1.9558414384343803,-5.078682,-2.281804644593537,5.397435897435898,3.4711538461538463,1.544871794871795,0.2515900278217367,False
92: sector cap 4,2024-26,685,2.8809050634064883,1.8380594,44.48095,-0.23033237,-1359.9515,87,1.0,-0.6110858,-0.32189501600456283,-1.2067859,-0.7900800061305585,-0.6110858,-0.32189501600456283,5.341605839416059,3.4934306569343065,1.1372262773722628,0.23634317045554554,False
92: tech hardware cap 2,selection,373,2.700465790876403,1.5700755,40.344448,-0.16330904,-1359.9515,41,1.0,-1.4861033,-1.2708914586864282,-3.63061,-1.5092503943836457,-1.4861033,-1.2708914586864282,5.136729222520107,3.8927613941018766,0.710455764075067,0.22401452265436536,False
92: tech hardware cap 2,holdout,312,2.795442656047912,1.8886437,45.508823,-0.21329033,-902.33673,43,1.0,-3.4823604,-1.1434161680607182,-2.226442,-0.7055369976050067,-3.4823604,-1.1434161680607182,5.339743589743589,3.6858974358974357,1.1570512820512822,0.2549376194983595,False
92: tech hardware cap 2,2024-26,685,2.7451197798555875,1.7105687,42.69669,-0.21329015,-1359.9515,84,1.0,-2.3953476,-1.5701573929401378,-2.9910476,-1.5390924939235855,-2.3953476,-1.5701573929401378,5.2291970802919705,3.7985401459854016,0.9138686131386862,0.23809920326068093,False
92: tech hardware cap 3,selection,373,2.7547960369113236,1.6275022,41.235912,-0.16196877,-1359.9515,41,1.0,-0.5946358,-0.6590977354880594,-2.7391422,-1.1975854061375981,-0.5946358,-0.6590977354880594,5.115281501340482,3.9249329758713136,0.7882037533512064,0.22425933844700977,False
92: tech hardware cap 3,holdout,312,2.889544054848637,2.0418196,47.657272,-0.2192049,-902.33673,44,1.0,-1.3339096,-0.7906255744033454,-0.0779917,-0.04064690116515542,-1.3339096,-0.7906255744033454,5.227564102564102,3.8076923076923075,1.4230769230769231,0.2579635689827346,False
92: tech hardware cap 3,2024-26,685,2.8179810067121314,1.8087089,44.160683,-0.21920496,-1359.9515,85,1.0,-0.9313562,-1.0218393503271836,-1.5270561,-1.0038029116626759,-0.9313562,-1.0218393503271836,5.166423357664233,3.8715328467153283,1.0773722627737226,0.23961075439904797,False
92: tech hardware cap 2 + industry cap 3,selection,373,2.8881801156176348,1.7295039,42.675926,-0.16330916,-1359.9515,42,1.0,0.8453758,0.3497570690754566,-1.2991309,-1.1070370909623377,0.8453758,0.3497570690754566,5.195710455764075,3.777479892761394,0.7211796246648794,0.2208895827380425,False
92: tech hardware cap 2 + industry cap 3,holdout,312,2.7249410014822537,1.7863419,44.02129,-0.21864843,-902.33673,42,1.0,-4.9698906,-1.5524157427997316,-3.7139716,-1.301094005344524,-4.9698906,-1.5524157427997316,5.410256410256411,3.5608974358974357,1.185897435897436,0.24990185138033785,False
92: tech hardware cap 2 + industry cap 3,2024-26,685,2.8094929332771588,1.7552469,43.288704,-0.21864837,-1359.9515,84,1.0,-1.8033295,-0.9172938426690953,-2.3990295,-1.65651713824488,-1.8033295,-0.9172938426690953,5.293430656934307,3.678832116788321,0.9328467153284672,0.23410392991526313,False
92: correlation cap 0.6,selection,373,2.709523236792996,1.5037577,39.120144,-0.13529825,-1352.9833,38,1.0,-2.7104096,-0.8418746679048599,-4.854916,-1.328359360106579,-2.7104096,-0.8418746679048599,5.281501340482574,3.806970509383378,0.8203753351206434,0.19180538395764346,False
92: correlation cap 0.6,holdout,312,2.6926932769582153,1.7377539,43.293823,-0.21363974,-860.71936,41,1.0,-5.6973557,-1.430216918477609,-4.441438,-1.1569574353623016,-5.6973557,-1.430216918477609,5.419871794871795,3.733974358974359,1.669871794871795,0.20759970633521,False
92: correlation cap 0.6,2024-26,685,2.699418590221591,1.607748,41.02115,-0.21364003,-1352.9833,79,1.0,-4.0708876,-1.6143193181146553,-4.666588,-1.7628144925485796,-4.0708876,-1.6143193181146553,5.344525547445255,3.7737226277372264,1.2072992700729928,0.19899929429603877,False
92: correlation cap 0.7,selection,373,2.954127499976133,1.8181679,43.9949,-0.13667727,-1352.9833,37,1.0,2.164352,1.2046509358437334,0.019845909,0.007809525995438151,2.164352,1.2046509358437334,5.168900804289544,3.903485254691689,0.8471849865951743,0.21067941886232522,False
92: correlation cap 0.7,holdout,312,2.820411070485993,1.9137745,45.849415,-0.22060788,-902.33673,42,1.0,-3.1417613,-1.2141437371244808,-1.885844,-0.7278571936833775,-3.1417613,-1.2141437371244808,5.237179487179487,3.9358974358974357,1.8173076923076923,0.23141675361660105,False
92: correlation cap 0.7,2024-26,685,2.8896691890583495,1.8613188,44.839592,-0.220608,-1352.9833,79,1.0,-0.2524473,-0.16457903533240945,-0.84814703,-0.46660454038098875,-0.2524473,-0.16457903533240945,5.2,3.9182481751824816,1.289051094890511,0.22012474505697346,False
