k,group,n,night_bps,intra_bps,night_abs_bps
-10,all,62714,-0.6359762,3.2340705,68.21966
-10,surprise_pos,38534,-1.1732373,5.0055428,63.398693
-10,surprise_neg,15758,0.40454662,-3.7003074,73.68395
-10,BMO,29419,-1.734696,2.2818775,66.1149
-10,AMC,33295,0.33483723,4.0754156,70.0794
-10,L,21828,-0.32743445,2.9135973,71.55232
-10,M,27634,-0.82628626,4.5258317,64.005714
-10,S,13252,-0.7473424,1.068266,71.51749
-9,all,62714,0.7649814,7.0357184,67.53619
-9,surprise_pos,38534,0.62384886,7.807053,62.040504
-9,surprise_neg,15758,-1.0621088,3.9340098,74.77061
-9,BMO,29419,-0.26908055,7.1588,65.63108
-9,AMC,33295,1.6786642,6.9269643,69.219505
-9,L,21828,-1.6802273,6.854933,68.73661
-9,M,27634,1.3544458,6.829544,63.596096
-9,S,13252,3.5634081,7.763429,73.77505
-8,all,62714,0.08811596,2.273706,66.492455
-8,surprise_pos,38534,-0.35026228,4.140479,61.892628
-8,surprise_neg,15758,0.5925982,-3.35177,72.05719
-8,BMO,29419,0.077387385,4.004632,65.01047
-8,AMC,33295,0.0975953,0.7442824,67.80192
-8,L,21828,-1.0513667,0.19758411,68.10706
-8,M,27634,0.092027985,1.62906,62.676167
-8,S,13252,1.956854,7.0376425,71.79098
-7,all,62714,-1.0702801,2.2777157,66.61177
-7,surprise_pos,38534,-1.845733,4.1037974,61.770947
-7,surprise_neg,15758,-0.71047825,-0.97654223,71.96052
-7,BMO,29419,-0.93375283,3.6170766,64.14828
-7,AMC,33295,-1.1909138,1.0942746,68.78846
-7,L,21828,-1.2817993,2.3727994,68.13344
-7,M,27634,-2.579577,2.9030113,62.996334
-7,S,13252,2.425415,0.81718886,71.64448
-6,all,62714,-1.6782537,1.9012122,68.012596
-6,surprise_pos,38534,-2.3276865,3.1052973,63.115124
-6,surprise_neg,15758,-0.059012078,0.45894244,73.115135
-6,BMO,29419,-2.1149702,4.2415833,65.28723
-6,AMC,33295,-1.2923765,-0.16670763,70.4207
-6,L,21828,-0.067386374,2.9102771,70.22127
-6,M,27634,-3.7806647,0.7930079,64.338806
-6,S,13252,0.05250507,2.5500379,72.03544
-5,all,62714,3.5550516,7.5783744,74.21005
-5,surprise_pos,38534,-1.1659387,9.687965,64.650475
-5,surprise_neg,15758,0.049629055,1.5938783,76.51007
-5,BMO,29419,-2.1592643,8.111482,66.79696
-5,AMC,33295,8.604142,7.107329,80.76015
-5,L,21828,-0.52488345,8.2644415,71.51978
-5,M,27634,-1.3601266,6.2866154,66.09743
-5,S,13252,20.524784,9.141988,95.55834
-4,all,62714,-0.62075114,4.990637,68.61532
-4,surprise_pos,38534,-1.6687449,7.3698745,63.196194
-4,surprise_neg,15758,0.101919785,-1.0299813,76.31122
-4,BMO,29419,-1.1057639,6.5226927,65.81286
-4,AMC,33295,-0.19219999,3.636933,71.09153
-4,L,21828,0.12338943,4.490463,70.722305
-4,M,27634,-1.6765083,5.930629,64.64968
-4,S,13252,0.35507888,3.854359,73.4142
-3,all,62714,-1.8740813,4.418332,70.1365
-3,surprise_pos,38534,-2.2615001,9.283135,64.70852
-3,surprise_neg,15758,-2.6002696,-3.289139,76.90145
-3,BMO,29419,-1.8403035,5.2760167,66.98803
-3,AMC,33295,-1.9039261,3.6604939,72.91844
-3,L,21828,-1.214199,3.2483199,71.512184
-3,M,27634,-3.7091546,7.3005834,66.79196
-3,S,13252,0.86562043,0.33524212,74.844795
-2,all,62714,0.35198164,3.500346,71.14333
-2,surprise_pos,38534,-0.58508474,5.9700794,66.49716
-2,surprise_neg,15758,1.8143517,-0.8950088,77.237946
-2,BMO,29419,-0.97438437,2.622697,67.953926
-2,AMC,33295,1.5239403,4.2758245,73.96145
-2,L,21828,-0.52273256,5.945182,72.04986
-2,M,27634,-0.26402783,2.1617405,68.07325
-2,S,13252,3.0773118,2.2646925,76.05211
-1,all,62714,0.90975004,3.0356317,75.61586
-1,surprise_pos,38534,-0.45709735,9.763274,70.1402
-1,surprise_neg,15758,3.4804442,-11.013024,84.46592
-1,BMO,29419,-0.36176378,5.616304,70.39058
-1,AMC,33295,2.033242,0.755386,80.232864
-1,L,21828,-0.105806,4.7092657,77.43697
-1,M,27634,-0.44282562,2.2325842,72.130684
-1,S,13252,5.4030056,1.9534801,79.88377
0,all,62714,10.914877,-0.37138656,451.42682
0,surprise_pos,38534,138.6484,11.209627,431.2037
0,surprise_neg,15758,-281.9854,-22.08638,511.13687
0,BMO,29419,12.952339,1.3703307,393.8744
0,AMC,33295,9.114604,-1.9103441,502.27936
0,L,21828,1.5313177,2.2258537,414.63324
0,M,27634,18.239513,0.22082242,462.4699
0,S,13252,11.097149,-5.884336,489.00357
1,all,62714,1.049372,-2.9607213,111.57433
1,surprise_pos,38534,7.5345464,-7.553284,107.54375
1,surprise_neg,15758,-12.38652,7.1079783,118.360565
1,BMO,29419,3.903666,-7.1740937,128.77147
1,AMC,33295,-1.4726428,0.7621574,96.37917
1,L,21828,-2.362241,-0.9510774,112.755516
1,M,27634,2.2891262,-4.73691,106.446556
1,S,13252,4.08358,-2.5670655,120.32154
2,all,62714,-6.3395405,2.7097418,80.95848
2,surprise_pos,38534,-5.517385,2.6028223,75.238365
2,surprise_neg,15758,-9.426212,5.2129273,90.020256
2,BMO,29419,-5.8293,-0.2331027,78.72359
2,AMC,33295,-6.7903833,5.309999,82.933205
2,L,21828,-5.358514,2.7576323,77.57068
2,M,27634,-7.8272843,3.8886569,79.662605
2,S,13252,-4.853091,0.17250466,89.240974
3,all,62714,-1.8567643,4.11251,74.70285
3,surprise_pos,38534,-2.8475957,6.6496806,69.53751
3,surprise_neg,15758,0.13739903,1.2395023,83.50367
3,BMO,29419,-1.5026324,5.4523277,71.2297
3,AMC,33295,-2.1696708,2.9286659,77.771675
3,L,21828,-3.6926513,9.384298,73.2039
3,M,27634,-2.03173,2.3087716,72.40982
3,S,13252,1.5320617,-0.8096225,81.95342
4,all,62714,-1.0137051,0.86876696,74.3968
4,surprise_pos,38534,-3.4940174,3.0718584,68.32759
4,surprise_neg,15758,4.4426603,-0.13489985,85.29708
4,BMO,29419,-2.3490245,1.2333667,70.4881
4,AMC,33295,0.16616468,0.54661214,77.850464
4,L,21828,-3.3227215,3.2161212,71.96057
4,M,27634,-1.1955944,1.3319932,72.62092
4,S,13252,3.1688743,-3.963622,82.11282
5,all,62714,-0.73990226,2.500944,72.039665
5,surprise_pos,38534,-2.0074544,3.9668224,66.626236
5,surprise_neg,15758,1.591136,-2.0036886,79.70355
5,BMO,29419,-0.34528348,3.5124855,69.44666
5,AMC,33295,-1.088582,1.6071608,74.330795
5,L,21828,-4.220707,6.739144,69.51727
5,M,27634,-0.76350504,2.7831793,70.223816
5,S,13252,5.0427146,-5.0685334,79.98094
6,all,62714,-2.4645097,2.1341684,71.59042
6,surprise_pos,38534,-3.8421123,3.8810086,65.77203
6,surprise_neg,15758,-0.13599482,0.19709219,80.47659
6,BMO,29419,-2.0041573,1.8702137,68.25108
6,AMC,33295,-2.871271,2.3673952,74.54101
6,L,21828,-4.9001794,5.7487144,69.1464
6,M,27634,-2.0013175,4.144456,70.01909
6,S,13252,0.5815172,-8.011515,78.892715
7,all,62714,-1.9557185,2.232951,71.57986
7,surprise_pos,38534,-2.6441543,3.6543646,66.292015
7,surprise_neg,15758,0.49321628,0.18262117,79.03241
7,BMO,29419,-2.452479,2.381189,68.57778
7,AMC,33295,-1.5167879,2.10197,74.23246
7,L,21828,-2.9271972,2.3790345,70.7018
7,M,27634,-1.9410666,3.156356,69.63569
7,S,13252,-0.38610238,0.06678041,77.08028
8,all,62714,-0.23877543,1.9811897,69.74923
8,surprise_pos,38534,-1.3249245,3.7437189,65.341
8,surprise_neg,15758,1.9655598,-1.6554906,76.651436
8,BMO,29419,-0.41392443,1.5965703,67.733986
8,AMC,33295,-0.08401643,2.3210342,71.52988
8,L,21828,-2.090005,2.4351883,68.46385
8,M,27634,-0.6136421,3.7446423,68.32158
8,S,13252,3.59217,-2.4438858,74.843445
9,all,62714,-0.26517218,0.8201934,70.0953
9,surprise_pos,38534,-2.815706,2.8190887,64.27471
9,surprise_neg,15758,5.686779,-1.6995853,79.62117
9,BMO,29419,0.13785003,2.202966,67.74962
9,AMC,33295,-0.6212772,-0.40160513,72.1679
9,L,21828,-2.492995,3.4388585,67.443924
9,M,27634,-1.391789,0.3155062,68.089806
9,S,13252,5.753681,-2.4407265,78.644485
10,all,62714,-0.56399125,2.8254855,66.38899
10,surprise_pos,38534,-0.8795088,3.4658005,62.06468
10,surprise_neg,15758,-0.1758421,0.7313033,72.01918
10,BMO,29419,0.69216555,3.0839047,64.505295
10,AMC,33295,-1.6739136,2.5971494,68.053406
10,L,21828,-0.8489796,5.691937,66.1096
10,M,27634,-1.1105922,3.0233173,63.596684
10,S,13252,1.0452375,-2.3085186,72.67191
