study,variant,period,days,names_per_day,net_bp_day,per_name_net_bp,sharpe,tstat,maxdd,worst_day_bp,hit,gross_bp,cost_bp,drift_after_open_bp,spy_drift_bp
87,long sell at open_auction,2024-25H1,373,9.983914209115282,43.03723938582744,43.106579728554344,2.920889728518643,3.5536062661528107,-0.16202248547708353,-1108.766271820059,0.6085790884718498,52.987708601096266,9.881128872073006,0.0,
87,long sell at open_auction,2025H2-26,312,9.990384615384615,49.23636250112814,49.28375072297716,2.9280249518488675,3.2580054012414568,-0.20258502469502515,-902.4382632342167,0.6185897435897436,58.664187698131734,9.380436977208735,0.0,
87,long sell at open_auction,all,685,9.986861313868614,45.8607815930885,45.921115905957635,2.9199697661947837,4.814191592338746,-0.2025850246950247,-1108.766271820059,0.6131386861313869,55.57411195520524,9.6529960499283,0.0,
87,long sell at 09:31,2024-25H1,373,9.983914209115282,-31.931879612637797,-31.983327324151176,-2.0807923531590777,-2.531528894279432,-0.7588772093714746,-1418.3470475592276,0.3967828418230563,37.9229125032433,69.9062398459165,-14.716332166113297,-0.4179879750908381
87,long sell at 09:31,2025H2-26,312,9.990384615384615,-27.330407994890756,-27.356712526165914,-1.6221376692832519,-1.8049481732541086,-0.6739670947881392,-981.87264997602,0.47435897435897434,35.31457369413992,62.67128625093162,-22.65428684153991,-0.40929993518034974
87,long sell at 09:31,all,685,9.986861313868614,-29.836026846598273,-29.875279038035096,-1.860509564137399,-3.0674459731849852,-0.8962809559285447,-1418.3470475592276,0.4321167883211679,36.73446168202196,66.60974074409398,-18.333143264389104,-0.41403632233108295
87,long sell at 09:31 [auction cost on all legs],2024-25H1,373,9.983914209115282,27.996676203949587,28.041783630701378,1.8173450900550105,2.2110142799046475,-0.17755393892935944,-1353.5486115480396,0.5630026809651475,37.9229125032433,,,
87,long sell at 09:31 [auction cost on all legs],2025H2-26,312,9.990384615384615,25.90920004906326,25.93413671898536,1.5516495953637364,1.7265162850941806,-0.21596966744301305,-937.9609105197854,0.5705128205128205,35.31457369413992,,,
87,long sell at 09:31 [auction cost on all legs],all,685,9.986861313868614,27.04588414508165,27.081465632774346,1.6908741753215082,2.7877659326396276,-0.21596966744301294,-1353.5486115480396,0.5664233576642336,36.73446168202196,,,
87,long sell at 09:35,2024-25H1,373,9.983914209115282,-36.5047134182745,-36.56352874601607,-2.2016529120227673,-2.6785699945015065,-0.7894183891912845,-1386.9615875219274,0.4128686327077748,20.620685306762773,57.18421412772668,-32.10599718605527,-0.3798872584559095
87,long sell at 09:35,2025H2-26,312,9.990384615384615,-28.7301353754269,-28.757787093786316,-1.6547240940769763,-1.8412069995042284,-0.6469317276232265,-921.3349169541123,0.4358974358974359,22.369031161462246,51.12681823956218,-34.947047892645436,0.4425814652849633
87,long sell at 09:35,all,685,9.986861313868614,-32.96359174036435,-33.0069585472147,-1.9469975886216222,-3.2100398880708014,-0.9182073744088345,-1386.9615875219274,0.4233576642335766,21.417293116892616,54.424251697759026,-33.40047972551463,-0.005797033794382414
87,long sell at 09:35 [auction cost on all legs],2024-25H1,373,9.983914209115282,10.722281008321305,10.739556434220857,0.6459476889833511,0.7858714188235785,-0.4093903799309224,-1336.52090786838,0.5227882037533512,20.620685306762773,,,
87,long sell at 09:35 [auction cost on all legs],2025H2-26,312,9.990384615384615,12.976105153436231,12.988594186307683,0.7512464620555671,0.8359098953357916,-0.23459243968026144,-887.0319655644214,0.5192307692307693,22.369031161462246,,,
87,long sell at 09:35 [auction cost on all legs],all,685,9.986861313868614,11.748840326972193,11.76429706764501,0.6953182012743773,1.146380033563646,-0.4093903799309224,-1336.52090786838,0.5211678832116788,21.417293116892616,,,
87,long sell at 09:45,2024-25H1,373,9.983914209115282,-31.335943777036295,-31.38643133414216,-1.773545078052008,-2.1577264082018095,-0.7680164675555488,-1378.4383072435423,0.4316353887399464,21.96451712493237,53.350948489163066,-31.482204645239364,-0.7585124797902993
87,long sell at 09:45,2025H2-26,312,9.990384615384615,-25.95182873156611,-25.976806430056545,-1.4493609121817395,-1.6126999454887445,-0.6092555955917176,-909.8721729674731,0.47435897435897434,21.66278076381556,47.63958719611301,-34.22062577543596,-0.4318739234499506
87,long sell at 09:45,all,685,9.986861313868614,-28.883616924209,-28.921616127880668,-1.6258971211614648,-2.6806374303332947,-0.8984335080394192,-1378.4383072435423,0.4510948905109489,21.8270354354716,50.74865158075245,-32.729925543181594,-0.6099447745422444
87,long sell at 09:45 [auction cost on all legs],2024-25H1,373,9.983914209115282,12.063951166729767,12.083388252390446,0.6826401154576808,0.8305120758694226,-0.4142644643536746,-1332.3166639694512,0.4959785522788204,21.96451712493237,,,
87,long sell at 09:45 [auction cost on all legs],2025H2-26,312,9.990384615384615,12.270533842710359,12.282343788660992,0.6882343525966836,0.7657964925005357,-0.23938491405977247,-878.4596941109636,0.5512820512820513,21.66278076381556,,,
87,long sell at 09:45 [auction cost on all legs],all,685,9.986861313868614,12.158044297979323,12.174039386223992,0.6856959404911299,1.130515688837102,-0.4142644643536746,-1332.3166639694512,0.5211678832116788,21.8270354354716,,,
87,long sell at 10:00,2024-25H1,373,9.983914209115282,-32.3878466806206,-32.440029032952424,-1.743985109998605,-2.1217632266149704,-0.7691164958465395,-1219.67263380939,0.41823056300268097,15.76788968023135,48.20791873920841,-37.70067547712654,-0.496379767017385
87,long sell at 10:00,2025H2-26,312,9.990384615384615,-16.442773318446697,-16.45859889430661,-0.8581378353324216,-0.9548476356928908,-0.5811454885566608,-960.2502471727394,0.5,26.500070720754287,42.95866962477152,-29.882906439972782,0.7745914225951245
87,long sell at 10:00,all,685,9.986861313868614,-25.125273120039203,-25.158327857370058,-1.3339737538760184,-2.199339631752231,-0.8723825939682669,-1219.67263380939,0.4554744525547445,20.657848502524875,45.81617637848632,-34.138625179098725,0.08170652871180062
87,long sell at 10:00 [auction cost on all legs],2024-25H1,373,9.983914209115282,5.877291487355343,5.8867608076894316,0.3162708293507377,0.3847807022664034,-0.4520985828016849,-1179.144505885782,0.4932975871313673,15.76788968023135,,,
87,long sell at 10:00 [auction cost on all legs],2025H2-26,312,9.990384615384615,17.103172559305875,17.11963374559972,0.8971013162088689,0.9982021949040331,-0.3275654191885835,-932.7198012517375,0.5288461538461539,26.500070720754287,,,
87,long sell at 10:00 [auction cost on all legs],all,685,9.986861313868614,10.990393523046682,11.004852453277266,0.584795057334527,0.9641591090615876,-0.4520985828016849,-1179.144505885782,0.5094890510948905,20.657848502524875,,,
87,long sell at paper_0930_34,2024-25H1,373,9.983914209115282,-41.670179630451536,-41.73731740644045,-2.6387771240251348,-3.2103830662830717,-0.822716008600737,-1410.9904091892545,0.3941018766756032,28.168922420954026,69.9062398459165,-24.392436485089238,
87,long sell at paper_0930_34,2025H2-26,312,9.987179487179487,-35.79371444134373,-35.83966272689103,-2.103325781072918,-2.340364876665053,-0.7147550240018185,-946.2583556607049,0.44871794871794873,26.751207690445774,62.59087045040084,-30.961916166684578,
87,long sell at paper_0930_34,all,685,9.985401459854014,-38.99359986548565,-39.050608052423485,-2.3848868605939937,-3.9319935452320927,-0.9450687624895142,-1410.9904091892545,0.41897810218978104,27.523074599278043,66.57368267684826,-27.385199451149337,
87,long sell at paper_0930_34 [auction cost on all legs],2024-25H1,373,9.983914209115282,18.25837618613584,18.287793548412104,1.1545764416722364,1.4046781834382034,-0.2686298966888476,-1346.1919731780667,0.5254691689008043,28.168922420954026,,,
87,long sell at paper_0930_34 [auction cost on all legs],2025H2-26,312,9.987179487179487,17.350962517610302,17.373235896965387,1.027785252459563,1.1436138553789237,-0.2233931678283987,-889.714308011901,0.5480769230769231,26.751207690445774,,,
87,long sell at paper_0930_34 [auction cost on all legs],all,685,9.985401459854014,17.84507244222348,17.87116172941971,1.0949920697732165,1.8053274650338187,-0.2686298966888476,-1346.1919731780667,0.5357664233576642,27.523074599278043,,,
87,"study33 repro: sell at open_auction, all pairs",2024-25H1,373,10.0,42.23177957761442,42.23177957761441,2.821833552505562,3.4330927649602323,-0.1620224886145485,-1360.5262823402884,0.6085790884718498,52.11945145762957,,,
87,"study33 repro: sell at open_auction, all pairs",2025H2-26,312,9.996794871794872,49.258763816070335,49.27455694329576,2.928465424587629,3.2584955140600242,-0.20258502368087894,-902.4382494390011,0.6185897435897436,58.65728331514183,,,
87,"study33 repro: sell at open_auction, all pairs",all,685,9.998540145985402,45.43239137673595,45.43902481101492,2.8704777416368104,4.7325934568808865,-0.20258502368087916,-1360.5262823402884,0.6131386861313869,55.09674705750996,,,
87,"combined long + 2.5% etb day short, backtest auctions",2024-25H1,373,9.983914209115282,49.53578182283275,49.6155924272734,3.1521078605617237,3.8349103478694286,-0.18518938708783095,-1119.5880994200706,0.6032171581769437,,,,
87,"combined long + 2.5% etb day short, backtest auctions",2025H2-26,312,9.990384615384615,54.440261695792564,54.49265848279526,3.06316172991464,3.4083717266946083,-0.2162324876804591,-1066.4824414998293,0.6185897435897436,,,,
87,"combined long + 2.5% etb day short, backtest auctions",all,685,9.986861313868614,51.76964710803489,51.83775510744612,3.1051894031255527,5.119565582566788,-0.216232487680459,-1119.5880994200706,0.6102189781021898,,,,
87,"combined long + 2.5% etb day short, paper timing",2024-25H1,373,9.983914209115282,-53.266014150469154,-53.35183479625401,-3.2420557727072774,-3.9443425736419195,-0.8810034020648918,-1263.1148415761484,0.38605898123324395,,,,
87,"combined long + 2.5% etb day short, paper timing",2025H2-26,312,9.987179487179487,-45.16356905803893,-45.221545398293145,-2.5458302248345785,-2.8327383678603733,-0.7868133712357995,-1091.1291450484584,0.4326923076923077,,,,
87,"combined long + 2.5% etb day short, paper timing",all,685,9.985401459854014,-49.57555740763962,-49.6480362927385,-2.9113491221783256,-4.799978626017982,-0.9740342040864495,-1263.1148415761484,0.4072992700729927,,,,
