rule,period,n_trades,sharpe,ann_ret,alpha,beta,maxdd,invested,note
sp_add_ann0_to_eff-1,2020-23,52,-0.030275513872966058,-0.0011803652324023917,-0.0029411437531263445,0.01526612990010928,-0.08122947840513561,0.12226640159045726,
sp_add_ann0_to_eff-1,val,18,0.5026822993493331,0.013951687237729882,0.009078231801320159,0.02523376897137354,-0.018075611083333998,0.13101604278074866,
sp_add_ann0_to_eff-1,oos,23,0.775626611213378,0.043557046294298685,0.02033097690506366,0.12102465044122733,-0.04209144523006547,0.1762820512820513,
sp_add_ann0_night,2020-23,56,0.5353359586811174,0.0033457391288873595,0.00305738131088459,0.0021734273648913558,-0.010070312981144025,0.039761431411530816,
sp_add_ann0_night,val,18,-0.9627526107395911,-0.003861986145398344,-0.004053314583151054,0.0009352220381149372,-0.0065475076351271255,0.02406417112299465,
sp_add_ann0_night,oos,23,1.2445105878802942,0.013629914306179325,0.012784364342709003,0.0041125504347682895,-0.003538161812261631,0.04487179487179487,
sp_add_eff-1_night,2020-23,60,-1.0372034343200955,-0.007471098041741064,-0.007731804254530465,0.0018596515491310086,-0.034686816525641095,0.042743538767395624,
sp_add_eff-1_night,val,18,0.2145418616408342,0.0011586716191236412,0.0007866577313746316,0.0018820435807177943,-0.003502262687851143,0.0213903743315508,
sp_add_eff-1_night,oos,23,1.2691921179937935,0.010361099893490655,0.009214936637045633,0.005695388389363503,-0.0029012823060526882,0.04487179487179487,
sp_del_mcap_eff-1_night,2020-23,28,-0.7582626892546507,-0.0052453368590196225,-0.005668448910119614,0.003113376514702333,-0.028557928972577584,0.015904572564612324,
sp_del_mcap_eff-1_night,val,16,0.9985401489419607,0.0023057849007215303,0.0020766082137580553,0.0011168044190758603,-0.0008601139815902492,0.01871657754010695,
sp_del_mcap_eff-1_night,oos,19,0.11404524093824936,0.0004959712697549801,0.0002059125577567214,0.0015160173658572318,-0.005577124648100895,0.028846153846153848,
sp_del_mcap_eff-1_hold5,2020-23,28,-0.189134180874469,-0.004776199810483495,-0.007496717933349273,0.0215039540098904,-0.062042311403925576,0.07952286282306163,
sp_del_mcap_eff-1_hold5,val,16,0.6902656439712902,0.014238038553718635,0.012878518398044379,0.007184243263556249,-0.011999248545123686,0.09358288770053476,
sp_del_mcap_eff-1_hold5,oos,19,-0.9059911138820869,-0.029878246265489405,-0.03506203907739585,0.026676110569269898,-0.04943004078416302,0.1346153846153846,
sp_del_mcap_eff-1_hold10,2020-23,28,0.3493358768520498,0.01133846449276743,0.00722309839787287,0.03324034518080443,-0.056439096300351044,0.15606361829025844,
sp_del_mcap_eff-1_hold10,val,16,-0.4898446762063629,-0.024803903332890953,-0.04324534080005354,0.09420918309271657,-0.0690850618495149,0.17914438502673796,
sp_del_mcap_eff-1_hold10,oos,16,0.024611126941361215,0.00018597993545754754,-0.00535066181291696,0.03201158398239144,-0.031248438206859963,0.21794871794871795,
sp_del_mcap_ann0_to_eff+4,2020-23,26,-0.5433788306569608,-0.019806678088460927,-0.024782693992541086,0.03890497146397102,-0.15092289247800506,0.15208747514910537,
sp_del_mcap_ann0_to_eff+4,val,16,0.1339185285110066,0.004019369913642601,-6.705704524940773e-06,0.022436338557315916,-0.0306958810959993,0.2192513368983957,
sp_del_mcap_ann0_to_eff+4,oos,17,-0.7276681888422798,-0.027906603743334202,-0.033050409193842396,0.0276385090659438,-0.047485134016496455,0.25961538461538464,
russell_IWM_close-5_to_close0,2020-23,4,0.8469823218858058,0.028714475885229573,0.026246628330705544,0.019017116346940307,-0.04463909071698835,0.019880715705765408,"100% IWM, one event per year"
russell_IWM_close-5_to_close0,val,2,1.155127440725076,0.027744357307417866,0.02627770205946838,0.006697082242507133,-0.011656662447030008,0.026737967914438502,"100% IWM, one event per year"
russell_IWM_close-5_to_close0,oos,1,0.7778976182104415,0.010952538778879806,0.0100217354730389,0.004910923032664579,-0.009591378010869844,0.016025641025641024,"100% IWM, one event per year"
russell_IWM_close0_to_close5,2020-23,4,0.13815275459702478,0.003468655646787999,0.0028979549794460784,0.006826157055177697,-0.05899123723486632,0.019880715705765408,"100% IWM, one event per year"
russell_IWM_close0_to_close5,val,2,-0.172785605037923,-0.0018269268041504194,-0.0017385178750701756,-0.0001817528242286985,-0.010335458621616112,0.016042780748663103,"100% IWM, one event per year"
russell_IWM_close0_to_close5,oos,1,0.4750167633737871,0.011242533744021843,0.008609109753895637,0.01447227008130068,-0.023158313066251046,0.028846153846153848,"100% IWM, one event per year"
russell_IWM_close0_to_close10,2020-23,4,0.07161080134004216,0.0021048008517829953,0.0007799640561179615,0.015558665139175702,-0.09203364671648173,0.039761431411530816,"100% IWM, one event per year"
russell_IWM_close0_to_close10,val,2,1.260413480754709,0.04717346969404024,0.0474640341170144,-0.0033642671235256418,-0.010335458621616112,0.029411764705882353,"100% IWM, one event per year"
russell_IWM_close0_to_close10,oos,1,0.27146424314124007,0.009062312674404494,0.002879333475301353,0.03425304252206997,-0.029298220653849683,0.060897435897435896,"100% IWM, one event per year"
exdiv_y>1%_night,2020-23,4683,0.2244084633879284,0.02196996923104577,-0.019339851043018306,0.3740840658012746,-0.3235417541253759,0.9145129224652088,
exdiv_y>1%_night,val,2076,1.8363876467302926,0.1416050182445059,0.10444439388430822,0.1497679234005861,-0.050675944812879736,0.983957219251337,
exdiv_y>1%_night,oos,1683,-0.20944822815705247,-0.011566726224697343,-0.030374305019355015,0.101006419250302,-0.07358056304242344,0.9743589743589743,
exdiv_y>1%_close-1_to_close0,2020-23,4683,-1.4528126475590022,-0.31618518732284107,-0.44320053956278765,0.6689278546835552,-0.7947810916011327,0.9145129224652088,
exdiv_y>1%_close-1_to_close0,val,2076,-1.213687527816527,-0.1364965341450204,-0.2180140469379749,0.3798435759582195,-0.19918010666713792,0.983957219251337,
exdiv_y>1%_close-1_to_close0,oos,1683,-0.11545432573119752,-0.015200123687563072,-0.06128202832555091,0.2548830158026362,-0.11638311001475854,0.9743589743589743,
exdiv_y>1%_close-6_to_close-1,2020-23,1881,0.37558326956097304,0.0720837914249195,-0.009473075689062216,0.969278573068265,-0.5655685371642172,1.0,
exdiv_y>1%_close-6_to_close-1,val,733,0.5620048439715254,0.09107761764234135,-0.03693822644356812,0.6889473734039169,-0.22322186235089103,1.0,
exdiv_y>1%_close-6_to_close-1,oos,594,0.3795011670169419,0.04724237961702116,-0.05225135868666245,0.5560177029786447,-0.10755183590499251,0.9967948717948718,
exdiv_y>1%_adv>20M_night,2020-23,2238,0.42751252811022233,0.03565409843881273,0.00972972882991136,0.212548778829887,-0.2134490429092859,0.742544731610338,
exdiv_y>1%_adv>20M_night,val,1032,0.8579787476859635,0.040631253990051075,0.024792142374539625,0.07883746057267069,-0.06263123959460415,0.8315508021390374,
exdiv_y>1%_adv>20M_night,oos,859,0.07076566062311103,0.0018380814155041225,-0.010357919246381157,0.06460952543579113,-0.05307994798475579,0.842948717948718,
exdiv_y>1%_close0_to_close5,2020-23,1882,-0.44460134345747826,-0.20926000227959363,-0.3139304771716281,1.062341565446403,-0.6598642449580523,1.0,
exdiv_y>1%_close0_to_close5,val,735,-0.6914809224791707,-0.13598451775928933,-0.2629815016595831,0.6539011199361093,-0.3155570431855187,1.0,
exdiv_y>1%_close0_to_close5,oos,593,-0.34445228710140674,-0.05996751808354617,-0.14798517545708306,0.4908596079699758,-0.18363222333229268,1.0,
split_fwd_close-6_to_close-1,2020-23,95,0.18855976059067336,0.006557239142746418,-0.0010428961048496285,0.059818857256349514,-0.09104155763649513,0.36182902584493043,
split_fwd_close-6_to_close-1,val,48,0.16435668039310153,0.010103841538985359,0.003564839694150471,0.04664099588798644,-0.05908277768307846,0.4117647058823529,
split_fwd_close-6_to_close-1,oos,36,-0.5403450439455819,-0.023128400798706927,-0.036669258383396804,0.07149816878909884,-0.04056980278112088,0.3557692307692308,
split_fwd_close-1_to_close+9,2020-23,96,0.5691475868223556,0.039181814029860096,0.02558395710073143,0.1109528604332532,-0.14654166308851668,0.584493041749503,
split_fwd_close-1_to_close+9,val,49,0.6953056885184707,0.16048021186804395,0.13978323078495286,0.18214958191437786,-0.1096652591582582,0.56951871657754,
split_fwd_close-1_to_close+9,oos,34,2.8432058688946924,0.3018758840219642,0.23961257695295857,0.14534671784013395,-0.04085101750579179,0.6153846153846154,
split_fwd_close-1_night,2020-23,96,1.3949126897803863,0.03741863106798626,0.03620936198281416,0.006300035597830448,-0.011005041876289812,0.0874751491053678,
split_fwd_close-1_night,val,49,1.5826054765190107,0.10618010409800394,0.10195962469626745,0.0049175297567405594,-0.003623071879029549,0.12032085561497326,
split_fwd_close-1_night,oos,34,1.4118820681549316,0.02331354716952272,0.02429497820651539,-0.005636781611627481,-0.0025822805769424306,0.09294871794871795,
split_fwd_close-1_night_cleanratio_adv>20M,2020-23,59,1.0150393415198493,0.010584962230238748,0.009977462391934621,0.004355733702139631,-0.0074341546990417395,0.05467196819085487,
split_fwd_close-1_night_cleanratio_adv>20M,val,33,1.4485395184447687,0.008269834050400826,0.007486051887715217,0.003732940463413053,-0.0019559123042289794,0.08288770053475936,
split_fwd_close-1_night_cleanratio_adv>20M,oos,22,0.22056479170920168,0.0011720827142147616,0.0005742219982637839,0.0030932405178096573,-0.0026775234422958816,0.07051282051282051,
split_rev_close0_to_close+9(long),2020-23,100,-1.3445652832638153,-0.1990159173573176,-0.22114532848640084,0.08176464168258499,-0.6446084643110154,0.5268389662027833,
split_rev_close0_to_close+9(long),val,12,0.07112337073721572,0.002538076479766893,0.011522996247686552,-0.033270973149984416,-0.07415336274781115,0.24866310160427807,
split_rev_close0_to_close+9(long),oos,17,-1.2602356462206599,-0.07956976888288891,-0.09533760211079093,0.07329172728613138,-0.1103332792924715,0.4198717948717949,
opex_SPY_night_into_opex,2020-23,48,0.01935908782932192,0.00018521640695490227,-0.0002149748924916433,0.0045982019345010465,-0.03738203588698308,0.04771371769383698,100% ETF
opex_SPY_night_into_opex,val,18,-1.0088651715815917,-0.01500789661719315,-0.01607377485801198,0.005180634026043694,-0.030973103579357786,0.0481283422459893,100% ETF
opex_SPY_night_into_opex,oos,15,0.018043490038672505,0.00016232562582851884,-0.0048655415591989225,0.02636759177772477,-0.01226893671091378,0.04807692307692308,100% ETF
opex_SPY_night_into_quad,2020-23,16,-0.4558881294004687,-0.006327241516227766,-0.0061182872484868865,-0.0009703412981079055,-0.050675876957662847,0.015904572564612324,100% ETF
opex_SPY_night_into_quad,val,6,-1.3719121241854093,-0.014903432889293744,-0.014975147413761861,9.50011303732278e-05,-0.02571596539076837,0.016042780748663103,100% ETF
opex_SPY_night_into_quad,oos,5,0.9478699824752577,0.010095952536534725,0.008187329174959984,0.009682902747853547,-0.003028982262913038,0.016025641025641024,100% ETF
opex_SPY_night_after_opex,2020-23,48,-0.9128068620380634,-0.029390914772920773,-0.03222470058156258,0.02093783722674454,-0.11471096711119233,0.04771371769383698,100% ETF
opex_SPY_night_after_opex,val,18,0.3626595325908868,0.0067973132615954945,0.00411284194379069,0.013864301942915703,-0.021640972124245872,0.0481283422459893,100% ETF
opex_SPY_night_after_opex,oos,15,0.37504686982719304,0.007828567459309488,0.0006907524592047696,0.037103626287383056,-0.018496936518568985,0.04807692307692308,100% ETF
opex_IWM_night_into_opex,2020-23,48,0.2723201041877905,0.009013346258249344,0.008510068710966002,0.007731456170198627,-0.04597803701885794,0.04771371769383698,100% ETF
opex_IWM_night_into_opex,val,18,-0.7518839161516803,-0.015454091402464787,-0.015773075716535658,0.0019863521530103607,-0.03625012953579132,0.0481283422459893,100% ETF
opex_IWM_night_into_opex,oos,15,-0.014403991527616412,-0.0008348658820025445,-0.0073668475964279185,0.03515018165391173,-0.015802165866410145,0.04807692307692308,100% ETF
ml_overnight_k10_base,2020-23,0,,,,,,0.0,from results/final_series.parquet (2024+ only)
ml_overnight_k10_base,val,0,1.7800480895225264,0.7041919231414795,0.5613797722874857,0.13457211163838897,-0.18475419282913208,0.9973262032085561,from results/final_series.parquet (2024+ only)
ml_overnight_k10_base,oos,0,1.7806719864565825,0.7283868789672852,0.633683533424822,-0.14487883078411615,-0.23813199996948242,0.9967948717948718,from results/final_series.parquet (2024+ only)
ml_overnight_k10_skip_night_into_opex,2020-23,0,,,,,,0.0,from results/final_series.parquet (2024+ only)
ml_overnight_k10_skip_night_into_opex,val,0,1.7132132930889146,0.6560032367706299,0.5362481502119016,0.10939138601522796,-0.16691911220550537,0.9491978609625669,from results/final_series.parquet (2024+ only)
ml_overnight_k10_skip_night_into_opex,oos,0,1.8642130278068663,0.7577674388885498,0.6489327241051032,-0.14957711645928987,-0.21747523546218872,0.9487179487179487,from results/final_series.parquet (2024+ only)
