ticker,variant,period,n,ann_ret,ann_vol,sharpe,maxdd,hit,trades_day
SPY,gross,dev,1134,0.10729850155618914,0.07024068552116154,1.4862807161374485,-0.05977078543471159,0.2742504409171076,0.800705467372134
SPY,gross,val,374,0.03193643471102847,0.05960873726678332,0.5570030392528581,-0.030036050463409847,0.2807486631016043,0.839572192513369
SPY,gross,oos,312,-0.04202557116692218,0.04863823236582512,-0.8584680246145331,-0.06256341120665376,0.2564102564102564,0.8333333333333334
SPY,gross,post_pub,645,-0.004367354520346867,0.054950737524116854,-0.052330886706287646,-0.08825281022406728,0.2713178294573643,0.827906976744186
SPY,ret1x_0.5bp,dev,1134,0.08518218206234773,0.07030446197346239,1.1979267920774306,-0.06278487171389169,0.2654320987654321,0.800705467372134
SPY,ret1x_0.5bp,val,374,0.010325654853181376,0.05975146572235601,0.2015854912790846,-0.03810226449196741,0.2727272727272727,0.839572192513369
SPY,ret1x_0.5bp,oos,312,-0.06194997239868205,0.048907869176055115,-1.283113910236689,-0.08530153354471903,0.23717948717948717,0.8333333333333334
SPY,ret1x_0.5bp,post_pub,645,-0.02493617794193903,0.055143936780452756,-0.43048933427201147,-0.11398517177463696,0.25736434108527134,0.827906976744186
SPY,ret_long_0.5bp,dev,1134,0.05002291820479288,0.04325618892483405,1.150069563249609,-0.03922954040660642,0.15520282186948853,0.800705467372134
SPY,ret_long_0.5bp,val,374,-0.0008567753923484078,0.03984948471997883,-0.0017453932672503677,-0.047231656991188586,0.15240641711229946,0.839572192513369
SPY,ret_long_0.5bp,oos,312,-0.019474155863244857,0.02958705875371647,-0.649923145970591,-0.043219282774326406,0.14743589743589744,0.8333333333333334
SPY,ret_long_0.5bp,post_pub,645,-0.016396549220574874,0.03521949608139125,-0.4518807178798969,-0.06414374742435469,0.14728682170542637,0.827906976744186
SPY,ret1x,dev,1134,0.029709109422487945,0.07058291292765385,0.44993009017533764,-0.07231916815297867,0.24162257495590828,0.800705467372134
SPY,ret1x,val,374,-0.04378435760628108,0.06026824528559285,-0.7128752675243377,-0.09915795292986673,0.232620320855615,0.839572192513369
SPY,ret1x,oos,312,-0.11185003441544417,0.04976641903109947,-2.3581035072364114,-0.14375985306317118,0.21794871794871795,0.8333333333333334
SPY,ret1x,post_pub,645,-0.07646335073834953,0.05579033112236506,-1.3977931333476588,-0.2005320118114131,0.22635658914728682,0.827906976744186
SPY,ret_long,dev,1134,0.02100940707474641,0.043287105197112596,0.5018908976120079,-0.054870822402415254,0.13932980599647266,0.800705467372134
SPY,ret_long,val,374,-0.030694921833083533,0.04007277029159146,-0.7580442400273005,-0.0720589164613944,0.12834224598930483,0.839572192513369
SPY,ret_long,oos,312,-0.047707288908090395,0.030332618707092585,-1.5962787378430463,-0.06926223303039669,0.13141025641025642,0.8333333333333334
SPY,ret_long,post_pub,645,-0.04458118758408669,0.03569203841450846,-1.259868929876417,-0.12478667256307086,0.12558139534883722,0.827906976744186
SPY,vol_cap1,dev,1134,0.03228001867398356,0.0669089884614876,0.5081622758295159,-0.05936273214538845,0.24162257495590828,0.800705467372134
SPY,vol_cap1,val,374,-0.04618248112957124,0.05897769969728323,-0.7723312971912484,-0.09915795292986673,0.232620320855615,0.839572192513369
SPY,vol_cap1,oos,312,-0.11185003441544417,0.04976641903109947,-2.3581035072364114,-0.14375985306317118,0.21794871794871795,0.8333333333333334
SPY,vol_cap1,post_pub,645,-0.077807076833882,0.05498196739920376,-1.4456223003933526,-0.20350589564790145,0.22635658914728682,0.827906976744186
SPY,vol_cap2,dev,1134,0.06152300770677255,0.11119749363161184,0.5921153836248149,-0.11424821514408356,0.24162257495590828,0.800705467372134
SPY,vol_cap2,val,374,-0.10121828659323961,0.10458524643308156,-0.9681075753430955,-0.17900697198203608,0.232620320855615,0.839572192513369
SPY,vol_cap2,oos,312,-0.2086444897680576,0.09841528358583379,-2.327767590901802,-0.26386688310437667,0.21794871794871795,0.8333333333333334
SPY,vol_cap2,post_pub,645,-0.15405049056363718,0.10127858789985796,-1.600854887274078,-0.374052070555146,0.22635658914728682,0.827906976744186
SPY,vol_cap4,dev,1134,0.07987245185670155,0.1391458445943925,0.6211444322494094,-0.15384766079180157,0.24162257495590828,0.800705467372134
SPY,vol_cap4,val,374,-0.06276779943019561,0.1431821765838165,-0.38187043587285885,-0.14637541675012433,0.232620320855615,0.839572192513369
SPY,vol_cap4,oos,312,-0.28566901136939227,0.1474977848839702,-2.2067419240832304,-0.35683152656765094,0.21794871794871795,0.8333333333333334
SPY,vol_cap4,post_pub,645,-0.1777175320004475,0.14316816235002092,-1.2955024759926153,-0.4259011118554932,0.22635658914728682,0.827906976744186
SPY,bh,dev,1134,0.11345517635345459,0.22004964616892617,0.5990273377960552,-0.34228962659835815,0.5458553791887125,0.800705467372134
SPY,bh,val,374,0.19327139854431152,0.17283198780940962,1.1084655596219406,-0.18952536582946777,0.5802139037433155,0.839572192513369
SPY,bh,oos,312,0.19617950916290283,0.12217230337056359,1.5276567646822652,-0.09132462739944458,0.5384615384615384,0.8333333333333334
SPY,bh,post_pub,645,0.17721843719482422,0.15384854865200762,1.1373501544170899,-0.18952512741088867,0.5596899224806201,0.827906976744186
QQQ,gross,dev,1134,0.12088361789310098,0.08570757727648574,1.374421555110896,-0.057916332016837324,0.2795414462081129,0.8245149911816578
QQQ,gross,val,374,0.10586802135559048,0.094982092417806,1.1058721758796526,-0.03588725344180188,0.25133689839572193,0.7540106951871658
QQQ,gross,oos,312,0.016271785458447985,0.0671972769782731,0.2735261957227814,-0.0635514790183721,0.23717948717948717,0.7435897435897436
QQQ,gross,post_pub,645,0.0726025776847059,0.08489505199419349,0.8672547970871269,-0.08380487709384443,0.24806201550387597,0.7426356589147287
QQQ,ret1x_0.5bp,dev,1134,0.09783480047537285,0.08579502538438637,1.1308413679310318,-0.06178404786304337,0.27336860670194,0.8245149911816578
QQQ,ret1x_0.5bp,val,374,0.085063166193039,0.09494763285759286,0.9061519608604383,-0.0382042655467445,0.24331550802139038,0.7540106951871658
QQQ,ret1x_0.5bp,oos,312,-0.0026051546161945938,0.06736114642064545,-0.005318288400665598,-0.07353383868961649,0.23076923076923078,0.7435897435897436
QQQ,ret1x_0.5bp,post_pub,645,0.052717818897283886,0.08491706323845376,0.6466453312460795,-0.09638157621030952,0.24031007751937986,0.7426356589147287
QQQ,ret_long_0.5bp,dev,1134,0.06148693027027585,0.056159675950569955,1.0906355153986829,-0.05055765298368431,0.16049382716049382,0.8245149911816578
QQQ,ret_long_0.5bp,val,374,0.04986364066644411,0.07670321374880928,0.6714000562400747,-0.04945381804535587,0.1497326203208556,0.7540106951871658
QQQ,ret_long_0.5bp,oos,312,0.009893026242104863,0.039590846838165966,0.2683596599185637,-0.042160362435354815,0.1346153846153846,0.7435897435897436
QQQ,ret_long_0.5bp,post_pub,645,0.025372875437526643,0.06354186212093241,0.42514703315188956,-0.049453818045356535,0.14263565891472868,0.7426356589147287
QQQ,ret1x,dev,1134,0.04008464027501191,0.08611945955757905,0.49928717465285943,-0.07176890157813742,0.24426807760141092,0.8245149911816578
QQQ,ret1x,val,374,0.032769141888606024,0.0949390649420043,0.38587069471013363,-0.059974688342713245,0.22727272727272727,0.7540106951871658
QQQ,ret1x,oos,312,-0.050073772785093174,0.06789574449334632,-0.7228471588300214,-0.09919532185591196,0.21474358974358973,0.7435897435897436
QQQ,ret1x,post_pub,645,0.002711665477332925,0.08506199402991511,0.07351972153370678,-0.12847704456287912,0.22325581395348837,0.7426356589147287
QQQ,ret_long,dev,1134,0.03102078672975095,0.05625844121238624,0.571109622530725,-0.07369061125374765,0.14109347442680775,0.8245149911816578
QQQ,ret_long,val,374,0.023201768815133583,0.07632938302365332,0.33730167382307774,-0.06455877666521126,0.13903743315508021,0.7540106951871658
QQQ,ret_long,oos,312,-0.01545369959295917,0.03979374840409999,-0.3715511707135004,-0.054356420650388926,0.125,0.7435897435897436
QQQ,ret_long,post_pub,645,-0.00042843679051474126,0.06333813934861944,0.023961927911224368,-0.06455877666521082,0.13178294573643412,0.7426356589147287
QQQ,vol_cap1,dev,1134,0.04151115055363408,0.07907235865285549,0.5537672914749975,-0.05856199847432764,0.24426807760141092,0.8245149911816578
QQQ,vol_cap1,val,374,0.027337297583400755,0.08807692277118144,0.34936503972510097,-0.06001260629519867,0.22727272727272727,0.7540106951871658
QQQ,vol_cap1,oos,312,-0.04778904547758156,0.06742230869828043,-0.6927781630283765,-0.09919532185591196,0.21474358974358973,0.7435897435897436
QQQ,vol_cap1,post_pub,645,0.0008126163717383506,0.08047330153875926,0.04970818197375645,-0.12512082056302753,0.22325581395348837,0.7426356589147287
QQQ,vol_cap2,dev,1134,0.05750449979737482,0.1173737254696847,0.5346482034812161,-0.10415221203208935,0.24426807760141092,0.8245149911816578
QQQ,vol_cap2,val,374,0.039670455751399825,0.12633289271610756,0.3701330759095963,-0.07671463808182422,0.22727272727272727,0.7540106951871658
QQQ,vol_cap2,oos,312,-0.08429565398408012,0.12065130238493214,-0.6702765400636153,-0.17947909338872337,0.21474358974358973,0.7435897435897436
QQQ,vol_cap2,post_pub,645,-0.004172354177267135,0.12436205621284331,0.027677622553175737,-0.22012743394612733,0.22325581395348837,0.7426356589147287
QQQ,vol_cap4,dev,1134,0.056535748420865506,0.13330655982957887,0.47856642275387745,-0.15464426499565198,0.24426807760141092,0.8245149911816578
QQQ,vol_cap4,val,374,0.05585040501314964,0.13710828870613848,0.4638521343657175,-0.08613772324180324,0.22727272727272727,0.7540106951871658
QQQ,vol_cap4,oos,312,-0.12248884754611211,0.15798082116454157,-0.7499529217524101,-0.22713656844294794,0.21474358974358973,0.7435897435897436
QQQ,vol_cap4,post_pub,645,-0.01609026591916274,0.14829646802235916,-0.03676102941722403,-0.27139056289135266,0.22325581395348837,0.7426356589147287
QQQ,bh,dev,1134,0.19061625003814697,0.26319180868887687,0.7952319240468151,-0.3563379645347595,0.5537918871252204,0.8245149911816578
QQQ,bh,val,374,0.22241580486297607,0.22540982267400902,1.002879371439668,-0.22855675220489502,0.5828877005347594,0.7540106951871658
QQQ,bh,oos,312,0.2739288806915283,0.184394705170564,1.4055442267940694,-0.12200599908828735,0.5576923076923077,0.7435897435897436
QQQ,bh,post_pub,645,0.22907936573028564,0.21021405884640493,1.08607505183309,-0.2285563349723816,0.5720930232558139,0.7426356589147287
IWM,gross,dev,1134,-0.07276459295283222,0.09851768000441573,-0.717533722493566,-0.3666068740691091,0.25925925925925924,0.9153439153439153
IWM,gross,val,374,-0.11009123025579137,0.08331294917014788,-1.3581994241113915,-0.1745737381272846,0.23529411764705882,0.8663101604278075
IWM,gross,oos,312,-0.014636304190246308,0.07392572272560854,-0.1626777366873092,-0.11692935080273748,0.22115384615384615,0.8525641025641025
IWM,gross,post_pub,645,-0.06842648803479756,0.08040341798282204,-0.8413778230924323,-0.19057873621601562,0.2310077519379845,0.8604651162790697
IWM,ret1x_0.5bp,dev,1134,-0.09393951042037885,0.09877866942486244,-0.9491565828691623,-0.4226820051325393,0.25220458553791886,0.9153439153439153
IWM,ret1x_0.5bp,val,374,-0.12933420347152957,0.08352914631382975,-1.6160420833170632,-0.1999671029598692,0.232620320855615,0.8663101604278075
IWM,ret1x_0.5bp,oos,312,-0.03560517506034944,0.07423259185820302,-0.45142819079525204,-0.1271378863431929,0.21474358974358973,0.8525641025641025
IWM,ret1x_0.5bp,post_pub,645,-0.08843569130450168,0.08067133778713384,-1.1073743930903044,-0.23095787216965735,0.22635658914728682,0.8604651162790697
IWM,ret_long_0.5bp,dev,1134,-0.05605208073535961,0.06713788369354773,-0.8255020310294525,-0.2729378060536851,0.13227513227513227,0.9153439153439153
IWM,ret_long_0.5bp,val,374,-0.08006456596990363,0.05835247522792157,-1.4007933823923255,-0.14802354457614098,0.11497326203208556,0.8663101604278075
IWM,ret_long_0.5bp,oos,312,-0.01177172473647603,0.05203479051340248,-0.20164404581832984,-0.07316038717291751,0.13141025641025642,0.8525641025641025
IWM,ret_long_0.5bp,post_pub,645,-0.05890269708911566,0.05600059099083503,-1.0559838765270557,-0.15656030193749115,0.11937984496124031,0.8604651162790697
IWM,ret1x,dev,1134,-0.1467746606658772,0.09954190166193953,-1.5443723205840447,-0.55004580734401,0.23192239858906524,0.9153439153439153
IWM,ret1x,val,374,-0.17745555459484963,0.08419361761947788,-2.277455973023389,-0.26241172250285605,0.21122994652406418,0.8663101604278075
IWM,ret1x,oos,312,-0.0880760221890029,0.07515044050145836,-1.1892236964180751,-0.1531393151532361,0.1987179487179487,0.8525641025641025
IWM,ret1x,post_pub,645,-0.1384863834828839,0.08147163999795293,-1.7884879713244517,-0.3279152430269614,0.20775193798449612,0.8604651162790697
IWM,ret_long,dev,1134,-0.08340016508970183,0.06771771387725657,-1.2518669873116564,-0.3570553163616771,0.12169312169312169,0.9153439153439153
IWM,ret_long,val,374,-0.10537535252492247,0.05891275725923718,-1.8602850316701078,-0.17382458982325966,0.10160427807486631,0.8663101604278075
IWM,ret_long,oos,312,-0.039628808089202994,0.05261087696053246,-0.7422895784787632,-0.09299076628362035,0.11858974358974358,0.8525641025641025
IWM,ret_long,post_pub,645,-0.0848672623588912,0.05659361016437053,-1.5385236006388423,-0.21300943599620792,0.10697674418604651,0.8604651162790697
IWM,vol_cap1,dev,1134,-0.115859557535541,0.09089883022677964,-1.3090009040944615,-0.4718866986173642,0.23192239858906524,0.9153439153439153
IWM,vol_cap1,val,374,-0.17207221974904652,0.08242959954573291,-2.248882899417726,-0.2552360303448823,0.21122994652406418,0.8663101604278075
IWM,vol_cap1,oos,312,-0.0880760221890029,0.07515044050145836,-1.1892236964180751,-0.1531393151532361,0.1987179487179487,0.8525641025641025
IWM,vol_cap1,post_pub,645,-0.13522147978501087,0.08041191010098916,-1.7661046291017053,-0.321376807605414,0.20775193798449612,0.8604651162790697
IWM,vol_cap2,dev,1134,-0.14129950131839286,0.13154594964780622,-1.0922218459681678,-0.5587613796441186,0.23192239858906524,0.9153439153439153
IWM,vol_cap2,val,374,-0.251705329061398,0.1327031471957469,-2.1179605354944773,-0.36422213075613763,0.21122994652406418,0.8663101604278075
IWM,vol_cap2,oos,312,-0.13942765422154202,0.13149540658700892,-1.0762465744843854,-0.23949211267763737,0.1987179487179487,0.8525641025641025
IWM,vol_cap2,post_pub,645,-0.2023906770718219,0.13467002535574768,-1.6115106024850738,-0.45632579995881806,0.20775193798449612,0.8604651162790697
IWM,vol_cap4,dev,1134,-0.15054398002446467,0.14047535851614343,-1.0911831869926247,-0.5909728775727248,0.23192239858906524,0.9153439153439153
IWM,vol_cap4,val,374,-0.2428663775693397,0.1468735313506799,-1.8209084495486147,-0.35338729124789836,0.21122994652406418,0.8663101604278075
IWM,vol_cap4,oos,312,-0.13300322011053134,0.1441786714427194,-0.9181400101942482,-0.2491034159863028,0.1987179487179487,0.8525641025641025
IWM,vol_cap4,post_pub,645,-0.19404679314586282,0.14872030957059926,-1.376427979317231,-0.4455058574037568,0.20775193798449612,0.8604651162790697
IWM,bh,dev,1134,0.05841267108917236,0.2771625464511753,0.34452585159565535,-0.4112757444381714,0.5202821869488536,0.9153439153439153
IWM,bh,val,374,0.04991292953491211,0.22724719914480465,0.3274789175569837,-0.27863532304763794,0.5240641711229946,0.8663101604278075
IWM,bh,oos,312,0.24100422859191895,0.18567524623557066,1.2557707600215766,-0.11196780204772949,0.5480769230769231,0.8525641025641025
IWM,bh,post_pub,645,0.13557887077331543,0.20829862133741459,0.7143072284933577,-0.2786351442337036,0.537984496124031,0.8604651162790697
DIA,gross,dev,1134,-0.003030115865686689,0.07492016225066056,-0.0031909648921465816,-0.1622403375813659,0.24250440917107582,0.8350970017636684
DIA,gross,val,374,-0.012229701446503483,0.05195686787138693,-0.21102016325151668,-0.06689356262834134,0.25133689839572193,0.8609625668449198
DIA,gross,oos,312,-0.03009441270198665,0.04315958685066853,-0.6864558578067237,-0.056312860959512046,0.22756410256410256,0.8589743589743589
DIA,gross,post_pub,645,-0.020832525439412164,0.049347056200064264,-0.4020404120224983,-0.07830944490555647,0.2372093023255814,0.862015503875969
DIA,ret1x_0.5bp,dev,1134,-0.023806713333414775,0.07510452281837425,-0.28338522439414565,-0.19570667046717782,0.23985890652557318,0.8350970017636684
DIA,ret1x_0.5bp,val,374,-0.03343916729336771,0.05209993916690296,-0.6268760376115231,-0.07883354443890056,0.24064171122994651,0.8609625668449198
DIA,ret1x_0.5bp,oos,312,-0.050882508013005645,0.04353459843483059,-1.1777599174841873,-0.08016908511473686,0.21474358974358973,0.8589743589743589
DIA,ret1x_0.5bp,post_pub,645,-0.04188796281972251,0.04959348566996083,-0.8380596956027281,-0.11829514271727981,0.22790697674418606,0.862015503875969
DIA,ret_long_0.5bp,dev,1134,-0.006420193378358419,0.04776196008653217,-0.11114371436861906,-0.1291529039126036,0.12874779541446207,0.8350970017636684
DIA,ret_long_0.5bp,val,374,-0.004567757249210769,0.03488927106929902,-0.11386482588665708,-0.03951289599301255,0.13903743315508021,0.8609625668449198
DIA,ret_long_0.5bp,oos,312,-0.018864391046970574,0.030857941843550736,-0.6017779665045135,-0.03973562998306601,0.125,0.8589743589743589
DIA,ret_long_0.5bp,post_pub,645,-0.013851968515876223,0.033854119651040016,-0.39514463243813885,-0.04376899280085733,0.12868217054263567,0.862015503875969
DIA,ret1x,dev,1134,-0.07583755178016738,0.07569517504589367,-1.0040146886690977,-0.33236921963424515,0.22310405643738976,0.8350970017636684
DIA,ret1x,val,374,-0.08649214020451002,0.05262339809887124,-1.6926020367798946,-0.12617462356204634,0.22459893048128343,0.8609625668449198
DIA,ret1x,oos,312,-0.1028866679940772,0.04471231346431099,-2.405451579824012,-0.1406254690958505,0.1955128205128205,0.8589743589743589
DIA,ret1x,post_pub,645,-0.09455356261538272,0.05040859356956007,-1.9449373683300477,-0.22628764249225664,0.2124031007751938,0.862015503875969
DIA,ret_long,dev,1134,-0.033503752994409886,0.04810328302904845,-0.6844900670799813,-0.1934655648206013,0.11992945326278659,0.8350970017636684
DIA,ret_long,val,374,-0.032772454358703795,0.035175711307476355,-0.929714133622453,-0.059039845281312675,0.12834224598930483,0.8609625668449198
DIA,ret_long,oos,312,-0.0477155394886134,0.03158300953564471,-1.5321411798490507,-0.06950618951858634,0.10897435897435898,0.8589743589743589
DIA,ret_long,post_pub,645,-0.042012408437017146,0.034362164033295735,-1.231819139779185,-0.10655184512595961,0.11782945736434108,0.862015503875969
DIA,vol_cap1,dev,1134,-0.07303483245393672,0.06773786633431246,-1.0856621362502736,-0.3174078928143549,0.22310405643738976,0.8350970017636684
DIA,vol_cap1,val,374,-0.0867385679926499,0.05203447561083437,-1.7175307711007726,-0.12652444364908932,0.22459893048128343,0.8609625668449198
DIA,vol_cap1,oos,312,-0.1028866679940772,0.04471231346431099,-2.405451579824012,-0.1406254690958505,0.1955128205128205,0.8589743589743589
DIA,vol_cap1,post_pub,645,-0.09469519959487971,0.05005312402103984,-1.9622293545011769,-0.2265973841540906,0.2124031007751938,0.862015503875969
DIA,vol_cap2,dev,1134,-0.13580734574918918,0.11643726815557719,-1.1950707178981481,-0.4925791062771919,0.22310405643738976,0.8350970017636684
DIA,vol_cap2,val,374,-0.1755139766457079,0.09539788544935669,-1.9748324175595888,-0.2499641458533859,0.22459893048128343,0.8609625668449198
DIA,vol_cap2,oos,312,-0.1937911006970896,0.08911770642053955,-2.37171813957752,-0.2598175172521602,0.1955128205128205,0.8589743589743589
DIA,vol_cap2,post_pub,645,-0.18517575958636812,0.094827004903833,-2.111397244928138,-0.41023717499035917,0.2124031007751938,0.862015503875969
DIA,vol_cap4,dev,1134,-0.180237033566094,0.15390835792069332,-1.213735242192953,-0.6009507692020659,0.22310405643738976,0.8350970017636684
DIA,vol_cap4,val,374,-0.24510246703969452,0.14383632948233596,-1.8821202392785228,-0.3434750149776067,0.22459893048128343,0.8609625668449198
DIA,vol_cap4,oos,312,-0.28282394560296953,0.12877426049359503,-2.5155520130493043,-0.3671355281246791,0.1955128205128205,0.8589743589743589
DIA,vol_cap4,post_pub,645,-0.26120564480446584,0.13992818236796492,-2.0923885940228835,-0.5406592219063198,0.2124031007751938,0.862015503875969
DIA,bh,dev,1134,0.08074820041656494,0.21563495442040173,0.4686129493587014,-0.3714662194252014,0.544973544973545,0.8350970017636684
DIA,bh,val,374,0.11101293563842773,0.1524397095397559,0.7664411799089499,-0.1647302508354187,0.5401069518716578,0.8609625668449198
DIA,bh,oos,312,0.13863039016723633,0.1223013997693356,1.122683313260405,-0.1007310152053833,0.5384615384615384,0.8589743589743589
DIA,bh,post_pub,645,0.11694896221160889,0.14219928407161236,0.8487350187626225,-0.16473019123077393,0.5348837209302325,0.862015503875969
